lang,kind,number,gender,case,v1,v2,change
sk,cardinal,1,masculine,accusative,jedného,jeden,masc. accusative: inanimate by default (animacy= gives the old form)
sk,cardinal,3,masculine,accusative,troch,tri,masc. accusative: inanimate by default (animacy= gives the old form)
sk,cardinal,4,masculine,accusative,štyroch,štyri,masc. accusative: inanimate by default (animacy= gives the old form)
sk,cardinal,21,masculine,genitive,dvadsiatehojedného,dvadsaťjeden,"-jeden compounds: invariable, 'jeden' for every gender"
sk,cardinal,21,masculine,dative,dvadsiatemujednému,dvadsaťjeden,"-jeden compounds: invariable, 'jeden' for every gender"
sk,cardinal,21,masculine,accusative,dvadsaťjedného,dvadsaťjeden,"-jeden compounds: invariable, 'jeden' for every gender"
sk,cardinal,21,masculine,instrumental,dvadsiatymjedným,dvadsaťjeden,"-jeden compounds: invariable, 'jeden' for every gender"
sk,cardinal,21,masculine,locative,dvadsiatomjednom,dvadsaťjeden,"-jeden compounds: invariable, 'jeden' for every gender"
sk,cardinal,21,feminine,nominative,dvadsaťjedna,dvadsaťjeden,"-jeden compounds: invariable, 'jeden' for every gender"
sk,cardinal,21,feminine,genitive,dvadsiatehojednej,dvadsaťjeden,"-jeden compounds: invariable, 'jeden' for every gender"
sk,cardinal,21,feminine,dative,dvadsiatemujednej,dvadsaťjeden,"-jeden compounds: invariable, 'jeden' for every gender"
sk,cardinal,21,feminine,accusative,dvadsaťjednu,dvadsaťjeden,"-jeden compounds: invariable, 'jeden' for every gender"
sk,cardinal,21,feminine,instrumental,dvadsiatymjednou,dvadsaťjeden,"-jeden compounds: invariable, 'jeden' for every gender"
sk,cardinal,21,feminine,locative,dvadsiatomjednej,dvadsaťjeden,"-jeden compounds: invariable, 'jeden' for every gender"
sk,cardinal,21,neuter,nominative,dvadsaťjedno,dvadsaťjeden,"-jeden compounds: invariable, 'jeden' for every gender"
sk,cardinal,21,neuter,genitive,dvadsiatehojedného,dvadsaťjeden,"-jeden compounds: invariable, 'jeden' for every gender"
sk,cardinal,21,neuter,dative,dvadsiatemujednému,dvadsaťjeden,"-jeden compounds: invariable, 'jeden' for every gender"
sk,cardinal,21,neuter,accusative,dvadsaťjedno,dvadsaťjeden,"-jeden compounds: invariable, 'jeden' for every gender"
sk,cardinal,21,neuter,instrumental,dvadsiatymjedným,dvadsaťjeden,"-jeden compounds: invariable, 'jeden' for every gender"
sk,cardinal,21,neuter,locative,dvadsiatomjednom,dvadsaťjeden,"-jeden compounds: invariable, 'jeden' for every gender"
sk,cardinal,29,masculine,genitive,dvadsiatehodeviateho,dvadsiatich deviatich,22–99 decline both parts as cardinals: dvadsiatich dvoch (v1 used ordinal forms)
sk,cardinal,29,masculine,dative,dvadsiatemudeviatemu,dvadsiatim deviatim,22–99 decline both parts as cardinals: dvadsiatich dvoch (v1 used ordinal forms)
sk,cardinal,29,masculine,instrumental,dvadsiatymdeviatym,dvadsiatimi deviatimi,22–99 decline both parts as cardinals: dvadsiatich dvoch (v1 used ordinal forms)
sk,cardinal,29,masculine,locative,dvadsiatomdeviatom,dvadsiatich deviatich,22–99 decline both parts as cardinals: dvadsiatich dvoch (v1 used ordinal forms)
sk,cardinal,29,feminine,genitive,dvadsiatehodeviatej,dvadsiatich deviatich,22–99 decline both parts as cardinals: dvadsiatich dvoch (v1 used ordinal forms)
sk,cardinal,29,feminine,dative,dvadsiatemudeviatej,dvadsiatim deviatim,22–99 decline both parts as cardinals: dvadsiatich dvoch (v1 used ordinal forms)
sk,cardinal,29,feminine,instrumental,dvadsiatymdeviatou,dvadsiatimi deviatimi,22–99 decline both parts as cardinals: dvadsiatich dvoch (v1 used ordinal forms)
sk,cardinal,29,feminine,locative,dvadsiatomdeviatej,dvadsiatich deviatich,22–99 decline both parts as cardinals: dvadsiatich dvoch (v1 used ordinal forms)
sk,cardinal,29,neuter,genitive,dvadsiatehodeviateho,dvadsiatich deviatich,22–99 decline both parts as cardinals: dvadsiatich dvoch (v1 used ordinal forms)
sk,cardinal,29,neuter,dative,dvadsiatemudeviatemu,dvadsiatim deviatim,22–99 decline both parts as cardinals: dvadsiatich dvoch (v1 used ordinal forms)
sk,cardinal,29,neuter,instrumental,dvadsiatymdeviatym,dvadsiatimi deviatimi,22–99 decline both parts as cardinals: dvadsiatich dvoch (v1 used ordinal forms)
sk,cardinal,29,neuter,locative,dvadsiatomdeviatom,dvadsiatich deviatich,22–99 decline both parts as cardinals: dvadsiatich dvoch (v1 used ordinal forms)
sk,cardinal,45,masculine,genitive,štyridsiatehopiateho,štyridsiatich piatich,22–99 decline both parts as cardinals: dvadsiatich dvoch (v1 used ordinal forms)
sk,cardinal,45,masculine,dative,štyridsiatemupiatemu,štyridsiatim piatim,22–99 decline both parts as cardinals: dvadsiatich dvoch (v1 used ordinal forms)
sk,cardinal,45,masculine,instrumental,štyridsiatympiatym,štyridsiatimi piatimi,22–99 decline both parts as cardinals: dvadsiatich dvoch (v1 used ordinal forms)
sk,cardinal,45,masculine,locative,štyridsiatompiatom,štyridsiatich piatich,22–99 decline both parts as cardinals: dvadsiatich dvoch (v1 used ordinal forms)
sk,cardinal,45,feminine,genitive,štyridsiatehopiatej,štyridsiatich piatich,22–99 decline both parts as cardinals: dvadsiatich dvoch (v1 used ordinal forms)
sk,cardinal,45,feminine,dative,štyridsiatemupiatej,štyridsiatim piatim,22–99 decline both parts as cardinals: dvadsiatich dvoch (v1 used ordinal forms)
sk,cardinal,45,feminine,instrumental,štyridsiatympiatou,štyridsiatimi piatimi,22–99 decline both parts as cardinals: dvadsiatich dvoch (v1 used ordinal forms)
sk,cardinal,45,feminine,locative,štyridsiatompiatej,štyridsiatich piatich,22–99 decline both parts as cardinals: dvadsiatich dvoch (v1 used ordinal forms)
sk,cardinal,45,neuter,genitive,štyridsiatehopiateho,štyridsiatich piatich,22–99 decline both parts as cardinals: dvadsiatich dvoch (v1 used ordinal forms)
sk,cardinal,45,neuter,dative,štyridsiatemupiatemu,štyridsiatim piatim,22–99 decline both parts as cardinals: dvadsiatich dvoch (v1 used ordinal forms)
sk,cardinal,45,neuter,instrumental,štyridsiatympiatym,štyridsiatimi piatimi,22–99 decline both parts as cardinals: dvadsiatich dvoch (v1 used ordinal forms)
sk,cardinal,45,neuter,locative,štyridsiatompiatom,štyridsiatich piatich,22–99 decline both parts as cardinals: dvadsiatich dvoch (v1 used ordinal forms)
sk,cardinal,55,masculine,genitive,päťdesiatehopiateho,päťdesiatich piatich,22–99 decline both parts as cardinals: dvadsiatich dvoch (v1 used ordinal forms)
sk,cardinal,55,masculine,dative,päťdesiatemupiatemu,päťdesiatim piatim,22–99 decline both parts as cardinals: dvadsiatich dvoch (v1 used ordinal forms)
sk,cardinal,55,masculine,instrumental,päťdesiatympiatym,päťdesiatimi piatimi,22–99 decline both parts as cardinals: dvadsiatich dvoch (v1 used ordinal forms)
sk,cardinal,55,masculine,locative,päťdesiatompiatom,päťdesiatich piatich,22–99 decline both parts as cardinals: dvadsiatich dvoch (v1 used ordinal forms)
sk,cardinal,55,feminine,genitive,päťdesiatehopiatej,päťdesiatich piatich,22–99 decline both parts as cardinals: dvadsiatich dvoch (v1 used ordinal forms)
sk,cardinal,55,feminine,dative,päťdesiatemupiatej,päťdesiatim piatim,22–99 decline both parts as cardinals: dvadsiatich dvoch (v1 used ordinal forms)
sk,cardinal,55,feminine,instrumental,päťdesiatympiatou,päťdesiatimi piatimi,22–99 decline both parts as cardinals: dvadsiatich dvoch (v1 used ordinal forms)
sk,cardinal,55,feminine,locative,päťdesiatompiatej,päťdesiatich piatich,22–99 decline both parts as cardinals: dvadsiatich dvoch (v1 used ordinal forms)
sk,cardinal,55,neuter,genitive,päťdesiatehopiateho,päťdesiatich piatich,22–99 decline both parts as cardinals: dvadsiatich dvoch (v1 used ordinal forms)
sk,cardinal,55,neuter,dative,päťdesiatemupiatemu,päťdesiatim piatim,22–99 decline both parts as cardinals: dvadsiatich dvoch (v1 used ordinal forms)
sk,cardinal,55,neuter,instrumental,päťdesiatympiatym,päťdesiatimi piatimi,22–99 decline both parts as cardinals: dvadsiatich dvoch (v1 used ordinal forms)
sk,cardinal,55,neuter,locative,päťdesiatompiatom,päťdesiatich piatich,22–99 decline both parts as cardinals: dvadsiatich dvoch (v1 used ordinal forms)
sk,cardinal,88,masculine,genitive,osemdesiatehoôsmeho,osemdesiatich ôsmich,22–99 decline both parts as cardinals: dvadsiatich dvoch (v1 used ordinal forms)
sk,cardinal,88,masculine,dative,osemdesiatemuôsmemu,osemdesiatim ôsmim,22–99 decline both parts as cardinals: dvadsiatich dvoch (v1 used ordinal forms)
sk,cardinal,88,masculine,instrumental,osemdesiatymôsmym,osemdesiatimi ôsmimi,22–99 decline both parts as cardinals: dvadsiatich dvoch (v1 used ordinal forms)
sk,cardinal,88,masculine,locative,osemdesiatomôsmom,osemdesiatich ôsmich,22–99 decline both parts as cardinals: dvadsiatich dvoch (v1 used ordinal forms)
sk,cardinal,88,feminine,genitive,osemdesiatehoôsmej,osemdesiatich ôsmich,22–99 decline both parts as cardinals: dvadsiatich dvoch (v1 used ordinal forms)
sk,cardinal,88,feminine,dative,osemdesiatemuôsmej,osemdesiatim ôsmim,22–99 decline both parts as cardinals: dvadsiatich dvoch (v1 used ordinal forms)
sk,cardinal,88,feminine,instrumental,osemdesiatymôsmou,osemdesiatimi ôsmimi,22–99 decline both parts as cardinals: dvadsiatich dvoch (v1 used ordinal forms)
sk,cardinal,88,feminine,locative,osemdesiatomôsmej,osemdesiatich ôsmich,22–99 decline both parts as cardinals: dvadsiatich dvoch (v1 used ordinal forms)
sk,cardinal,88,neuter,genitive,osemdesiatehoôsmeho,osemdesiatich ôsmich,22–99 decline both parts as cardinals: dvadsiatich dvoch (v1 used ordinal forms)
sk,cardinal,88,neuter,dative,osemdesiatemuôsmemu,osemdesiatim ôsmim,22–99 decline both parts as cardinals: dvadsiatich dvoch (v1 used ordinal forms)
sk,cardinal,88,neuter,instrumental,osemdesiatymôsmym,osemdesiatimi ôsmimi,22–99 decline both parts as cardinals: dvadsiatich dvoch (v1 used ordinal forms)
sk,cardinal,88,neuter,locative,osemdesiatomôsmom,osemdesiatich ôsmich,22–99 decline both parts as cardinals: dvadsiatich dvoch (v1 used ordinal forms)
sk,cardinal,99,masculine,genitive,deväťdesiatehodeviateho,deväťdesiatich deviatich,22–99 decline both parts as cardinals: dvadsiatich dvoch (v1 used ordinal forms)
sk,cardinal,99,masculine,dative,deväťdesiatemudeviatemu,deväťdesiatim deviatim,22–99 decline both parts as cardinals: dvadsiatich dvoch (v1 used ordinal forms)
sk,cardinal,99,masculine,instrumental,deväťdesiatymdeviatym,deväťdesiatimi deviatimi,22–99 decline both parts as cardinals: dvadsiatich dvoch (v1 used ordinal forms)
sk,cardinal,99,masculine,locative,deväťdesiatomdeviatom,deväťdesiatich deviatich,22–99 decline both parts as cardinals: dvadsiatich dvoch (v1 used ordinal forms)
sk,cardinal,99,feminine,genitive,deväťdesiatehodeviatej,deväťdesiatich deviatich,22–99 decline both parts as cardinals: dvadsiatich dvoch (v1 used ordinal forms)
sk,cardinal,99,feminine,dative,deväťdesiatemudeviatej,deväťdesiatim deviatim,22–99 decline both parts as cardinals: dvadsiatich dvoch (v1 used ordinal forms)
sk,cardinal,99,feminine,instrumental,deväťdesiatymdeviatou,deväťdesiatimi deviatimi,22–99 decline both parts as cardinals: dvadsiatich dvoch (v1 used ordinal forms)
sk,cardinal,99,feminine,locative,deväťdesiatomdeviatej,deväťdesiatich deviatich,22–99 decline both parts as cardinals: dvadsiatich dvoch (v1 used ordinal forms)
sk,cardinal,99,neuter,genitive,deväťdesiatehodeviateho,deväťdesiatich deviatich,22–99 decline both parts as cardinals: dvadsiatich dvoch (v1 used ordinal forms)
sk,cardinal,99,neuter,dative,deväťdesiatemudeviatemu,deväťdesiatim deviatim,22–99 decline both parts as cardinals: dvadsiatich dvoch (v1 used ordinal forms)
sk,cardinal,99,neuter,instrumental,deväťdesiatymdeviatym,deväťdesiatimi deviatimi,22–99 decline both parts as cardinals: dvadsiatich dvoch (v1 used ordinal forms)
sk,cardinal,99,neuter,locative,deväťdesiatomdeviatom,deväťdesiatich deviatich,22–99 decline both parts as cardinals: dvadsiatich dvoch (v1 used ordinal forms)
sk,cardinal,100,masculine,genitive,stého,sto,"sto, dvesto… are invariable (stého/stá are ordinals)"
sk,cardinal,100,masculine,dative,stému,sto,"sto, dvesto… are invariable (stého/stá are ordinals)"
sk,cardinal,100,masculine,instrumental,stým,sto,"sto, dvesto… are invariable (stého/stá are ordinals)"
sk,cardinal,100,masculine,locative,stom,sto,"sto, dvesto… are invariable (stého/stá are ordinals)"
sk,cardinal,100,feminine,nominative,stá,sto,"sto, dvesto… are invariable (stého/stá are ordinals)"
sk,cardinal,100,feminine,genitive,stej,sto,"sto, dvesto… are invariable (stého/stá are ordinals)"
sk,cardinal,100,feminine,dative,stej,sto,"sto, dvesto… are invariable (stého/stá are ordinals)"
sk,cardinal,100,feminine,accusative,stú,sto,"sto, dvesto… are invariable (stého/stá are ordinals)"
sk,cardinal,100,feminine,instrumental,stou,sto,"sto, dvesto… are invariable (stého/stá are ordinals)"
sk,cardinal,100,feminine,locative,stej,sto,"sto, dvesto… are invariable (stého/stá are ordinals)"
sk,cardinal,100,neuter,nominative,sté,sto,"sto, dvesto… are invariable (stého/stá are ordinals)"
sk,cardinal,100,neuter,genitive,stého,sto,"sto, dvesto… are invariable (stého/stá are ordinals)"
sk,cardinal,100,neuter,dative,stému,sto,"sto, dvesto… are invariable (stého/stá are ordinals)"
sk,cardinal,100,neuter,accusative,sté,sto,"sto, dvesto… are invariable (stého/stá are ordinals)"
sk,cardinal,100,neuter,instrumental,stým,sto,"sto, dvesto… are invariable (stého/stá are ordinals)"
sk,cardinal,100,neuter,locative,stom,sto,"sto, dvesto… are invariable (stého/stá are ordinals)"
sk,cardinal,101,masculine,genitive,stojedného,stojeden,"-jeden compounds: invariable, 'jeden' for every gender"
sk,cardinal,101,masculine,dative,stojednému,stojeden,"-jeden compounds: invariable, 'jeden' for every gender"
sk,cardinal,101,masculine,accusative,stojedného,stojeden,"-jeden compounds: invariable, 'jeden' for every gender"
sk,cardinal,101,masculine,instrumental,stojedným,stojeden,"-jeden compounds: invariable, 'jeden' for every gender"
sk,cardinal,101,masculine,locative,stojednom,stojeden,"-jeden compounds: invariable, 'jeden' for every gender"
sk,cardinal,101,feminine,nominative,stájedna,stojeden,"-jeden compounds: invariable, 'jeden' for every gender"
sk,cardinal,101,feminine,genitive,stájednej,stojeden,"-jeden compounds: invariable, 'jeden' for every gender"
sk,cardinal,101,feminine,dative,stájednej,stojeden,"-jeden compounds: invariable, 'jeden' for every gender"
sk,cardinal,101,feminine,accusative,stájednu,stojeden,"-jeden compounds: invariable, 'jeden' for every gender"
sk,cardinal,101,feminine,instrumental,stájednou,stojeden,"-jeden compounds: invariable, 'jeden' for every gender"
sk,cardinal,101,feminine,locative,stájednej,stojeden,"-jeden compounds: invariable, 'jeden' for every gender"
sk,cardinal,101,neuter,nominative,stéjedno,stojeden,"-jeden compounds: invariable, 'jeden' for every gender"
sk,cardinal,101,neuter,genitive,stéjedného,stojeden,"-jeden compounds: invariable, 'jeden' for every gender"
sk,cardinal,101,neuter,dative,stéjednému,stojeden,"-jeden compounds: invariable, 'jeden' for every gender"
sk,cardinal,101,neuter,accusative,stéjedno,stojeden,"-jeden compounds: invariable, 'jeden' for every gender"
sk,cardinal,101,neuter,instrumental,stéjedným,stojeden,"-jeden compounds: invariable, 'jeden' for every gender"
sk,cardinal,101,neuter,locative,stéjednom,stojeden,"-jeden compounds: invariable, 'jeden' for every gender"
sk,cardinal,112,feminine,nominative,stádvanásť,stodvanásť,"sto, dvesto… are invariable (stého/stá are ordinals)"
sk,cardinal,112,feminine,genitive,stádvanástich,stodvanástich,"sto, dvesto… are invariable (stého/stá are ordinals)"
sk,cardinal,112,feminine,dative,stádvanástim,stodvanástim,"sto, dvesto… are invariable (stého/stá are ordinals)"
sk,cardinal,112,feminine,accusative,stádvanásť,stodvanásť,"sto, dvesto… are invariable (stého/stá are ordinals)"
sk,cardinal,112,feminine,instrumental,stádvanástimi,stodvanástimi,"sto, dvesto… are invariable (stého/stá are ordinals)"
sk,cardinal,112,feminine,locative,stádvanástich,stodvanástich,"sto, dvesto… are invariable (stého/stá are ordinals)"
sk,cardinal,112,neuter,nominative,stédvanásť,stodvanásť,"sto, dvesto… are invariable (stého/stá are ordinals)"
sk,cardinal,112,neuter,genitive,stédvanástich,stodvanástich,"sto, dvesto… are invariable (stého/stá are ordinals)"
sk,cardinal,112,neuter,dative,stédvanástim,stodvanástim,"sto, dvesto… are invariable (stého/stá are ordinals)"
sk,cardinal,112,neuter,accusative,stédvanásť,stodvanásť,"sto, dvesto… are invariable (stého/stá are ordinals)"
sk,cardinal,112,neuter,instrumental,stédvanástimi,stodvanástimi,"sto, dvesto… are invariable (stého/stá are ordinals)"
sk,cardinal,112,neuter,locative,stédvanástich,stodvanástich,"sto, dvesto… are invariable (stého/stá are ordinals)"
sk,cardinal,120,feminine,nominative,stádvadsať,stodvadsať,"sto, dvesto… are invariable (stého/stá are ordinals)"
sk,cardinal,120,feminine,genitive,stádvadsiatich,stodvadsiatich,"sto, dvesto… are invariable (stého/stá are ordinals)"
sk,cardinal,120,feminine,dative,stádvadsiatim,stodvadsiatim,"sto, dvesto… are invariable (stého/stá are ordinals)"
sk,cardinal,120,feminine,accusative,stádvadsať,stodvadsať,"sto, dvesto… are invariable (stého/stá are ordinals)"
sk,cardinal,120,feminine,instrumental,stádvadsiatimi,stodvadsiatimi,"sto, dvesto… are invariable (stého/stá are ordinals)"
sk,cardinal,120,feminine,locative,stádvadsiatich,stodvadsiatich,"sto, dvesto… are invariable (stého/stá are ordinals)"
sk,cardinal,120,neuter,nominative,stédvadsať,stodvadsať,"sto, dvesto… are invariable (stého/stá are ordinals)"
sk,cardinal,120,neuter,genitive,stédvadsiatich,stodvadsiatich,"sto, dvesto… are invariable (stého/stá are ordinals)"
sk,cardinal,120,neuter,dative,stédvadsiatim,stodvadsiatim,"sto, dvesto… are invariable (stého/stá are ordinals)"
sk,cardinal,120,neuter,accusative,stédvadsať,stodvadsať,"sto, dvesto… are invariable (stého/stá are ordinals)"
sk,cardinal,120,neuter,instrumental,stédvadsiatimi,stodvadsiatimi,"sto, dvesto… are invariable (stého/stá are ordinals)"
sk,cardinal,120,neuter,locative,stédvadsiatich,stodvadsiatich,"sto, dvesto… are invariable (stého/stá are ordinals)"
sk,cardinal,121,masculine,genitive,stodvadsiatehojedného,stodvadsaťjeden,"-jeden compounds: invariable, 'jeden' for every gender"
sk,cardinal,121,masculine,dative,stodvadsiatemujednému,stodvadsaťjeden,"-jeden compounds: invariable, 'jeden' for every gender"
sk,cardinal,121,masculine,accusative,stodvadsaťjedného,stodvadsaťjeden,"-jeden compounds: invariable, 'jeden' for every gender"
sk,cardinal,121,masculine,instrumental,stodvadsiatymjedným,stodvadsaťjeden,"-jeden compounds: invariable, 'jeden' for every gender"
sk,cardinal,121,masculine,locative,stodvadsiatomjednom,stodvadsaťjeden,"-jeden compounds: invariable, 'jeden' for every gender"
sk,cardinal,121,feminine,nominative,stádvadsaťjedna,stodvadsaťjeden,"-jeden compounds: invariable, 'jeden' for every gender"
sk,cardinal,121,feminine,genitive,stádvadsiatehojednej,stodvadsaťjeden,"-jeden compounds: invariable, 'jeden' for every gender"
sk,cardinal,121,feminine,dative,stádvadsiatemujednej,stodvadsaťjeden,"-jeden compounds: invariable, 'jeden' for every gender"
sk,cardinal,121,feminine,accusative,stádvadsaťjednu,stodvadsaťjeden,"-jeden compounds: invariable, 'jeden' for every gender"
sk,cardinal,121,feminine,instrumental,stádvadsiatymjednou,stodvadsaťjeden,"-jeden compounds: invariable, 'jeden' for every gender"
sk,cardinal,121,feminine,locative,stádvadsiatomjednej,stodvadsaťjeden,"-jeden compounds: invariable, 'jeden' for every gender"
sk,cardinal,121,neuter,nominative,stédvadsaťjedno,stodvadsaťjeden,"-jeden compounds: invariable, 'jeden' for every gender"
sk,cardinal,121,neuter,genitive,stédvadsiatehojedného,stodvadsaťjeden,"-jeden compounds: invariable, 'jeden' for every gender"
sk,cardinal,121,neuter,dative,stédvadsiatemujednému,stodvadsaťjeden,"-jeden compounds: invariable, 'jeden' for every gender"
sk,cardinal,121,neuter,accusative,stédvadsaťjedno,stodvadsaťjeden,"-jeden compounds: invariable, 'jeden' for every gender"
sk,cardinal,121,neuter,instrumental,stédvadsiatymjedným,stodvadsaťjeden,"-jeden compounds: invariable, 'jeden' for every gender"
sk,cardinal,121,neuter,locative,stédvadsiatomjednom,stodvadsaťjeden,"-jeden compounds: invariable, 'jeden' for every gender"
sk,cardinal,150,feminine,nominative,stápäťdesiat,stopäťdesiat,"sto, dvesto… are invariable (stého/stá are ordinals)"
sk,cardinal,150,feminine,genitive,stápäťdesiatich,stopäťdesiatich,"sto, dvesto… are invariable (stého/stá are ordinals)"
sk,cardinal,150,feminine,dative,stápäťdesiatim,stopäťdesiatim,"sto, dvesto… are invariable (stého/stá are ordinals)"
sk,cardinal,150,feminine,accusative,stápäťdesiat,stopäťdesiat,"sto, dvesto… are invariable (stého/stá are ordinals)"
sk,cardinal,150,feminine,instrumental,stápäťdesiatimi,stopäťdesiatimi,"sto, dvesto… are invariable (stého/stá are ordinals)"
sk,cardinal,150,feminine,locative,stápäťdesiatich,stopäťdesiatich,"sto, dvesto… are invariable (stého/stá are ordinals)"
sk,cardinal,150,neuter,nominative,stépäťdesiat,stopäťdesiat,"sto, dvesto… are invariable (stého/stá are ordinals)"
sk,cardinal,150,neuter,genitive,stépäťdesiatich,stopäťdesiatich,"sto, dvesto… are invariable (stého/stá are ordinals)"
sk,cardinal,150,neuter,dative,stépäťdesiatim,stopäťdesiatim,"sto, dvesto… are invariable (stého/stá are ordinals)"
sk,cardinal,150,neuter,accusative,stépäťdesiat,stopäťdesiat,"sto, dvesto… are invariable (stého/stá are ordinals)"
sk,cardinal,150,neuter,instrumental,stépäťdesiatimi,stopäťdesiatimi,"sto, dvesto… are invariable (stého/stá are ordinals)"
sk,cardinal,150,neuter,locative,stépäťdesiatich,stopäťdesiatich,"sto, dvesto… are invariable (stého/stá are ordinals)"
sk,cardinal,151,masculine,genitive,stopäťdesiatehojedného,stopäťdesiatjeden,"-jeden compounds: invariable, 'jeden' for every gender"
sk,cardinal,151,masculine,dative,stopäťdesiatemujednému,stopäťdesiatjeden,"-jeden compounds: invariable, 'jeden' for every gender"
sk,cardinal,151,masculine,accusative,stopäťdesiatjedného,stopäťdesiatjeden,"-jeden compounds: invariable, 'jeden' for every gender"
sk,cardinal,151,masculine,instrumental,stopäťdesiatymjedným,stopäťdesiatjeden,"-jeden compounds: invariable, 'jeden' for every gender"
sk,cardinal,151,masculine,locative,stopäťdesiatomjednom,stopäťdesiatjeden,"-jeden compounds: invariable, 'jeden' for every gender"
sk,cardinal,151,feminine,nominative,stápäťdesiatjedna,stopäťdesiatjeden,"-jeden compounds: invariable, 'jeden' for every gender"
sk,cardinal,151,feminine,genitive,stápäťdesiatehojednej,stopäťdesiatjeden,"-jeden compounds: invariable, 'jeden' for every gender"
sk,cardinal,151,feminine,dative,stápäťdesiatemujednej,stopäťdesiatjeden,"-jeden compounds: invariable, 'jeden' for every gender"
sk,cardinal,151,feminine,accusative,stápäťdesiatjednu,stopäťdesiatjeden,"-jeden compounds: invariable, 'jeden' for every gender"
sk,cardinal,151,feminine,instrumental,stápäťdesiatymjednou,stopäťdesiatjeden,"-jeden compounds: invariable, 'jeden' for every gender"
sk,cardinal,151,feminine,locative,stápäťdesiatomjednej,stopäťdesiatjeden,"-jeden compounds: invariable, 'jeden' for every gender"
sk,cardinal,151,neuter,nominative,stépäťdesiatjedno,stopäťdesiatjeden,"-jeden compounds: invariable, 'jeden' for every gender"
sk,cardinal,151,neuter,genitive,stépäťdesiatehojedného,stopäťdesiatjeden,"-jeden compounds: invariable, 'jeden' for every gender"
sk,cardinal,151,neuter,dative,stépäťdesiatemujednému,stopäťdesiatjeden,"-jeden compounds: invariable, 'jeden' for every gender"
sk,cardinal,151,neuter,accusative,stépäťdesiatjedno,stopäťdesiatjeden,"-jeden compounds: invariable, 'jeden' for every gender"
sk,cardinal,151,neuter,instrumental,stépäťdesiatymjedným,stopäťdesiatjeden,"-jeden compounds: invariable, 'jeden' for every gender"
sk,cardinal,151,neuter,locative,stépäťdesiatomjednom,stopäťdesiatjeden,"-jeden compounds: invariable, 'jeden' for every gender"
sk,cardinal,195,masculine,genitive,stodeväťdesiatehopiateho,stodeväťdesiatich piatich,22–99 decline both parts as cardinals: dvadsiatich dvoch (v1 used ordinal forms)
sk,cardinal,195,masculine,dative,stodeväťdesiatemupiatemu,stodeväťdesiatim piatim,22–99 decline both parts as cardinals: dvadsiatich dvoch (v1 used ordinal forms)
sk,cardinal,195,masculine,instrumental,stodeväťdesiatympiatym,stodeväťdesiatimi piatimi,22–99 decline both parts as cardinals: dvadsiatich dvoch (v1 used ordinal forms)
sk,cardinal,195,masculine,locative,stodeväťdesiatompiatom,stodeväťdesiatich piatich,22–99 decline both parts as cardinals: dvadsiatich dvoch (v1 used ordinal forms)
sk,cardinal,195,feminine,nominative,stádeväťdesiatpäť,stodeväťdesiatpäť,"sto, dvesto… are invariable (stého/stá are ordinals)"
sk,cardinal,195,feminine,genitive,stádeväťdesiatehopiatej,stodeväťdesiatich piatich,"sto, dvesto… are invariable (stého/stá are ordinals)"
sk,cardinal,195,feminine,dative,stádeväťdesiatemupiatej,stodeväťdesiatim piatim,"sto, dvesto… are invariable (stého/stá are ordinals)"
sk,cardinal,195,feminine,accusative,stádeväťdesiatpäť,stodeväťdesiatpäť,"sto, dvesto… are invariable (stého/stá are ordinals)"
sk,cardinal,195,feminine,instrumental,stádeväťdesiatympiatou,stodeväťdesiatimi piatimi,"sto, dvesto… are invariable (stého/stá are ordinals)"
sk,cardinal,195,feminine,locative,stádeväťdesiatompiatej,stodeväťdesiatich piatich,"sto, dvesto… are invariable (stého/stá are ordinals)"
sk,cardinal,195,neuter,nominative,stédeväťdesiatpäť,stodeväťdesiatpäť,"sto, dvesto… are invariable (stého/stá are ordinals)"
sk,cardinal,195,neuter,genitive,stédeväťdesiatehopiateho,stodeväťdesiatich piatich,"sto, dvesto… are invariable (stého/stá are ordinals)"
sk,cardinal,195,neuter,dative,stédeväťdesiatemupiatemu,stodeväťdesiatim piatim,"sto, dvesto… are invariable (stého/stá are ordinals)"
sk,cardinal,195,neuter,accusative,stédeväťdesiatpäť,stodeväťdesiatpäť,"sto, dvesto… are invariable (stého/stá are ordinals)"
sk,cardinal,195,neuter,instrumental,stédeväťdesiatympiatym,stodeväťdesiatimi piatimi,"sto, dvesto… are invariable (stého/stá are ordinals)"
sk,cardinal,195,neuter,locative,stédeväťdesiatompiatom,stodeväťdesiatich piatich,"sto, dvesto… are invariable (stého/stá are ordinals)"
sk,cardinal,200,masculine,genitive,dvestého,dvesto,"sto, dvesto… are invariable (stého/stá are ordinals)"
sk,cardinal,200,masculine,dative,dvestému,dvesto,"sto, dvesto… are invariable (stého/stá are ordinals)"
sk,cardinal,200,masculine,instrumental,dvestým,dvesto,"sto, dvesto… are invariable (stého/stá are ordinals)"
sk,cardinal,200,masculine,locative,dvestom,dvesto,"sto, dvesto… are invariable (stého/stá are ordinals)"
sk,cardinal,200,feminine,nominative,dvestá,dvesto,"sto, dvesto… are invariable (stého/stá are ordinals)"
sk,cardinal,200,feminine,genitive,dvestej,dvesto,"sto, dvesto… are invariable (stého/stá are ordinals)"
sk,cardinal,200,feminine,dative,dvestej,dvesto,"sto, dvesto… are invariable (stého/stá are ordinals)"
sk,cardinal,200,feminine,accusative,dvestú,dvesto,"sto, dvesto… are invariable (stého/stá are ordinals)"
sk,cardinal,200,feminine,instrumental,dvestou,dvesto,"sto, dvesto… are invariable (stého/stá are ordinals)"
sk,cardinal,200,feminine,locative,dvestej,dvesto,"sto, dvesto… are invariable (stého/stá are ordinals)"
sk,cardinal,200,neuter,nominative,dvesté,dvesto,"sto, dvesto… are invariable (stého/stá are ordinals)"
sk,cardinal,200,neuter,genitive,dvestého,dvesto,"sto, dvesto… are invariable (stého/stá are ordinals)"
sk,cardinal,200,neuter,dative,dvestému,dvesto,"sto, dvesto… are invariable (stého/stá are ordinals)"
sk,cardinal,200,neuter,accusative,dvesté,dvesto,"sto, dvesto… are invariable (stého/stá are ordinals)"
sk,cardinal,200,neuter,instrumental,dvestým,dvesto,"sto, dvesto… are invariable (stého/stá are ordinals)"
sk,cardinal,200,neuter,locative,dvestom,dvesto,"sto, dvesto… are invariable (stého/stá are ordinals)"
sk,cardinal,201,masculine,genitive,dvestojedného,dvestojeden,"-jeden compounds: invariable, 'jeden' for every gender"
sk,cardinal,201,masculine,dative,dvestojednému,dvestojeden,"-jeden compounds: invariable, 'jeden' for every gender"
sk,cardinal,201,masculine,accusative,dvestojedného,dvestojeden,"-jeden compounds: invariable, 'jeden' for every gender"
sk,cardinal,201,masculine,instrumental,dvestojedným,dvestojeden,"-jeden compounds: invariable, 'jeden' for every gender"
sk,cardinal,201,masculine,locative,dvestojednom,dvestojeden,"-jeden compounds: invariable, 'jeden' for every gender"
sk,cardinal,201,feminine,nominative,dvestájedna,dvestojeden,"-jeden compounds: invariable, 'jeden' for every gender"
sk,cardinal,201,feminine,genitive,dvestájednej,dvestojeden,"-jeden compounds: invariable, 'jeden' for every gender"
sk,cardinal,201,feminine,dative,dvestájednej,dvestojeden,"-jeden compounds: invariable, 'jeden' for every gender"
sk,cardinal,201,feminine,accusative,dvestájednu,dvestojeden,"-jeden compounds: invariable, 'jeden' for every gender"
sk,cardinal,201,feminine,instrumental,dvestájednou,dvestojeden,"-jeden compounds: invariable, 'jeden' for every gender"
sk,cardinal,201,feminine,locative,dvestájednej,dvestojeden,"-jeden compounds: invariable, 'jeden' for every gender"
sk,cardinal,201,neuter,nominative,dvestéjedno,dvestojeden,"-jeden compounds: invariable, 'jeden' for every gender"
sk,cardinal,201,neuter,genitive,dvestéjedného,dvestojeden,"-jeden compounds: invariable, 'jeden' for every gender"
sk,cardinal,201,neuter,dative,dvestéjednému,dvestojeden,"-jeden compounds: invariable, 'jeden' for every gender"
sk,cardinal,201,neuter,accusative,dvestéjedno,dvestojeden,"-jeden compounds: invariable, 'jeden' for every gender"
sk,cardinal,201,neuter,instrumental,dvestéjedným,dvestojeden,"-jeden compounds: invariable, 'jeden' for every gender"
sk,cardinal,201,neuter,locative,dvestéjednom,dvestojeden,"-jeden compounds: invariable, 'jeden' for every gender"
sk,cardinal,202,masculine,genitive,dvestodvoch,dvesto dvoch,spacing only
sk,cardinal,202,masculine,dative,dvestodvom,dvesto dvom,spacing only
sk,cardinal,202,masculine,instrumental,dvestodvoma,dvesto dvoma,spacing only
sk,cardinal,202,masculine,locative,dvestodvoch,dvesto dvoch,spacing only
sk,cardinal,202,feminine,nominative,dvestádve,dvestodve,"sto, dvesto… are invariable (stého/stá are ordinals)"
sk,cardinal,202,feminine,genitive,dvestádvoch,dvesto dvoch,"sto, dvesto… are invariable (stého/stá are ordinals)"
sk,cardinal,202,feminine,dative,dvestádvom,dvesto dvom,"sto, dvesto… are invariable (stého/stá are ordinals)"
sk,cardinal,202,feminine,accusative,dvestádve,dvestodve,"sto, dvesto… are invariable (stého/stá are ordinals)"
sk,cardinal,202,feminine,instrumental,dvestádvomi,dvesto dvomi,"sto, dvesto… are invariable (stého/stá are ordinals)"
sk,cardinal,202,feminine,locative,dvestádvoch,dvesto dvoch,"sto, dvesto… are invariable (stého/stá are ordinals)"
sk,cardinal,202,neuter,nominative,dvestédve,dvestodve,"sto, dvesto… are invariable (stého/stá are ordinals)"
sk,cardinal,202,neuter,genitive,dvestédvoch,dvesto dvoch,"sto, dvesto… are invariable (stého/stá are ordinals)"
sk,cardinal,202,neuter,dative,dvestédvom,dvesto dvom,"sto, dvesto… are invariable (stého/stá are ordinals)"
sk,cardinal,202,neuter,accusative,dvestédve,dvestodve,"sto, dvesto… are invariable (stého/stá are ordinals)"
sk,cardinal,202,neuter,instrumental,dvestédvoma,dvesto dvoma,"sto, dvesto… are invariable (stého/stá are ordinals)"
sk,cardinal,202,neuter,locative,dvestédvoch,dvesto dvoch,"sto, dvesto… are invariable (stého/stá are ordinals)"
sk,cardinal,213,feminine,nominative,dvestátrinásť,dvestotrinásť,"sto, dvesto… are invariable (stého/stá are ordinals)"
sk,cardinal,213,feminine,genitive,dvestátrinástich,dvestotrinástich,"sto, dvesto… are invariable (stého/stá are ordinals)"
sk,cardinal,213,feminine,dative,dvestátrinástim,dvestotrinástim,"sto, dvesto… are invariable (stého/stá are ordinals)"
sk,cardinal,213,feminine,accusative,dvestátrinásť,dvestotrinásť,"sto, dvesto… are invariable (stého/stá are ordinals)"
sk,cardinal,213,feminine,instrumental,dvestátrinástimi,dvestotrinástimi,"sto, dvesto… are invariable (stého/stá are ordinals)"
sk,cardinal,213,feminine,locative,dvestátrinástich,dvestotrinástich,"sto, dvesto… are invariable (stého/stá are ordinals)"
sk,cardinal,213,neuter,nominative,dvestétrinásť,dvestotrinásť,"sto, dvesto… are invariable (stého/stá are ordinals)"
sk,cardinal,213,neuter,genitive,dvestétrinástich,dvestotrinástich,"sto, dvesto… are invariable (stého/stá are ordinals)"
sk,cardinal,213,neuter,dative,dvestétrinástim,dvestotrinástim,"sto, dvesto… are invariable (stého/stá are ordinals)"
sk,cardinal,213,neuter,accusative,dvestétrinásť,dvestotrinásť,"sto, dvesto… are invariable (stého/stá are ordinals)"
sk,cardinal,213,neuter,instrumental,dvestétrinástimi,dvestotrinástimi,"sto, dvesto… are invariable (stého/stá are ordinals)"
sk,cardinal,213,neuter,locative,dvestétrinástich,dvestotrinástich,"sto, dvesto… are invariable (stého/stá are ordinals)"
sk,cardinal,224,masculine,genitive,dvestodvadsiatehoštvrtého,dvestodvadsiatich štyroch,22–99 decline both parts as cardinals: dvadsiatich dvoch (v1 used ordinal forms)
sk,cardinal,224,masculine,dative,dvestodvadsiatemuštvrtému,dvestodvadsiatim štyrom,22–99 decline both parts as cardinals: dvadsiatich dvoch (v1 used ordinal forms)
sk,cardinal,224,masculine,instrumental,dvestodvadsiatymštvrtým,dvestodvadsiatimi štyrmi,22–99 decline both parts as cardinals: dvadsiatich dvoch (v1 used ordinal forms)
sk,cardinal,224,masculine,locative,dvestodvadsiatomštvrtom,dvestodvadsiatich štyroch,22–99 decline both parts as cardinals: dvadsiatich dvoch (v1 used ordinal forms)
sk,cardinal,224,feminine,nominative,dvestádvadsaťštyri,dvestodvadsaťštyri,"sto, dvesto… are invariable (stého/stá are ordinals)"
sk,cardinal,224,feminine,genitive,dvestádvadsiatehoštvrtej,dvestodvadsiatich štyroch,"sto, dvesto… are invariable (stého/stá are ordinals)"
sk,cardinal,224,feminine,dative,dvestádvadsiatemuštvrtej,dvestodvadsiatim štyrom,"sto, dvesto… are invariable (stého/stá are ordinals)"
sk,cardinal,224,feminine,accusative,dvestádvadsaťštyri,dvestodvadsaťštyri,"sto, dvesto… are invariable (stého/stá are ordinals)"
sk,cardinal,224,feminine,instrumental,dvestádvadsiatymštvrtou,dvestodvadsiatimi štyrmi,"sto, dvesto… are invariable (stého/stá are ordinals)"
sk,cardinal,224,feminine,locative,dvestádvadsiatomštvrtej,dvestodvadsiatich štyroch,"sto, dvesto… are invariable (stého/stá are ordinals)"
sk,cardinal,224,neuter,nominative,dvestédvadsaťštyri,dvestodvadsaťštyri,"sto, dvesto… are invariable (stého/stá are ordinals)"
sk,cardinal,224,neuter,genitive,dvestédvadsiatehoštvrtého,dvestodvadsiatich štyroch,"sto, dvesto… are invariable (stého/stá are ordinals)"
sk,cardinal,224,neuter,dative,dvestédvadsiatemuštvrtému,dvestodvadsiatim štyrom,"sto, dvesto… are invariable (stého/stá are ordinals)"
sk,cardinal,224,neuter,accusative,dvestédvadsaťštyri,dvestodvadsaťštyri,"sto, dvesto… are invariable (stého/stá are ordinals)"
sk,cardinal,224,neuter,instrumental,dvestédvadsiatymštvrtým,dvestodvadsiatimi štyrmi,"sto, dvesto… are invariable (stého/stá are ordinals)"
sk,cardinal,224,neuter,locative,dvestédvadsiatomštvrtom,dvestodvadsiatich štyroch,"sto, dvesto… are invariable (stého/stá are ordinals)"
sk,cardinal,300,masculine,genitive,tristého,tristo,"sto, dvesto… are invariable (stého/stá are ordinals)"
sk,cardinal,300,masculine,dative,tristému,tristo,"sto, dvesto… are invariable (stého/stá are ordinals)"
sk,cardinal,300,masculine,instrumental,tristým,tristo,"sto, dvesto… are invariable (stého/stá are ordinals)"
sk,cardinal,300,masculine,locative,tristom,tristo,"sto, dvesto… are invariable (stého/stá are ordinals)"
sk,cardinal,300,feminine,nominative,tristá,tristo,"sto, dvesto… are invariable (stého/stá are ordinals)"
sk,cardinal,300,feminine,genitive,tristej,tristo,"sto, dvesto… are invariable (stého/stá are ordinals)"
sk,cardinal,300,feminine,dative,tristej,tristo,"sto, dvesto… are invariable (stého/stá are ordinals)"
sk,cardinal,300,feminine,accusative,tristú,tristo,"sto, dvesto… are invariable (stého/stá are ordinals)"
sk,cardinal,300,feminine,instrumental,tristou,tristo,"sto, dvesto… are invariable (stého/stá are ordinals)"
sk,cardinal,300,feminine,locative,tristej,tristo,"sto, dvesto… are invariable (stého/stá are ordinals)"
sk,cardinal,300,neuter,nominative,tristé,tristo,"sto, dvesto… are invariable (stého/stá are ordinals)"
sk,cardinal,300,neuter,genitive,tristého,tristo,"sto, dvesto… are invariable (stého/stá are ordinals)"
sk,cardinal,300,neuter,dative,tristému,tristo,"sto, dvesto… are invariable (stého/stá are ordinals)"
sk,cardinal,300,neuter,accusative,tristé,tristo,"sto, dvesto… are invariable (stého/stá are ordinals)"
sk,cardinal,300,neuter,instrumental,tristým,tristo,"sto, dvesto… are invariable (stého/stá are ordinals)"
sk,cardinal,300,neuter,locative,tristom,tristo,"sto, dvesto… are invariable (stého/stá are ordinals)"
sk,cardinal,303,masculine,genitive,tristotroch,tristo troch,spacing only
sk,cardinal,303,masculine,dative,tristotrom,tristo trom,spacing only
sk,cardinal,303,masculine,accusative,tristotroch,tristotri,masc. accusative: inanimate by default (animacy= gives the old form)
sk,cardinal,303,masculine,instrumental,tristotroma,tristo troma,spacing only
sk,cardinal,303,masculine,locative,tristotroch,tristo troch,spacing only
sk,cardinal,303,feminine,nominative,tristátri,tristotri,"sto, dvesto… are invariable (stého/stá are ordinals)"
sk,cardinal,303,feminine,genitive,tristátroch,tristo troch,"sto, dvesto… are invariable (stého/stá are ordinals)"
sk,cardinal,303,feminine,dative,tristátrom,tristo trom,"sto, dvesto… are invariable (stého/stá are ordinals)"
sk,cardinal,303,feminine,accusative,tristátri,tristotri,"sto, dvesto… are invariable (stého/stá are ordinals)"
sk,cardinal,303,feminine,instrumental,tristátromi,tristo tromi,"sto, dvesto… are invariable (stého/stá are ordinals)"
sk,cardinal,303,feminine,locative,tristátroch,tristo troch,"sto, dvesto… are invariable (stého/stá are ordinals)"
sk,cardinal,303,neuter,nominative,tristétri,tristotri,"sto, dvesto… are invariable (stého/stá are ordinals)"
sk,cardinal,303,neuter,genitive,tristétroch,tristo troch,"sto, dvesto… are invariable (stého/stá are ordinals)"
sk,cardinal,303,neuter,dative,tristétrom,tristo trom,"sto, dvesto… are invariable (stého/stá are ordinals)"
sk,cardinal,303,neuter,accusative,tristétri,tristotri,"sto, dvesto… are invariable (stého/stá are ordinals)"
sk,cardinal,303,neuter,instrumental,tristétroma,tristo troma,"sto, dvesto… are invariable (stého/stá are ordinals)"
sk,cardinal,303,neuter,locative,tristétroch,tristo troch,"sto, dvesto… are invariable (stého/stá are ordinals)"
sk,cardinal,313,feminine,nominative,tristátrinásť,tristotrinásť,"sto, dvesto… are invariable (stého/stá are ordinals)"
sk,cardinal,313,feminine,genitive,tristátrinástich,tristotrinástich,"sto, dvesto… are invariable (stého/stá are ordinals)"
sk,cardinal,313,feminine,dative,tristátrinástim,tristotrinástim,"sto, dvesto… are invariable (stého/stá are ordinals)"
sk,cardinal,313,feminine,accusative,tristátrinásť,tristotrinásť,"sto, dvesto… are invariable (stého/stá are ordinals)"
sk,cardinal,313,feminine,instrumental,tristátrinástimi,tristotrinástimi,"sto, dvesto… are invariable (stého/stá are ordinals)"
sk,cardinal,313,feminine,locative,tristátrinástich,tristotrinástich,"sto, dvesto… are invariable (stého/stá are ordinals)"
sk,cardinal,313,neuter,nominative,tristétrinásť,tristotrinásť,"sto, dvesto… are invariable (stého/stá are ordinals)"
sk,cardinal,313,neuter,genitive,tristétrinástich,tristotrinástich,"sto, dvesto… are invariable (stého/stá are ordinals)"
sk,cardinal,313,neuter,dative,tristétrinástim,tristotrinástim,"sto, dvesto… are invariable (stého/stá are ordinals)"
sk,cardinal,313,neuter,accusative,tristétrinásť,tristotrinásť,"sto, dvesto… are invariable (stého/stá are ordinals)"
sk,cardinal,313,neuter,instrumental,tristétrinástimi,tristotrinástimi,"sto, dvesto… are invariable (stého/stá are ordinals)"
sk,cardinal,313,neuter,locative,tristétrinástich,tristotrinástich,"sto, dvesto… are invariable (stého/stá are ordinals)"
sk,cardinal,333,masculine,genitive,tristotridsiatehotretieho,tristotridsiatich troch,22–99 decline both parts as cardinals: dvadsiatich dvoch (v1 used ordinal forms)
sk,cardinal,333,masculine,dative,tristotridsiatemutretiemu,tristotridsiatim trom,22–99 decline both parts as cardinals: dvadsiatich dvoch (v1 used ordinal forms)
sk,cardinal,333,masculine,instrumental,tristotridsiatymtretím,tristotridsiatimi troma,22–99 decline both parts as cardinals: dvadsiatich dvoch (v1 used ordinal forms)
sk,cardinal,333,masculine,locative,tristotridsiatomtreťom,tristotridsiatich troch,22–99 decline both parts as cardinals: dvadsiatich dvoch (v1 used ordinal forms)
sk,cardinal,333,feminine,nominative,tristátridsaťtri,tristotridsaťtri,"sto, dvesto… are invariable (stého/stá are ordinals)"
sk,cardinal,333,feminine,genitive,tristátridsiatehotretej,tristotridsiatich troch,"sto, dvesto… are invariable (stého/stá are ordinals)"
sk,cardinal,333,feminine,dative,tristátridsiatemutretej,tristotridsiatim trom,"sto, dvesto… are invariable (stého/stá are ordinals)"
sk,cardinal,333,feminine,accusative,tristátridsaťtri,tristotridsaťtri,"sto, dvesto… are invariable (stého/stá are ordinals)"
sk,cardinal,333,feminine,instrumental,tristátridsiatymtreťou,tristotridsiatimi tromi,"sto, dvesto… are invariable (stého/stá are ordinals)"
sk,cardinal,333,feminine,locative,tristátridsiatomtretej,tristotridsiatich troch,"sto, dvesto… are invariable (stého/stá are ordinals)"
sk,cardinal,333,neuter,nominative,tristétridsaťtri,tristotridsaťtri,"sto, dvesto… are invariable (stého/stá are ordinals)"
sk,cardinal,333,neuter,genitive,tristétridsiatehotretieho,tristotridsiatich troch,"sto, dvesto… are invariable (stého/stá are ordinals)"
sk,cardinal,333,neuter,dative,tristétridsiatemutretiemu,tristotridsiatim trom,"sto, dvesto… are invariable (stého/stá are ordinals)"
sk,cardinal,333,neuter,accusative,tristétridsaťtri,tristotridsaťtri,"sto, dvesto… are invariable (stého/stá are ordinals)"
sk,cardinal,333,neuter,instrumental,tristétridsiatymtretím,tristotridsiatimi troma,"sto, dvesto… are invariable (stého/stá are ordinals)"
sk,cardinal,333,neuter,locative,tristétridsiatomtreťom,tristotridsiatich troch,"sto, dvesto… are invariable (stého/stá are ordinals)"
sk,cardinal,400,masculine,genitive,štyristého,štyristo,"sto, dvesto… are invariable (stého/stá are ordinals)"
sk,cardinal,400,masculine,dative,štyristému,štyristo,"sto, dvesto… are invariable (stého/stá are ordinals)"
sk,cardinal,400,masculine,instrumental,štyristým,štyristo,"sto, dvesto… are invariable (stého/stá are ordinals)"
sk,cardinal,400,masculine,locative,štyristom,štyristo,"sto, dvesto… are invariable (stého/stá are ordinals)"
sk,cardinal,400,feminine,nominative,štyristá,štyristo,"sto, dvesto… are invariable (stého/stá are ordinals)"
sk,cardinal,400,feminine,genitive,štyristej,štyristo,"sto, dvesto… are invariable (stého/stá are ordinals)"
sk,cardinal,400,feminine,dative,štyristej,štyristo,"sto, dvesto… are invariable (stého/stá are ordinals)"
sk,cardinal,400,feminine,accusative,štyristú,štyristo,"sto, dvesto… are invariable (stého/stá are ordinals)"
sk,cardinal,400,feminine,instrumental,štyristou,štyristo,"sto, dvesto… are invariable (stého/stá are ordinals)"
sk,cardinal,400,feminine,locative,štyristej,štyristo,"sto, dvesto… are invariable (stého/stá are ordinals)"
sk,cardinal,400,neuter,nominative,štyristé,štyristo,"sto, dvesto… are invariable (stého/stá are ordinals)"
sk,cardinal,400,neuter,genitive,štyristého,štyristo,"sto, dvesto… are invariable (stého/stá are ordinals)"
sk,cardinal,400,neuter,dative,štyristému,štyristo,"sto, dvesto… are invariable (stého/stá are ordinals)"
sk,cardinal,400,neuter,accusative,štyristé,štyristo,"sto, dvesto… are invariable (stého/stá are ordinals)"
sk,cardinal,400,neuter,instrumental,štyristým,štyristo,"sto, dvesto… are invariable (stého/stá are ordinals)"
sk,cardinal,400,neuter,locative,štyristom,štyristo,"sto, dvesto… are invariable (stého/stá are ordinals)"
sk,cardinal,404,masculine,genitive,štyristoštyroch,štyristo štyroch,spacing only
sk,cardinal,404,masculine,dative,štyristoštyrom,štyristo štyrom,spacing only
sk,cardinal,404,masculine,accusative,štyristoštyroch,štyristoštyri,masc. accusative: inanimate by default (animacy= gives the old form)
sk,cardinal,404,masculine,instrumental,štyristoštyrmi,štyristo štyrmi,spacing only
sk,cardinal,404,masculine,locative,štyristoštyroch,štyristo štyroch,spacing only
sk,cardinal,404,feminine,nominative,štyristáštyri,štyristoštyri,"sto, dvesto… are invariable (stého/stá are ordinals)"
sk,cardinal,404,feminine,genitive,štyristáštyroch,štyristo štyroch,"sto, dvesto… are invariable (stého/stá are ordinals)"
sk,cardinal,404,feminine,dative,štyristáštyrom,štyristo štyrom,"sto, dvesto… are invariable (stého/stá are ordinals)"
sk,cardinal,404,feminine,accusative,štyristáštyri,štyristoštyri,"sto, dvesto… are invariable (stého/stá are ordinals)"
sk,cardinal,404,feminine,instrumental,štyristáštyrmi,štyristo štyrmi,"sto, dvesto… are invariable (stého/stá are ordinals)"
sk,cardinal,404,feminine,locative,štyristáštyroch,štyristo štyroch,"sto, dvesto… are invariable (stého/stá are ordinals)"
sk,cardinal,404,neuter,nominative,štyristéštyri,štyristoštyri,"sto, dvesto… are invariable (stého/stá are ordinals)"
sk,cardinal,404,neuter,genitive,štyristéštyroch,štyristo štyroch,"sto, dvesto… are invariable (stého/stá are ordinals)"
sk,cardinal,404,neuter,dative,štyristéštyrom,štyristo štyrom,"sto, dvesto… are invariable (stého/stá are ordinals)"
sk,cardinal,404,neuter,accusative,štyristéštyri,štyristoštyri,"sto, dvesto… are invariable (stého/stá are ordinals)"
sk,cardinal,404,neuter,instrumental,štyristéštyrmi,štyristo štyrmi,"sto, dvesto… are invariable (stého/stá are ordinals)"
sk,cardinal,404,neuter,locative,štyristéštyroch,štyristo štyroch,"sto, dvesto… are invariable (stého/stá are ordinals)"
sk,cardinal,414,feminine,nominative,štyristáštrnásť,štyristoštrnásť,"sto, dvesto… are invariable (stého/stá are ordinals)"
sk,cardinal,414,feminine,genitive,štyristáštrnástich,štyristoštrnástich,"sto, dvesto… are invariable (stého/stá are ordinals)"
sk,cardinal,414,feminine,dative,štyristáštrnástim,štyristoštrnástim,"sto, dvesto… are invariable (stého/stá are ordinals)"
sk,cardinal,414,feminine,accusative,štyristáštrnásť,štyristoštrnásť,"sto, dvesto… are invariable (stého/stá are ordinals)"
sk,cardinal,414,feminine,instrumental,štyristáštrnástimi,štyristoštrnástimi,"sto, dvesto… are invariable (stého/stá are ordinals)"
sk,cardinal,414,feminine,locative,štyristáštrnástich,štyristoštrnástich,"sto, dvesto… are invariable (stého/stá are ordinals)"
sk,cardinal,414,neuter,nominative,štyristéštrnásť,štyristoštrnásť,"sto, dvesto… are invariable (stého/stá are ordinals)"
sk,cardinal,414,neuter,genitive,štyristéštrnástich,štyristoštrnástich,"sto, dvesto… are invariable (stého/stá are ordinals)"
sk,cardinal,414,neuter,dative,štyristéštrnástim,štyristoštrnástim,"sto, dvesto… are invariable (stého/stá are ordinals)"
sk,cardinal,414,neuter,accusative,štyristéštrnásť,štyristoštrnásť,"sto, dvesto… are invariable (stého/stá are ordinals)"
sk,cardinal,414,neuter,instrumental,štyristéštrnástimi,štyristoštrnástimi,"sto, dvesto… are invariable (stého/stá are ordinals)"
sk,cardinal,414,neuter,locative,štyristéštrnástich,štyristoštrnástich,"sto, dvesto… are invariable (stého/stá are ordinals)"
sk,cardinal,444,masculine,genitive,štyristoštyridsiatehoštvrtého,štyristoštyridsiatich štyroch,22–99 decline both parts as cardinals: dvadsiatich dvoch (v1 used ordinal forms)
sk,cardinal,444,masculine,dative,štyristoštyridsiatemuštvrtému,štyristoštyridsiatim štyrom,22–99 decline both parts as cardinals: dvadsiatich dvoch (v1 used ordinal forms)
sk,cardinal,444,masculine,instrumental,štyristoštyridsiatymštvrtým,štyristoštyridsiatimi štyrmi,22–99 decline both parts as cardinals: dvadsiatich dvoch (v1 used ordinal forms)
sk,cardinal,444,masculine,locative,štyristoštyridsiatomštvrtom,štyristoštyridsiatich štyroch,22–99 decline both parts as cardinals: dvadsiatich dvoch (v1 used ordinal forms)
sk,cardinal,444,feminine,nominative,štyristáštyridsaťštyri,štyristoštyridsaťštyri,"sto, dvesto… are invariable (stého/stá are ordinals)"
sk,cardinal,444,feminine,genitive,štyristáštyridsiatehoštvrtej,štyristoštyridsiatich štyroch,"sto, dvesto… are invariable (stého/stá are ordinals)"
sk,cardinal,444,feminine,dative,štyristáštyridsiatemuštvrtej,štyristoštyridsiatim štyrom,"sto, dvesto… are invariable (stého/stá are ordinals)"
sk,cardinal,444,feminine,accusative,štyristáštyridsaťštyri,štyristoštyridsaťštyri,"sto, dvesto… are invariable (stého/stá are ordinals)"
sk,cardinal,444,feminine,instrumental,štyristáštyridsiatymštvrtou,štyristoštyridsiatimi štyrmi,"sto, dvesto… are invariable (stého/stá are ordinals)"
sk,cardinal,444,feminine,locative,štyristáštyridsiatomštvrtej,štyristoštyridsiatich štyroch,"sto, dvesto… are invariable (stého/stá are ordinals)"
sk,cardinal,444,neuter,nominative,štyristéštyridsaťštyri,štyristoštyridsaťštyri,"sto, dvesto… are invariable (stého/stá are ordinals)"
sk,cardinal,444,neuter,genitive,štyristéštyridsiatehoštvrtého,štyristoštyridsiatich štyroch,"sto, dvesto… are invariable (stého/stá are ordinals)"
sk,cardinal,444,neuter,dative,štyristéštyridsiatemuštvrtému,štyristoštyridsiatim štyrom,"sto, dvesto… are invariable (stého/stá are ordinals)"
sk,cardinal,444,neuter,accusative,štyristéštyridsaťštyri,štyristoštyridsaťštyri,"sto, dvesto… are invariable (stého/stá are ordinals)"
sk,cardinal,444,neuter,instrumental,štyristéštyridsiatymštvrtým,štyristoštyridsiatimi štyrmi,"sto, dvesto… are invariable (stého/stá are ordinals)"
sk,cardinal,444,neuter,locative,štyristéštyridsiatomštvrtom,štyristoštyridsiatich štyroch,"sto, dvesto… are invariable (stého/stá are ordinals)"
sk,cardinal,1000,masculine,genitive,tisíceho,tisíc,tisíc and -tisíc compounds are invariable (tisíceho etc. are ordinals)
sk,cardinal,1000,masculine,dative,tisícemu,tisíc,tisíc and -tisíc compounds are invariable (tisíceho etc. are ordinals)
sk,cardinal,1000,masculine,instrumental,tisícim,tisíc,tisíc and -tisíc compounds are invariable (tisíceho etc. are ordinals)
sk,cardinal,1000,masculine,locative,tisícom,tisíc,tisíc and -tisíc compounds are invariable (tisíceho etc. are ordinals)
sk,cardinal,1000,feminine,genitive,tisícej,tisíc,tisíc and -tisíc compounds are invariable (tisíceho etc. are ordinals)
sk,cardinal,1000,feminine,dative,tisícej,tisíc,tisíc and -tisíc compounds are invariable (tisíceho etc. are ordinals)
sk,cardinal,1000,feminine,instrumental,tisícou,tisíc,tisíc and -tisíc compounds are invariable (tisíceho etc. are ordinals)
sk,cardinal,1000,feminine,locative,tisícej,tisíc,tisíc and -tisíc compounds are invariable (tisíceho etc. are ordinals)
sk,cardinal,1000,neuter,genitive,tisíceho,tisíc,tisíc and -tisíc compounds are invariable (tisíceho etc. are ordinals)
sk,cardinal,1000,neuter,dative,tisícemu,tisíc,tisíc and -tisíc compounds are invariable (tisíceho etc. are ordinals)
sk,cardinal,1000,neuter,instrumental,tisícim,tisíc,tisíc and -tisíc compounds are invariable (tisíceho etc. are ordinals)
sk,cardinal,1000,neuter,locative,tisícom,tisíc,tisíc and -tisíc compounds are invariable (tisíceho etc. are ordinals)
sk,cardinal,1001,masculine,genitive,tisícjedného,tisícjeden,"-jeden compounds: invariable, 'jeden' for every gender"
sk,cardinal,1001,masculine,dative,tisícjednému,tisícjeden,"-jeden compounds: invariable, 'jeden' for every gender"
sk,cardinal,1001,masculine,accusative,tisícjedného,tisícjeden,"-jeden compounds: invariable, 'jeden' for every gender"
sk,cardinal,1001,masculine,instrumental,tisícjedným,tisícjeden,"-jeden compounds: invariable, 'jeden' for every gender"
sk,cardinal,1001,masculine,locative,tisícjednom,tisícjeden,"-jeden compounds: invariable, 'jeden' for every gender"
sk,cardinal,1001,feminine,nominative,tisícjedna,tisícjeden,"-jeden compounds: invariable, 'jeden' for every gender"
sk,cardinal,1001,feminine,genitive,tisícjednej,tisícjeden,"-jeden compounds: invariable, 'jeden' for every gender"
sk,cardinal,1001,feminine,dative,tisícjednej,tisícjeden,"-jeden compounds: invariable, 'jeden' for every gender"
sk,cardinal,1001,feminine,accusative,tisícjednu,tisícjeden,"-jeden compounds: invariable, 'jeden' for every gender"
sk,cardinal,1001,feminine,instrumental,tisícjednou,tisícjeden,"-jeden compounds: invariable, 'jeden' for every gender"
sk,cardinal,1001,feminine,locative,tisícjednej,tisícjeden,"-jeden compounds: invariable, 'jeden' for every gender"
sk,cardinal,1001,neuter,nominative,tisícjedno,tisícjeden,"-jeden compounds: invariable, 'jeden' for every gender"
sk,cardinal,1001,neuter,genitive,tisícjedného,tisícjeden,"-jeden compounds: invariable, 'jeden' for every gender"
sk,cardinal,1001,neuter,dative,tisícjednému,tisícjeden,"-jeden compounds: invariable, 'jeden' for every gender"
sk,cardinal,1001,neuter,accusative,tisícjedno,tisícjeden,"-jeden compounds: invariable, 'jeden' for every gender"
sk,cardinal,1001,neuter,instrumental,tisícjedným,tisícjeden,"-jeden compounds: invariable, 'jeden' for every gender"
sk,cardinal,1001,neuter,locative,tisícjednom,tisícjeden,"-jeden compounds: invariable, 'jeden' for every gender"
sk,cardinal,1025,masculine,genitive,tisícdvadsiatehopiateho,tisícdvadsiatich piatich,22–99 decline both parts as cardinals: dvadsiatich dvoch (v1 used ordinal forms)
sk,cardinal,1025,masculine,dative,tisícdvadsiatemupiatemu,tisícdvadsiatim piatim,22–99 decline both parts as cardinals: dvadsiatich dvoch (v1 used ordinal forms)
sk,cardinal,1025,masculine,instrumental,tisícdvadsiatympiatym,tisícdvadsiatimi piatimi,22–99 decline both parts as cardinals: dvadsiatich dvoch (v1 used ordinal forms)
sk,cardinal,1025,masculine,locative,tisícdvadsiatompiatom,tisícdvadsiatich piatich,22–99 decline both parts as cardinals: dvadsiatich dvoch (v1 used ordinal forms)
sk,cardinal,1025,feminine,genitive,tisícdvadsiatehopiatej,tisícdvadsiatich piatich,22–99 decline both parts as cardinals: dvadsiatich dvoch (v1 used ordinal forms)
sk,cardinal,1025,feminine,dative,tisícdvadsiatemupiatej,tisícdvadsiatim piatim,22–99 decline both parts as cardinals: dvadsiatich dvoch (v1 used ordinal forms)
sk,cardinal,1025,feminine,instrumental,tisícdvadsiatympiatou,tisícdvadsiatimi piatimi,22–99 decline both parts as cardinals: dvadsiatich dvoch (v1 used ordinal forms)
sk,cardinal,1025,feminine,locative,tisícdvadsiatompiatej,tisícdvadsiatich piatich,22–99 decline both parts as cardinals: dvadsiatich dvoch (v1 used ordinal forms)
sk,cardinal,1025,neuter,genitive,tisícdvadsiatehopiateho,tisícdvadsiatich piatich,22–99 decline both parts as cardinals: dvadsiatich dvoch (v1 used ordinal forms)
sk,cardinal,1025,neuter,dative,tisícdvadsiatemupiatemu,tisícdvadsiatim piatim,22–99 decline both parts as cardinals: dvadsiatich dvoch (v1 used ordinal forms)
sk,cardinal,1025,neuter,instrumental,tisícdvadsiatympiatym,tisícdvadsiatimi piatimi,22–99 decline both parts as cardinals: dvadsiatich dvoch (v1 used ordinal forms)
sk,cardinal,1025,neuter,locative,tisícdvadsiatompiatom,tisícdvadsiatich piatich,22–99 decline both parts as cardinals: dvadsiatich dvoch (v1 used ordinal forms)
sk,cardinal,1098,masculine,genitive,tisícdeväťdesiatehoôsmeho,tisícdeväťdesiatich ôsmich,22–99 decline both parts as cardinals: dvadsiatich dvoch (v1 used ordinal forms)
sk,cardinal,1098,masculine,dative,tisícdeväťdesiatemuôsmemu,tisícdeväťdesiatim ôsmim,22–99 decline both parts as cardinals: dvadsiatich dvoch (v1 used ordinal forms)
sk,cardinal,1098,masculine,instrumental,tisícdeväťdesiatymôsmym,tisícdeväťdesiatimi ôsmimi,22–99 decline both parts as cardinals: dvadsiatich dvoch (v1 used ordinal forms)
sk,cardinal,1098,masculine,locative,tisícdeväťdesiatomôsmom,tisícdeväťdesiatich ôsmich,22–99 decline both parts as cardinals: dvadsiatich dvoch (v1 used ordinal forms)
sk,cardinal,1098,feminine,genitive,tisícdeväťdesiatehoôsmej,tisícdeväťdesiatich ôsmich,22–99 decline both parts as cardinals: dvadsiatich dvoch (v1 used ordinal forms)
sk,cardinal,1098,feminine,dative,tisícdeväťdesiatemuôsmej,tisícdeväťdesiatim ôsmim,22–99 decline both parts as cardinals: dvadsiatich dvoch (v1 used ordinal forms)
sk,cardinal,1098,feminine,instrumental,tisícdeväťdesiatymôsmou,tisícdeväťdesiatimi ôsmimi,22–99 decline both parts as cardinals: dvadsiatich dvoch (v1 used ordinal forms)
sk,cardinal,1098,feminine,locative,tisícdeväťdesiatomôsmej,tisícdeväťdesiatich ôsmich,22–99 decline both parts as cardinals: dvadsiatich dvoch (v1 used ordinal forms)
sk,cardinal,1098,neuter,genitive,tisícdeväťdesiatehoôsmeho,tisícdeväťdesiatich ôsmich,22–99 decline both parts as cardinals: dvadsiatich dvoch (v1 used ordinal forms)
sk,cardinal,1098,neuter,dative,tisícdeväťdesiatemuôsmemu,tisícdeväťdesiatim ôsmim,22–99 decline both parts as cardinals: dvadsiatich dvoch (v1 used ordinal forms)
sk,cardinal,1098,neuter,instrumental,tisícdeväťdesiatymôsmym,tisícdeväťdesiatimi ôsmimi,22–99 decline both parts as cardinals: dvadsiatich dvoch (v1 used ordinal forms)
sk,cardinal,1098,neuter,locative,tisícdeväťdesiatomôsmom,tisícdeväťdesiatich ôsmich,22–99 decline both parts as cardinals: dvadsiatich dvoch (v1 used ordinal forms)
sk,cardinal,1100,masculine,genitive,tisícstého,tisícsto,"sto, dvesto… are invariable (stého/stá are ordinals)"
sk,cardinal,1100,masculine,dative,tisícstému,tisícsto,"sto, dvesto… are invariable (stého/stá are ordinals)"
sk,cardinal,1100,masculine,instrumental,tisícstým,tisícsto,"sto, dvesto… are invariable (stého/stá are ordinals)"
sk,cardinal,1100,masculine,locative,tisícstom,tisícsto,"sto, dvesto… are invariable (stého/stá are ordinals)"
sk,cardinal,1100,feminine,nominative,tisícstá,tisícsto,"sto, dvesto… are invariable (stého/stá are ordinals)"
sk,cardinal,1100,feminine,genitive,tisícstej,tisícsto,"sto, dvesto… are invariable (stého/stá are ordinals)"
sk,cardinal,1100,feminine,dative,tisícstej,tisícsto,"sto, dvesto… are invariable (stého/stá are ordinals)"
sk,cardinal,1100,feminine,accusative,tisícstú,tisícsto,"sto, dvesto… are invariable (stého/stá are ordinals)"
sk,cardinal,1100,feminine,instrumental,tisícstou,tisícsto,"sto, dvesto… are invariable (stého/stá are ordinals)"
sk,cardinal,1100,feminine,locative,tisícstej,tisícsto,"sto, dvesto… are invariable (stého/stá are ordinals)"
sk,cardinal,1100,neuter,nominative,tisícsté,tisícsto,"sto, dvesto… are invariable (stého/stá are ordinals)"
sk,cardinal,1100,neuter,genitive,tisícstého,tisícsto,"sto, dvesto… are invariable (stého/stá are ordinals)"
sk,cardinal,1100,neuter,dative,tisícstému,tisícsto,"sto, dvesto… are invariable (stého/stá are ordinals)"
sk,cardinal,1100,neuter,accusative,tisícsté,tisícsto,"sto, dvesto… are invariable (stého/stá are ordinals)"
sk,cardinal,1100,neuter,instrumental,tisícstým,tisícsto,"sto, dvesto… are invariable (stého/stá are ordinals)"
sk,cardinal,1100,neuter,locative,tisícstom,tisícsto,"sto, dvesto… are invariable (stého/stá are ordinals)"
sk,cardinal,1101,masculine,genitive,tisícstojedného,tisícstojeden,"-jeden compounds: invariable, 'jeden' for every gender"
sk,cardinal,1101,masculine,dative,tisícstojednému,tisícstojeden,"-jeden compounds: invariable, 'jeden' for every gender"
sk,cardinal,1101,masculine,accusative,tisícstojedného,tisícstojeden,"-jeden compounds: invariable, 'jeden' for every gender"
sk,cardinal,1101,masculine,instrumental,tisícstojedným,tisícstojeden,"-jeden compounds: invariable, 'jeden' for every gender"
sk,cardinal,1101,masculine,locative,tisícstojednom,tisícstojeden,"-jeden compounds: invariable, 'jeden' for every gender"
sk,cardinal,1101,feminine,nominative,tisícstájedna,tisícstojeden,"-jeden compounds: invariable, 'jeden' for every gender"
sk,cardinal,1101,feminine,genitive,tisícstájednej,tisícstojeden,"-jeden compounds: invariable, 'jeden' for every gender"
sk,cardinal,1101,feminine,dative,tisícstájednej,tisícstojeden,"-jeden compounds: invariable, 'jeden' for every gender"
sk,cardinal,1101,feminine,accusative,tisícstájednu,tisícstojeden,"-jeden compounds: invariable, 'jeden' for every gender"
sk,cardinal,1101,feminine,instrumental,tisícstájednou,tisícstojeden,"-jeden compounds: invariable, 'jeden' for every gender"
sk,cardinal,1101,feminine,locative,tisícstájednej,tisícstojeden,"-jeden compounds: invariable, 'jeden' for every gender"
sk,cardinal,1101,neuter,nominative,tisícstéjedno,tisícstojeden,"-jeden compounds: invariable, 'jeden' for every gender"
sk,cardinal,1101,neuter,genitive,tisícstéjedného,tisícstojeden,"-jeden compounds: invariable, 'jeden' for every gender"
sk,cardinal,1101,neuter,dative,tisícstéjednému,tisícstojeden,"-jeden compounds: invariable, 'jeden' for every gender"
sk,cardinal,1101,neuter,accusative,tisícstéjedno,tisícstojeden,"-jeden compounds: invariable, 'jeden' for every gender"
sk,cardinal,1101,neuter,instrumental,tisícstéjedným,tisícstojeden,"-jeden compounds: invariable, 'jeden' for every gender"
sk,cardinal,1101,neuter,locative,tisícstéjednom,tisícstojeden,"-jeden compounds: invariable, 'jeden' for every gender"
sk,cardinal,1111,feminine,nominative,tisícstájedenásť,tisícstojedenásť,"sto, dvesto… are invariable (stého/stá are ordinals)"
sk,cardinal,1111,feminine,genitive,tisícstájedenástich,tisícstojedenástich,"sto, dvesto… are invariable (stého/stá are ordinals)"
sk,cardinal,1111,feminine,dative,tisícstájedenástim,tisícstojedenástim,"sto, dvesto… are invariable (stého/stá are ordinals)"
sk,cardinal,1111,feminine,accusative,tisícstájedenásť,tisícstojedenásť,"sto, dvesto… are invariable (stého/stá are ordinals)"
sk,cardinal,1111,feminine,instrumental,tisícstájedenástimi,tisícstojedenástimi,"sto, dvesto… are invariable (stého/stá are ordinals)"
sk,cardinal,1111,feminine,locative,tisícstájedenástich,tisícstojedenástich,"sto, dvesto… are invariable (stého/stá are ordinals)"
sk,cardinal,1111,neuter,nominative,tisícstéjedenásť,tisícstojedenásť,"sto, dvesto… are invariable (stého/stá are ordinals)"
sk,cardinal,1111,neuter,genitive,tisícstéjedenástich,tisícstojedenástich,"sto, dvesto… are invariable (stého/stá are ordinals)"
sk,cardinal,1111,neuter,dative,tisícstéjedenástim,tisícstojedenástim,"sto, dvesto… are invariable (stého/stá are ordinals)"
sk,cardinal,1111,neuter,accusative,tisícstéjedenásť,tisícstojedenásť,"sto, dvesto… are invariable (stého/stá are ordinals)"
sk,cardinal,1111,neuter,instrumental,tisícstéjedenástimi,tisícstojedenástimi,"sto, dvesto… are invariable (stého/stá are ordinals)"
sk,cardinal,1111,neuter,locative,tisícstéjedenástich,tisícstojedenástich,"sto, dvesto… are invariable (stého/stá are ordinals)"
sk,cardinal,1590,feminine,nominative,tisícpäťstádeväťdesiat,tisícpäťstodeväťdesiat,"sto, dvesto… are invariable (stého/stá are ordinals)"
sk,cardinal,1590,feminine,genitive,tisícpäťstádeväťdesiatich,tisícpäťstodeväťdesiatich,"sto, dvesto… are invariable (stého/stá are ordinals)"
sk,cardinal,1590,feminine,dative,tisícpäťstádeväťdesiatim,tisícpäťstodeväťdesiatim,"sto, dvesto… are invariable (stého/stá are ordinals)"
sk,cardinal,1590,feminine,accusative,tisícpäťstádeväťdesiat,tisícpäťstodeväťdesiat,"sto, dvesto… are invariable (stého/stá are ordinals)"
sk,cardinal,1590,feminine,instrumental,tisícpäťstádeväťdesiatimi,tisícpäťstodeväťdesiatimi,"sto, dvesto… are invariable (stého/stá are ordinals)"
sk,cardinal,1590,feminine,locative,tisícpäťstádeväťdesiatich,tisícpäťstodeväťdesiatich,"sto, dvesto… are invariable (stého/stá are ordinals)"
sk,cardinal,1590,neuter,nominative,tisícpäťstédeväťdesiat,tisícpäťstodeväťdesiat,"sto, dvesto… are invariable (stého/stá are ordinals)"
sk,cardinal,1590,neuter,genitive,tisícpäťstédeväťdesiatich,tisícpäťstodeväťdesiatich,"sto, dvesto… are invariable (stého/stá are ordinals)"
sk,cardinal,1590,neuter,dative,tisícpäťstédeväťdesiatim,tisícpäťstodeväťdesiatim,"sto, dvesto… are invariable (stého/stá are ordinals)"
sk,cardinal,1590,neuter,accusative,tisícpäťstédeväťdesiat,tisícpäťstodeväťdesiat,"sto, dvesto… are invariable (stého/stá are ordinals)"
sk,cardinal,1590,neuter,instrumental,tisícpäťstédeväťdesiatimi,tisícpäťstodeväťdesiatimi,"sto, dvesto… are invariable (stého/stá are ordinals)"
sk,cardinal,1590,neuter,locative,tisícpäťstédeväťdesiatich,tisícpäťstodeväťdesiatich,"sto, dvesto… are invariable (stého/stá are ordinals)"
sk,cardinal,1900,masculine,genitive,tisícdeväťstého,tisícdeväťsto,"sto, dvesto… are invariable (stého/stá are ordinals)"
sk,cardinal,1900,masculine,dative,tisícdeväťstému,tisícdeväťsto,"sto, dvesto… are invariable (stého/stá are ordinals)"
sk,cardinal,1900,masculine,instrumental,tisícdeväťstým,tisícdeväťsto,"sto, dvesto… are invariable (stého/stá are ordinals)"
sk,cardinal,1900,masculine,locative,tisícdeväťstom,tisícdeväťsto,"sto, dvesto… are invariable (stého/stá are ordinals)"
sk,cardinal,1900,feminine,nominative,tisícdeväťstá,tisícdeväťsto,"sto, dvesto… are invariable (stého/stá are ordinals)"
sk,cardinal,1900,feminine,genitive,tisícdeväťstej,tisícdeväťsto,"sto, dvesto… are invariable (stého/stá are ordinals)"
sk,cardinal,1900,feminine,dative,tisícdeväťstej,tisícdeväťsto,"sto, dvesto… are invariable (stého/stá are ordinals)"
sk,cardinal,1900,feminine,accusative,tisícdeväťstú,tisícdeväťsto,"sto, dvesto… are invariable (stého/stá are ordinals)"
sk,cardinal,1900,feminine,instrumental,tisícdeväťstou,tisícdeväťsto,"sto, dvesto… are invariable (stého/stá are ordinals)"
sk,cardinal,1900,feminine,locative,tisícdeväťstej,tisícdeväťsto,"sto, dvesto… are invariable (stého/stá are ordinals)"
sk,cardinal,1900,neuter,nominative,tisícdeväťsté,tisícdeväťsto,"sto, dvesto… are invariable (stého/stá are ordinals)"
sk,cardinal,1900,neuter,genitive,tisícdeväťstého,tisícdeväťsto,"sto, dvesto… are invariable (stého/stá are ordinals)"
sk,cardinal,1900,neuter,dative,tisícdeväťstému,tisícdeväťsto,"sto, dvesto… are invariable (stého/stá are ordinals)"
sk,cardinal,1900,neuter,accusative,tisícdeväťsté,tisícdeväťsto,"sto, dvesto… are invariable (stého/stá are ordinals)"
sk,cardinal,1900,neuter,instrumental,tisícdeväťstým,tisícdeväťsto,"sto, dvesto… are invariable (stého/stá are ordinals)"
sk,cardinal,1900,neuter,locative,tisícdeväťstom,tisícdeväťsto,"sto, dvesto… are invariable (stého/stá are ordinals)"
sk,cardinal,1990,feminine,nominative,tisícdeväťstádeväťdesiat,tisícdeväťstodeväťdesiat,"sto, dvesto… are invariable (stého/stá are ordinals)"
sk,cardinal,1990,feminine,genitive,tisícdeväťstádeväťdesiatich,tisícdeväťstodeväťdesiatich,"sto, dvesto… are invariable (stého/stá are ordinals)"
sk,cardinal,1990,feminine,dative,tisícdeväťstádeväťdesiatim,tisícdeväťstodeväťdesiatim,"sto, dvesto… are invariable (stého/stá are ordinals)"
sk,cardinal,1990,feminine,accusative,tisícdeväťstádeväťdesiat,tisícdeväťstodeväťdesiat,"sto, dvesto… are invariable (stého/stá are ordinals)"
sk,cardinal,1990,feminine,instrumental,tisícdeväťstádeväťdesiatimi,tisícdeväťstodeväťdesiatimi,"sto, dvesto… are invariable (stého/stá are ordinals)"
sk,cardinal,1990,feminine,locative,tisícdeväťstádeväťdesiatich,tisícdeväťstodeväťdesiatich,"sto, dvesto… are invariable (stého/stá are ordinals)"
sk,cardinal,1990,neuter,nominative,tisícdeväťstédeväťdesiat,tisícdeväťstodeväťdesiat,"sto, dvesto… are invariable (stého/stá are ordinals)"
sk,cardinal,1990,neuter,genitive,tisícdeväťstédeväťdesiatich,tisícdeväťstodeväťdesiatich,"sto, dvesto… are invariable (stého/stá are ordinals)"
sk,cardinal,1990,neuter,dative,tisícdeväťstédeväťdesiatim,tisícdeväťstodeväťdesiatim,"sto, dvesto… are invariable (stého/stá are ordinals)"
sk,cardinal,1990,neuter,accusative,tisícdeväťstédeväťdesiat,tisícdeväťstodeväťdesiat,"sto, dvesto… are invariable (stého/stá are ordinals)"
sk,cardinal,1990,neuter,instrumental,tisícdeväťstédeväťdesiatimi,tisícdeväťstodeväťdesiatimi,"sto, dvesto… are invariable (stého/stá are ordinals)"
sk,cardinal,1990,neuter,locative,tisícdeväťstédeväťdesiatich,tisícdeväťstodeväťdesiatich,"sto, dvesto… are invariable (stého/stá are ordinals)"
sk,cardinal,1991,masculine,genitive,tisícdeväťstodeväťdesiatehojedného,tisícdeväťstodeväťdesiatjeden,"-jeden compounds: invariable, 'jeden' for every gender"
sk,cardinal,1991,masculine,dative,tisícdeväťstodeväťdesiatemujednému,tisícdeväťstodeväťdesiatjeden,"-jeden compounds: invariable, 'jeden' for every gender"
sk,cardinal,1991,masculine,accusative,tisícdeväťstodeväťdesiatjedného,tisícdeväťstodeväťdesiatjeden,"-jeden compounds: invariable, 'jeden' for every gender"
sk,cardinal,1991,masculine,instrumental,tisícdeväťstodeväťdesiatymjedným,tisícdeväťstodeväťdesiatjeden,"-jeden compounds: invariable, 'jeden' for every gender"
sk,cardinal,1991,masculine,locative,tisícdeväťstodeväťdesiatomjednom,tisícdeväťstodeväťdesiatjeden,"-jeden compounds: invariable, 'jeden' for every gender"
sk,cardinal,1991,feminine,nominative,tisícdeväťstádeväťdesiatjedna,tisícdeväťstodeväťdesiatjeden,"-jeden compounds: invariable, 'jeden' for every gender"
sk,cardinal,1991,feminine,genitive,tisícdeväťstádeväťdesiatehojednej,tisícdeväťstodeväťdesiatjeden,"-jeden compounds: invariable, 'jeden' for every gender"
sk,cardinal,1991,feminine,dative,tisícdeväťstádeväťdesiatemujednej,tisícdeväťstodeväťdesiatjeden,"-jeden compounds: invariable, 'jeden' for every gender"
sk,cardinal,1991,feminine,accusative,tisícdeväťstádeväťdesiatjednu,tisícdeväťstodeväťdesiatjeden,"-jeden compounds: invariable, 'jeden' for every gender"
sk,cardinal,1991,feminine,instrumental,tisícdeväťstádeväťdesiatymjednou,tisícdeväťstodeväťdesiatjeden,"-jeden compounds: invariable, 'jeden' for every gender"
sk,cardinal,1991,feminine,locative,tisícdeväťstádeväťdesiatomjednej,tisícdeväťstodeväťdesiatjeden,"-jeden compounds: invariable, 'jeden' for every gender"
sk,cardinal,1991,neuter,nominative,tisícdeväťstédeväťdesiatjedno,tisícdeväťstodeväťdesiatjeden,"-jeden compounds: invariable, 'jeden' for every gender"
sk,cardinal,1991,neuter,genitive,tisícdeväťstédeväťdesiatehojedného,tisícdeväťstodeväťdesiatjeden,"-jeden compounds: invariable, 'jeden' for every gender"
sk,cardinal,1991,neuter,dative,tisícdeväťstédeväťdesiatemujednému,tisícdeväťstodeväťdesiatjeden,"-jeden compounds: invariable, 'jeden' for every gender"
sk,cardinal,1991,neuter,accusative,tisícdeväťstédeväťdesiatjedno,tisícdeväťstodeväťdesiatjeden,"-jeden compounds: invariable, 'jeden' for every gender"
sk,cardinal,1991,neuter,instrumental,tisícdeväťstédeväťdesiatymjedným,tisícdeväťstodeväťdesiatjeden,"-jeden compounds: invariable, 'jeden' for every gender"
sk,cardinal,1991,neuter,locative,tisícdeväťstédeväťdesiatomjednom,tisícdeväťstodeväťdesiatjeden,"-jeden compounds: invariable, 'jeden' for every gender"
sk,cardinal,2000,masculine,genitive,dvetisíceho,dvetisíc,tisíc and -tisíc compounds are invariable (tisíceho etc. are ordinals)
sk,cardinal,2000,masculine,dative,dvetisícemu,dvetisíc,tisíc and -tisíc compounds are invariable (tisíceho etc. are ordinals)
sk,cardinal,2000,masculine,instrumental,dvetisícim,dvetisíc,tisíc and -tisíc compounds are invariable (tisíceho etc. are ordinals)
sk,cardinal,2000,masculine,locative,dvetisícom,dvetisíc,tisíc and -tisíc compounds are invariable (tisíceho etc. are ordinals)
sk,cardinal,2000,feminine,genitive,dvetisícej,dvetisíc,tisíc and -tisíc compounds are invariable (tisíceho etc. are ordinals)
sk,cardinal,2000,feminine,dative,dvetisícej,dvetisíc,tisíc and -tisíc compounds are invariable (tisíceho etc. are ordinals)
sk,cardinal,2000,feminine,instrumental,dvetisícou,dvetisíc,tisíc and -tisíc compounds are invariable (tisíceho etc. are ordinals)
sk,cardinal,2000,feminine,locative,dvetisícej,dvetisíc,tisíc and -tisíc compounds are invariable (tisíceho etc. are ordinals)
sk,cardinal,2000,neuter,genitive,dvetisíceho,dvetisíc,tisíc and -tisíc compounds are invariable (tisíceho etc. are ordinals)
sk,cardinal,2000,neuter,dative,dvetisícemu,dvetisíc,tisíc and -tisíc compounds are invariable (tisíceho etc. are ordinals)
sk,cardinal,2000,neuter,instrumental,dvetisícim,dvetisíc,tisíc and -tisíc compounds are invariable (tisíceho etc. are ordinals)
sk,cardinal,2000,neuter,locative,dvetisícom,dvetisíc,tisíc and -tisíc compounds are invariable (tisíceho etc. are ordinals)
sk,cardinal,2001,masculine,genitive,dvetisícehojedného,dvetisícjeden,"-jeden compounds: invariable, 'jeden' for every gender"
sk,cardinal,2001,masculine,dative,dvetisícemujednému,dvetisícjeden,"-jeden compounds: invariable, 'jeden' for every gender"
sk,cardinal,2001,masculine,accusative,dvetisícjedného,dvetisícjeden,"-jeden compounds: invariable, 'jeden' for every gender"
sk,cardinal,2001,masculine,instrumental,dvetisícimjedným,dvetisícjeden,"-jeden compounds: invariable, 'jeden' for every gender"
sk,cardinal,2001,masculine,locative,dvetisícomjednom,dvetisícjeden,"-jeden compounds: invariable, 'jeden' for every gender"
sk,cardinal,2001,feminine,nominative,dvetisícjedna,dvetisícjeden,"-jeden compounds: invariable, 'jeden' for every gender"
sk,cardinal,2001,feminine,genitive,dvetisícejjednej,dvetisícjeden,"-jeden compounds: invariable, 'jeden' for every gender"
sk,cardinal,2001,feminine,dative,dvetisícejjednej,dvetisícjeden,"-jeden compounds: invariable, 'jeden' for every gender"
sk,cardinal,2001,feminine,accusative,dvetisícjednu,dvetisícjeden,"-jeden compounds: invariable, 'jeden' for every gender"
sk,cardinal,2001,feminine,instrumental,dvetisícoujednou,dvetisícjeden,"-jeden compounds: invariable, 'jeden' for every gender"
sk,cardinal,2001,feminine,locative,dvetisícejjednej,dvetisícjeden,"-jeden compounds: invariable, 'jeden' for every gender"
sk,cardinal,2001,neuter,nominative,dvetisícjedno,dvetisícjeden,"-jeden compounds: invariable, 'jeden' for every gender"
sk,cardinal,2001,neuter,genitive,dvetisícehojedného,dvetisícjeden,"-jeden compounds: invariable, 'jeden' for every gender"
sk,cardinal,2001,neuter,dative,dvetisícemujednému,dvetisícjeden,"-jeden compounds: invariable, 'jeden' for every gender"
sk,cardinal,2001,neuter,accusative,dvetisícjedno,dvetisícjeden,"-jeden compounds: invariable, 'jeden' for every gender"
sk,cardinal,2001,neuter,instrumental,dvetisícimjedným,dvetisícjeden,"-jeden compounds: invariable, 'jeden' for every gender"
sk,cardinal,2001,neuter,locative,dvetisícomjednom,dvetisícjeden,"-jeden compounds: invariable, 'jeden' for every gender"
sk,cardinal,2004,masculine,genitive,dvetisícehoštyroch,dvetisíc štyroch,tisíc and -tisíc compounds are invariable (tisíceho etc. are ordinals)
sk,cardinal,2004,masculine,dative,dvetisícemuštyrom,dvetisíc štyrom,tisíc and -tisíc compounds are invariable (tisíceho etc. are ordinals)
sk,cardinal,2004,masculine,accusative,dvetisícštyroch,dvetisícštyri,masc. accusative: inanimate by default (animacy= gives the old form)
sk,cardinal,2004,masculine,instrumental,dvetisícimštyrmi,dvetisíc štyrmi,tisíc and -tisíc compounds are invariable (tisíceho etc. are ordinals)
sk,cardinal,2004,masculine,locative,dvetisícomštyroch,dvetisíc štyroch,tisíc and -tisíc compounds are invariable (tisíceho etc. are ordinals)
sk,cardinal,2004,feminine,genitive,dvetisícejštyroch,dvetisíc štyroch,tisíc and -tisíc compounds are invariable (tisíceho etc. are ordinals)
sk,cardinal,2004,feminine,dative,dvetisícejštyrom,dvetisíc štyrom,tisíc and -tisíc compounds are invariable (tisíceho etc. are ordinals)
sk,cardinal,2004,feminine,instrumental,dvetisícouštyrmi,dvetisíc štyrmi,tisíc and -tisíc compounds are invariable (tisíceho etc. are ordinals)
sk,cardinal,2004,feminine,locative,dvetisícejštyroch,dvetisíc štyroch,tisíc and -tisíc compounds are invariable (tisíceho etc. are ordinals)
sk,cardinal,2004,neuter,genitive,dvetisícehoštyroch,dvetisíc štyroch,tisíc and -tisíc compounds are invariable (tisíceho etc. are ordinals)
sk,cardinal,2004,neuter,dative,dvetisícemuštyrom,dvetisíc štyrom,tisíc and -tisíc compounds are invariable (tisíceho etc. are ordinals)
sk,cardinal,2004,neuter,instrumental,dvetisícimštyrmi,dvetisíc štyrmi,tisíc and -tisíc compounds are invariable (tisíceho etc. are ordinals)
sk,cardinal,2004,neuter,locative,dvetisícomštyroch,dvetisíc štyroch,tisíc and -tisíc compounds are invariable (tisíceho etc. are ordinals)
sk,cardinal,2012,masculine,genitive,dvetisícehodvanástich,dvetisícdvanástich,tisíc and -tisíc compounds are invariable (tisíceho etc. are ordinals)
sk,cardinal,2012,masculine,dative,dvetisícemudvanástim,dvetisícdvanástim,tisíc and -tisíc compounds are invariable (tisíceho etc. are ordinals)
sk,cardinal,2012,masculine,instrumental,dvetisícimdvanástimi,dvetisícdvanástimi,tisíc and -tisíc compounds are invariable (tisíceho etc. are ordinals)
sk,cardinal,2012,masculine,locative,dvetisícomdvanástich,dvetisícdvanástich,tisíc and -tisíc compounds are invariable (tisíceho etc. are ordinals)
sk,cardinal,2012,feminine,genitive,dvetisícejdvanástich,dvetisícdvanástich,tisíc and -tisíc compounds are invariable (tisíceho etc. are ordinals)
sk,cardinal,2012,feminine,dative,dvetisícejdvanástim,dvetisícdvanástim,tisíc and -tisíc compounds are invariable (tisíceho etc. are ordinals)
sk,cardinal,2012,feminine,instrumental,dvetisícoudvanástimi,dvetisícdvanástimi,tisíc and -tisíc compounds are invariable (tisíceho etc. are ordinals)
sk,cardinal,2012,feminine,locative,dvetisícejdvanástich,dvetisícdvanástich,tisíc and -tisíc compounds are invariable (tisíceho etc. are ordinals)
sk,cardinal,2012,neuter,genitive,dvetisícehodvanástich,dvetisícdvanástich,tisíc and -tisíc compounds are invariable (tisíceho etc. are ordinals)
sk,cardinal,2012,neuter,dative,dvetisícemudvanástim,dvetisícdvanástim,tisíc and -tisíc compounds are invariable (tisíceho etc. are ordinals)
sk,cardinal,2012,neuter,instrumental,dvetisícimdvanástimi,dvetisícdvanástimi,tisíc and -tisíc compounds are invariable (tisíceho etc. are ordinals)
sk,cardinal,2012,neuter,locative,dvetisícomdvanástich,dvetisícdvanástich,tisíc and -tisíc compounds are invariable (tisíceho etc. are ordinals)
sk,cardinal,2020,masculine,genitive,dvetisícehodvadsiatich,dvetisícdvadsiatich,tisíc and -tisíc compounds are invariable (tisíceho etc. are ordinals)
sk,cardinal,2020,masculine,dative,dvetisícemudvadsiatim,dvetisícdvadsiatim,tisíc and -tisíc compounds are invariable (tisíceho etc. are ordinals)
sk,cardinal,2020,masculine,instrumental,dvetisícimdvadsiatimi,dvetisícdvadsiatimi,tisíc and -tisíc compounds are invariable (tisíceho etc. are ordinals)
sk,cardinal,2020,masculine,locative,dvetisícomdvadsiatich,dvetisícdvadsiatich,tisíc and -tisíc compounds are invariable (tisíceho etc. are ordinals)
sk,cardinal,2020,feminine,genitive,dvetisícejdvadsiatich,dvetisícdvadsiatich,tisíc and -tisíc compounds are invariable (tisíceho etc. are ordinals)
sk,cardinal,2020,feminine,dative,dvetisícejdvadsiatim,dvetisícdvadsiatim,tisíc and -tisíc compounds are invariable (tisíceho etc. are ordinals)
sk,cardinal,2020,feminine,instrumental,dvetisícoudvadsiatimi,dvetisícdvadsiatimi,tisíc and -tisíc compounds are invariable (tisíceho etc. are ordinals)
sk,cardinal,2020,feminine,locative,dvetisícejdvadsiatich,dvetisícdvadsiatich,tisíc and -tisíc compounds are invariable (tisíceho etc. are ordinals)
sk,cardinal,2020,neuter,genitive,dvetisícehodvadsiatich,dvetisícdvadsiatich,tisíc and -tisíc compounds are invariable (tisíceho etc. are ordinals)
sk,cardinal,2020,neuter,dative,dvetisícemudvadsiatim,dvetisícdvadsiatim,tisíc and -tisíc compounds are invariable (tisíceho etc. are ordinals)
sk,cardinal,2020,neuter,instrumental,dvetisícimdvadsiatimi,dvetisícdvadsiatimi,tisíc and -tisíc compounds are invariable (tisíceho etc. are ordinals)
sk,cardinal,2020,neuter,locative,dvetisícomdvadsiatich,dvetisícdvadsiatich,tisíc and -tisíc compounds are invariable (tisíceho etc. are ordinals)
sk,cardinal,2021,masculine,genitive,dvetisícehodvadsiatehojedného,dvetisícdvadsaťjeden,"-jeden compounds: invariable, 'jeden' for every gender"
sk,cardinal,2021,masculine,dative,dvetisícemudvadsiatemujednému,dvetisícdvadsaťjeden,"-jeden compounds: invariable, 'jeden' for every gender"
sk,cardinal,2021,masculine,accusative,dvetisícdvadsaťjedného,dvetisícdvadsaťjeden,"-jeden compounds: invariable, 'jeden' for every gender"
sk,cardinal,2021,masculine,instrumental,dvetisícimdvadsiatymjedným,dvetisícdvadsaťjeden,"-jeden compounds: invariable, 'jeden' for every gender"
sk,cardinal,2021,masculine,locative,dvetisícomdvadsiatomjednom,dvetisícdvadsaťjeden,"-jeden compounds: invariable, 'jeden' for every gender"
sk,cardinal,2021,feminine,nominative,dvetisícdvadsaťjedna,dvetisícdvadsaťjeden,"-jeden compounds: invariable, 'jeden' for every gender"
sk,cardinal,2021,feminine,genitive,dvetisícejdvadsiatehojednej,dvetisícdvadsaťjeden,"-jeden compounds: invariable, 'jeden' for every gender"
sk,cardinal,2021,feminine,dative,dvetisícejdvadsiatemujednej,dvetisícdvadsaťjeden,"-jeden compounds: invariable, 'jeden' for every gender"
sk,cardinal,2021,feminine,accusative,dvetisícdvadsaťjednu,dvetisícdvadsaťjeden,"-jeden compounds: invariable, 'jeden' for every gender"
sk,cardinal,2021,feminine,instrumental,dvetisícoudvadsiatymjednou,dvetisícdvadsaťjeden,"-jeden compounds: invariable, 'jeden' for every gender"
sk,cardinal,2021,feminine,locative,dvetisícejdvadsiatomjednej,dvetisícdvadsaťjeden,"-jeden compounds: invariable, 'jeden' for every gender"
sk,cardinal,2021,neuter,nominative,dvetisícdvadsaťjedno,dvetisícdvadsaťjeden,"-jeden compounds: invariable, 'jeden' for every gender"
sk,cardinal,2021,neuter,genitive,dvetisícehodvadsiatehojedného,dvetisícdvadsaťjeden,"-jeden compounds: invariable, 'jeden' for every gender"
sk,cardinal,2021,neuter,dative,dvetisícemudvadsiatemujednému,dvetisícdvadsaťjeden,"-jeden compounds: invariable, 'jeden' for every gender"
sk,cardinal,2021,neuter,accusative,dvetisícdvadsaťjedno,dvetisícdvadsaťjeden,"-jeden compounds: invariable, 'jeden' for every gender"
sk,cardinal,2021,neuter,instrumental,dvetisícimdvadsiatymjedným,dvetisícdvadsaťjeden,"-jeden compounds: invariable, 'jeden' for every gender"
sk,cardinal,2021,neuter,locative,dvetisícomdvadsiatomjednom,dvetisícdvadsaťjeden,"-jeden compounds: invariable, 'jeden' for every gender"
sk,cardinal,2059,masculine,genitive,dvetisícehopäťdesiatehodeviateho,dvetisícpäťdesiatich deviatich,tisíc and -tisíc compounds are invariable (tisíceho etc. are ordinals)
sk,cardinal,2059,masculine,dative,dvetisícemupäťdesiatemudeviatemu,dvetisícpäťdesiatim deviatim,tisíc and -tisíc compounds are invariable (tisíceho etc. are ordinals)
sk,cardinal,2059,masculine,instrumental,dvetisícimpäťdesiatymdeviatym,dvetisícpäťdesiatimi deviatimi,tisíc and -tisíc compounds are invariable (tisíceho etc. are ordinals)
sk,cardinal,2059,masculine,locative,dvetisícompäťdesiatomdeviatom,dvetisícpäťdesiatich deviatich,tisíc and -tisíc compounds are invariable (tisíceho etc. are ordinals)
sk,cardinal,2059,feminine,genitive,dvetisícejpäťdesiatehodeviatej,dvetisícpäťdesiatich deviatich,tisíc and -tisíc compounds are invariable (tisíceho etc. are ordinals)
sk,cardinal,2059,feminine,dative,dvetisícejpäťdesiatemudeviatej,dvetisícpäťdesiatim deviatim,tisíc and -tisíc compounds are invariable (tisíceho etc. are ordinals)
sk,cardinal,2059,feminine,instrumental,dvetisícoupäťdesiatymdeviatou,dvetisícpäťdesiatimi deviatimi,tisíc and -tisíc compounds are invariable (tisíceho etc. are ordinals)
sk,cardinal,2059,feminine,locative,dvetisícejpäťdesiatomdeviatej,dvetisícpäťdesiatich deviatich,tisíc and -tisíc compounds are invariable (tisíceho etc. are ordinals)
sk,cardinal,2059,neuter,genitive,dvetisícehopäťdesiatehodeviateho,dvetisícpäťdesiatich deviatich,tisíc and -tisíc compounds are invariable (tisíceho etc. are ordinals)
sk,cardinal,2059,neuter,dative,dvetisícemupäťdesiatemudeviatemu,dvetisícpäťdesiatim deviatim,tisíc and -tisíc compounds are invariable (tisíceho etc. are ordinals)
sk,cardinal,2059,neuter,instrumental,dvetisícimpäťdesiatymdeviatym,dvetisícpäťdesiatimi deviatimi,tisíc and -tisíc compounds are invariable (tisíceho etc. are ordinals)
sk,cardinal,2059,neuter,locative,dvetisícompäťdesiatomdeviatom,dvetisícpäťdesiatich deviatich,tisíc and -tisíc compounds are invariable (tisíceho etc. are ordinals)
sk,cardinal,2099,masculine,genitive,dvetisícehodeväťdesiatehodeviateho,dvetisícdeväťdesiatich deviatich,tisíc and -tisíc compounds are invariable (tisíceho etc. are ordinals)
sk,cardinal,2099,masculine,dative,dvetisícemudeväťdesiatemudeviatemu,dvetisícdeväťdesiatim deviatim,tisíc and -tisíc compounds are invariable (tisíceho etc. are ordinals)
sk,cardinal,2099,masculine,instrumental,dvetisícimdeväťdesiatymdeviatym,dvetisícdeväťdesiatimi deviatimi,tisíc and -tisíc compounds are invariable (tisíceho etc. are ordinals)
sk,cardinal,2099,masculine,locative,dvetisícomdeväťdesiatomdeviatom,dvetisícdeväťdesiatich deviatich,tisíc and -tisíc compounds are invariable (tisíceho etc. are ordinals)
sk,cardinal,2099,feminine,genitive,dvetisícejdeväťdesiatehodeviatej,dvetisícdeväťdesiatich deviatich,tisíc and -tisíc compounds are invariable (tisíceho etc. are ordinals)
sk,cardinal,2099,feminine,dative,dvetisícejdeväťdesiatemudeviatej,dvetisícdeväťdesiatim deviatim,tisíc and -tisíc compounds are invariable (tisíceho etc. are ordinals)
sk,cardinal,2099,feminine,instrumental,dvetisícoudeväťdesiatymdeviatou,dvetisícdeväťdesiatimi deviatimi,tisíc and -tisíc compounds are invariable (tisíceho etc. are ordinals)
sk,cardinal,2099,feminine,locative,dvetisícejdeväťdesiatomdeviatej,dvetisícdeväťdesiatich deviatich,tisíc and -tisíc compounds are invariable (tisíceho etc. are ordinals)
sk,cardinal,2099,neuter,genitive,dvetisícehodeväťdesiatehodeviateho,dvetisícdeväťdesiatich deviatich,tisíc and -tisíc compounds are invariable (tisíceho etc. are ordinals)
sk,cardinal,2099,neuter,dative,dvetisícemudeväťdesiatemudeviatemu,dvetisícdeväťdesiatim deviatim,tisíc and -tisíc compounds are invariable (tisíceho etc. are ordinals)
sk,cardinal,2099,neuter,instrumental,dvetisícimdeväťdesiatymdeviatym,dvetisícdeväťdesiatimi deviatimi,tisíc and -tisíc compounds are invariable (tisíceho etc. are ordinals)
sk,cardinal,2099,neuter,locative,dvetisícomdeväťdesiatomdeviatom,dvetisícdeväťdesiatich deviatich,tisíc and -tisíc compounds are invariable (tisíceho etc. are ordinals)
sk,cardinal,2100,masculine,genitive,dvetisícehostého,dvetisícsto,tisíc and -tisíc compounds are invariable (tisíceho etc. are ordinals)
sk,cardinal,2100,masculine,dative,dvetisícemustému,dvetisícsto,tisíc and -tisíc compounds are invariable (tisíceho etc. are ordinals)
sk,cardinal,2100,masculine,instrumental,dvetisícimstým,dvetisícsto,tisíc and -tisíc compounds are invariable (tisíceho etc. are ordinals)
sk,cardinal,2100,masculine,locative,dvetisícomstom,dvetisícsto,tisíc and -tisíc compounds are invariable (tisíceho etc. are ordinals)
sk,cardinal,2100,feminine,nominative,dvetisícstá,dvetisícsto,"sto, dvesto… are invariable (stého/stá are ordinals)"
sk,cardinal,2100,feminine,genitive,dvetisícejstej,dvetisícsto,tisíc and -tisíc compounds are invariable (tisíceho etc. are ordinals)
sk,cardinal,2100,feminine,dative,dvetisícejstej,dvetisícsto,tisíc and -tisíc compounds are invariable (tisíceho etc. are ordinals)
sk,cardinal,2100,feminine,accusative,dvetisícstú,dvetisícsto,"sto, dvesto… are invariable (stého/stá are ordinals)"
sk,cardinal,2100,feminine,instrumental,dvetisícoustou,dvetisícsto,tisíc and -tisíc compounds are invariable (tisíceho etc. are ordinals)
sk,cardinal,2100,feminine,locative,dvetisícejstej,dvetisícsto,tisíc and -tisíc compounds are invariable (tisíceho etc. are ordinals)
sk,cardinal,2100,neuter,nominative,dvetisícsté,dvetisícsto,"sto, dvesto… are invariable (stého/stá are ordinals)"
sk,cardinal,2100,neuter,genitive,dvetisícehostého,dvetisícsto,tisíc and -tisíc compounds are invariable (tisíceho etc. are ordinals)
sk,cardinal,2100,neuter,dative,dvetisícemustému,dvetisícsto,tisíc and -tisíc compounds are invariable (tisíceho etc. are ordinals)
sk,cardinal,2100,neuter,accusative,dvetisícsté,dvetisícsto,"sto, dvesto… are invariable (stého/stá are ordinals)"
sk,cardinal,2100,neuter,instrumental,dvetisícimstým,dvetisícsto,tisíc and -tisíc compounds are invariable (tisíceho etc. are ordinals)
sk,cardinal,2100,neuter,locative,dvetisícomstom,dvetisícsto,tisíc and -tisíc compounds are invariable (tisíceho etc. are ordinals)
sk,cardinal,2152,masculine,genitive,dvetisícehostopäťdesiatehodruhého,dvetisícstopäťdesiatich dvoch,tisíc and -tisíc compounds are invariable (tisíceho etc. are ordinals)
sk,cardinal,2152,masculine,dative,dvetisícemustopäťdesiatemudruhému,dvetisícstopäťdesiatim dvom,tisíc and -tisíc compounds are invariable (tisíceho etc. are ordinals)
sk,cardinal,2152,masculine,instrumental,dvetisícimstopäťdesiatymdruhým,dvetisícstopäťdesiatimi dvoma,tisíc and -tisíc compounds are invariable (tisíceho etc. are ordinals)
sk,cardinal,2152,masculine,locative,dvetisícomstopäťdesiatomdruhom,dvetisícstopäťdesiatich dvoch,tisíc and -tisíc compounds are invariable (tisíceho etc. are ordinals)
sk,cardinal,2152,feminine,nominative,dvetisícstápäťdesiatdve,dvetisícstopäťdesiatdva,"sto, dvesto… are invariable (stého/stá are ordinals)"
sk,cardinal,2152,feminine,genitive,dvetisícejstápäťdesiatehodruhej,dvetisícstopäťdesiatich dvoch,tisíc and -tisíc compounds are invariable (tisíceho etc. are ordinals)
sk,cardinal,2152,feminine,dative,dvetisícejstápäťdesiatemudruhej,dvetisícstopäťdesiatim dvom,tisíc and -tisíc compounds are invariable (tisíceho etc. are ordinals)
sk,cardinal,2152,feminine,accusative,dvetisícstápäťdesiatdve,dvetisícstopäťdesiatdva,"sto, dvesto… are invariable (stého/stá are ordinals)"
sk,cardinal,2152,feminine,instrumental,dvetisícoustápäťdesiatymdruhou,dvetisícstopäťdesiatimi dvomi,tisíc and -tisíc compounds are invariable (tisíceho etc. are ordinals)
sk,cardinal,2152,feminine,locative,dvetisícejstápäťdesiatomdruhej,dvetisícstopäťdesiatich dvoch,tisíc and -tisíc compounds are invariable (tisíceho etc. are ordinals)
sk,cardinal,2152,neuter,nominative,dvetisícstépäťdesiatdve,dvetisícstopäťdesiatdva,"sto, dvesto… are invariable (stého/stá are ordinals)"
sk,cardinal,2152,neuter,genitive,dvetisícehostépäťdesiatehodruhého,dvetisícstopäťdesiatich dvoch,tisíc and -tisíc compounds are invariable (tisíceho etc. are ordinals)
sk,cardinal,2152,neuter,dative,dvetisícemustépäťdesiatemudruhému,dvetisícstopäťdesiatim dvom,tisíc and -tisíc compounds are invariable (tisíceho etc. are ordinals)
sk,cardinal,2152,neuter,accusative,dvetisícstépäťdesiatdve,dvetisícstopäťdesiatdva,"sto, dvesto… are invariable (stého/stá are ordinals)"
sk,cardinal,2152,neuter,instrumental,dvetisícimstépäťdesiatymdruhým,dvetisícstopäťdesiatimi dvoma,tisíc and -tisíc compounds are invariable (tisíceho etc. are ordinals)
sk,cardinal,2152,neuter,locative,dvetisícomstépäťdesiatomdruhom,dvetisícstopäťdesiatich dvoch,tisíc and -tisíc compounds are invariable (tisíceho etc. are ordinals)
sk,cardinal,2200,masculine,genitive,dvetisícehodvestého,dvetisícdvesto,tisíc and -tisíc compounds are invariable (tisíceho etc. are ordinals)
sk,cardinal,2200,masculine,dative,dvetisícemudvestému,dvetisícdvesto,tisíc and -tisíc compounds are invariable (tisíceho etc. are ordinals)
sk,cardinal,2200,masculine,instrumental,dvetisícimdvestým,dvetisícdvesto,tisíc and -tisíc compounds are invariable (tisíceho etc. are ordinals)
sk,cardinal,2200,masculine,locative,dvetisícomdvestom,dvetisícdvesto,tisíc and -tisíc compounds are invariable (tisíceho etc. are ordinals)
sk,cardinal,2200,feminine,nominative,dvetisícdvestá,dvetisícdvesto,"sto, dvesto… are invariable (stého/stá are ordinals)"
sk,cardinal,2200,feminine,genitive,dvetisícejdvestej,dvetisícdvesto,tisíc and -tisíc compounds are invariable (tisíceho etc. are ordinals)
sk,cardinal,2200,feminine,dative,dvetisícejdvestej,dvetisícdvesto,tisíc and -tisíc compounds are invariable (tisíceho etc. are ordinals)
sk,cardinal,2200,feminine,accusative,dvetisícdvestú,dvetisícdvesto,"sto, dvesto… are invariable (stého/stá are ordinals)"
sk,cardinal,2200,feminine,instrumental,dvetisícoudvestou,dvetisícdvesto,tisíc and -tisíc compounds are invariable (tisíceho etc. are ordinals)
sk,cardinal,2200,feminine,locative,dvetisícejdvestej,dvetisícdvesto,tisíc and -tisíc compounds are invariable (tisíceho etc. are ordinals)
sk,cardinal,2200,neuter,nominative,dvetisícdvesté,dvetisícdvesto,"sto, dvesto… are invariable (stého/stá are ordinals)"
sk,cardinal,2200,neuter,genitive,dvetisícehodvestého,dvetisícdvesto,tisíc and -tisíc compounds are invariable (tisíceho etc. are ordinals)
sk,cardinal,2200,neuter,dative,dvetisícemudvestému,dvetisícdvesto,tisíc and -tisíc compounds are invariable (tisíceho etc. are ordinals)
sk,cardinal,2200,neuter,accusative,dvetisícdvesté,dvetisícdvesto,"sto, dvesto… are invariable (stého/stá are ordinals)"
sk,cardinal,2200,neuter,instrumental,dvetisícimdvestým,dvetisícdvesto,tisíc and -tisíc compounds are invariable (tisíceho etc. are ordinals)
sk,cardinal,2200,neuter,locative,dvetisícomdvestom,dvetisícdvesto,tisíc and -tisíc compounds are invariable (tisíceho etc. are ordinals)
sk,cardinal,2201,masculine,genitive,dvetisícehodvestojedného,dvetisícdvestojeden,"-jeden compounds: invariable, 'jeden' for every gender"
sk,cardinal,2201,masculine,dative,dvetisícemudvestojednému,dvetisícdvestojeden,"-jeden compounds: invariable, 'jeden' for every gender"
sk,cardinal,2201,masculine,accusative,dvetisícdvestojedného,dvetisícdvestojeden,"-jeden compounds: invariable, 'jeden' for every gender"
sk,cardinal,2201,masculine,instrumental,dvetisícimdvestojedným,dvetisícdvestojeden,"-jeden compounds: invariable, 'jeden' for every gender"
sk,cardinal,2201,masculine,locative,dvetisícomdvestojednom,dvetisícdvestojeden,"-jeden compounds: invariable, 'jeden' for every gender"
sk,cardinal,2201,feminine,nominative,dvetisícdvestájedna,dvetisícdvestojeden,"-jeden compounds: invariable, 'jeden' for every gender"
sk,cardinal,2201,feminine,genitive,dvetisícejdvestájednej,dvetisícdvestojeden,"-jeden compounds: invariable, 'jeden' for every gender"
sk,cardinal,2201,feminine,dative,dvetisícejdvestájednej,dvetisícdvestojeden,"-jeden compounds: invariable, 'jeden' for every gender"
sk,cardinal,2201,feminine,accusative,dvetisícdvestájednu,dvetisícdvestojeden,"-jeden compounds: invariable, 'jeden' for every gender"
sk,cardinal,2201,feminine,instrumental,dvetisícoudvestájednou,dvetisícdvestojeden,"-jeden compounds: invariable, 'jeden' for every gender"
sk,cardinal,2201,feminine,locative,dvetisícejdvestájednej,dvetisícdvestojeden,"-jeden compounds: invariable, 'jeden' for every gender"
sk,cardinal,2201,neuter,nominative,dvetisícdvestéjedno,dvetisícdvestojeden,"-jeden compounds: invariable, 'jeden' for every gender"
sk,cardinal,2201,neuter,genitive,dvetisícehodvestéjedného,dvetisícdvestojeden,"-jeden compounds: invariable, 'jeden' for every gender"
sk,cardinal,2201,neuter,dative,dvetisícemudvestéjednému,dvetisícdvestojeden,"-jeden compounds: invariable, 'jeden' for every gender"
sk,cardinal,2201,neuter,accusative,dvetisícdvestéjedno,dvetisícdvestojeden,"-jeden compounds: invariable, 'jeden' for every gender"
sk,cardinal,2201,neuter,instrumental,dvetisícimdvestéjedným,dvetisícdvestojeden,"-jeden compounds: invariable, 'jeden' for every gender"
sk,cardinal,2201,neuter,locative,dvetisícomdvestéjednom,dvetisícdvestojeden,"-jeden compounds: invariable, 'jeden' for every gender"
sk,cardinal,2222,masculine,genitive,dvetisícehodvestodvadsiatehodruhého,dvetisícdvestodvadsiatich dvoch,tisíc and -tisíc compounds are invariable (tisíceho etc. are ordinals)
sk,cardinal,2222,masculine,dative,dvetisícemudvestodvadsiatemudruhému,dvetisícdvestodvadsiatim dvom,tisíc and -tisíc compounds are invariable (tisíceho etc. are ordinals)
sk,cardinal,2222,masculine,instrumental,dvetisícimdvestodvadsiatymdruhým,dvetisícdvestodvadsiatimi dvoma,tisíc and -tisíc compounds are invariable (tisíceho etc. are ordinals)
sk,cardinal,2222,masculine,locative,dvetisícomdvestodvadsiatomdruhom,dvetisícdvestodvadsiatich dvoch,tisíc and -tisíc compounds are invariable (tisíceho etc. are ordinals)
sk,cardinal,2222,feminine,nominative,dvetisícdvestádvadsaťdve,dvetisícdvestodvadsaťdva,"sto, dvesto… are invariable (stého/stá are ordinals)"
sk,cardinal,2222,feminine,genitive,dvetisícejdvestádvadsiatehodruhej,dvetisícdvestodvadsiatich dvoch,tisíc and -tisíc compounds are invariable (tisíceho etc. are ordinals)
sk,cardinal,2222,feminine,dative,dvetisícejdvestádvadsiatemudruhej,dvetisícdvestodvadsiatim dvom,tisíc and -tisíc compounds are invariable (tisíceho etc. are ordinals)
sk,cardinal,2222,feminine,accusative,dvetisícdvestádvadsaťdve,dvetisícdvestodvadsaťdva,"sto, dvesto… are invariable (stého/stá are ordinals)"
sk,cardinal,2222,feminine,instrumental,dvetisícoudvestádvadsiatymdruhou,dvetisícdvestodvadsiatimi dvomi,tisíc and -tisíc compounds are invariable (tisíceho etc. are ordinals)
sk,cardinal,2222,feminine,locative,dvetisícejdvestádvadsiatomdruhej,dvetisícdvestodvadsiatich dvoch,tisíc and -tisíc compounds are invariable (tisíceho etc. are ordinals)
sk,cardinal,2222,neuter,nominative,dvetisícdvestédvadsaťdve,dvetisícdvestodvadsaťdva,"sto, dvesto… are invariable (stého/stá are ordinals)"
sk,cardinal,2222,neuter,genitive,dvetisícehodvestédvadsiatehodruhého,dvetisícdvestodvadsiatich dvoch,tisíc and -tisíc compounds are invariable (tisíceho etc. are ordinals)
sk,cardinal,2222,neuter,dative,dvetisícemudvestédvadsiatemudruhému,dvetisícdvestodvadsiatim dvom,tisíc and -tisíc compounds are invariable (tisíceho etc. are ordinals)
sk,cardinal,2222,neuter,accusative,dvetisícdvestédvadsaťdve,dvetisícdvestodvadsaťdva,"sto, dvesto… are invariable (stého/stá are ordinals)"
sk,cardinal,2222,neuter,instrumental,dvetisícimdvestédvadsiatymdruhým,dvetisícdvestodvadsiatimi dvoma,tisíc and -tisíc compounds are invariable (tisíceho etc. are ordinals)
sk,cardinal,2222,neuter,locative,dvetisícomdvestédvadsiatomdruhom,dvetisícdvestodvadsiatich dvoch,tisíc and -tisíc compounds are invariable (tisíceho etc. are ordinals)
sk,cardinal,3000,masculine,genitive,tritisíceho,tritisíc,tisíc and -tisíc compounds are invariable (tisíceho etc. are ordinals)
sk,cardinal,3000,masculine,dative,tritisícemu,tritisíc,tisíc and -tisíc compounds are invariable (tisíceho etc. are ordinals)
sk,cardinal,3000,masculine,instrumental,tritisícim,tritisíc,tisíc and -tisíc compounds are invariable (tisíceho etc. are ordinals)
sk,cardinal,3000,masculine,locative,tritisícom,tritisíc,tisíc and -tisíc compounds are invariable (tisíceho etc. are ordinals)
sk,cardinal,3000,feminine,genitive,tritisícej,tritisíc,tisíc and -tisíc compounds are invariable (tisíceho etc. are ordinals)
sk,cardinal,3000,feminine,dative,tritisícej,tritisíc,tisíc and -tisíc compounds are invariable (tisíceho etc. are ordinals)
sk,cardinal,3000,feminine,instrumental,tritisícou,tritisíc,tisíc and -tisíc compounds are invariable (tisíceho etc. are ordinals)
sk,cardinal,3000,feminine,locative,tritisícej,tritisíc,tisíc and -tisíc compounds are invariable (tisíceho etc. are ordinals)
sk,cardinal,3000,neuter,genitive,tritisíceho,tritisíc,tisíc and -tisíc compounds are invariable (tisíceho etc. are ordinals)
sk,cardinal,3000,neuter,dative,tritisícemu,tritisíc,tisíc and -tisíc compounds are invariable (tisíceho etc. are ordinals)
sk,cardinal,3000,neuter,instrumental,tritisícim,tritisíc,tisíc and -tisíc compounds are invariable (tisíceho etc. are ordinals)
sk,cardinal,3000,neuter,locative,tritisícom,tritisíc,tisíc and -tisíc compounds are invariable (tisíceho etc. are ordinals)
sk,cardinal,3003,masculine,genitive,tritisícehotroch,tritisíc troch,tisíc and -tisíc compounds are invariable (tisíceho etc. are ordinals)
sk,cardinal,3003,masculine,dative,tritisícemutrom,tritisíc trom,tisíc and -tisíc compounds are invariable (tisíceho etc. are ordinals)
sk,cardinal,3003,masculine,accusative,tritisíctroch,tritisíctri,masc. accusative: inanimate by default (animacy= gives the old form)
sk,cardinal,3003,masculine,instrumental,tritisícimtroma,tritisíc troma,tisíc and -tisíc compounds are invariable (tisíceho etc. are ordinals)
sk,cardinal,3003,masculine,locative,tritisícomtroch,tritisíc troch,tisíc and -tisíc compounds are invariable (tisíceho etc. are ordinals)
sk,cardinal,3003,feminine,genitive,tritisícejtroch,tritisíc troch,tisíc and -tisíc compounds are invariable (tisíceho etc. are ordinals)
sk,cardinal,3003,feminine,dative,tritisícejtrom,tritisíc trom,tisíc and -tisíc compounds are invariable (tisíceho etc. are ordinals)
sk,cardinal,3003,feminine,instrumental,tritisícoutromi,tritisíc tromi,tisíc and -tisíc compounds are invariable (tisíceho etc. are ordinals)
sk,cardinal,3003,feminine,locative,tritisícejtroch,tritisíc troch,tisíc and -tisíc compounds are invariable (tisíceho etc. are ordinals)
sk,cardinal,3003,neuter,genitive,tritisícehotroch,tritisíc troch,tisíc and -tisíc compounds are invariable (tisíceho etc. are ordinals)
sk,cardinal,3003,neuter,dative,tritisícemutrom,tritisíc trom,tisíc and -tisíc compounds are invariable (tisíceho etc. are ordinals)
sk,cardinal,3003,neuter,instrumental,tritisícimtroma,tritisíc troma,tisíc and -tisíc compounds are invariable (tisíceho etc. are ordinals)
sk,cardinal,3003,neuter,locative,tritisícomtroch,tritisíc troch,tisíc and -tisíc compounds are invariable (tisíceho etc. are ordinals)
sk,cardinal,3013,masculine,genitive,tritisícehotrinástich,tritisíctrinástich,tisíc and -tisíc compounds are invariable (tisíceho etc. are ordinals)
sk,cardinal,3013,masculine,dative,tritisícemutrinástim,tritisíctrinástim,tisíc and -tisíc compounds are invariable (tisíceho etc. are ordinals)
sk,cardinal,3013,masculine,instrumental,tritisícimtrinástimi,tritisíctrinástimi,tisíc and -tisíc compounds are invariable (tisíceho etc. are ordinals)
sk,cardinal,3013,masculine,locative,tritisícomtrinástich,tritisíctrinástich,tisíc and -tisíc compounds are invariable (tisíceho etc. are ordinals)
sk,cardinal,3013,feminine,genitive,tritisícejtrinástich,tritisíctrinástich,tisíc and -tisíc compounds are invariable (tisíceho etc. are ordinals)
sk,cardinal,3013,feminine,dative,tritisícejtrinástim,tritisíctrinástim,tisíc and -tisíc compounds are invariable (tisíceho etc. are ordinals)
sk,cardinal,3013,feminine,instrumental,tritisícoutrinástimi,tritisíctrinástimi,tisíc and -tisíc compounds are invariable (tisíceho etc. are ordinals)
sk,cardinal,3013,feminine,locative,tritisícejtrinástich,tritisíctrinástich,tisíc and -tisíc compounds are invariable (tisíceho etc. are ordinals)
sk,cardinal,3013,neuter,genitive,tritisícehotrinástich,tritisíctrinástich,tisíc and -tisíc compounds are invariable (tisíceho etc. are ordinals)
sk,cardinal,3013,neuter,dative,tritisícemutrinástim,tritisíctrinástim,tisíc and -tisíc compounds are invariable (tisíceho etc. are ordinals)
sk,cardinal,3013,neuter,instrumental,tritisícimtrinástimi,tritisíctrinástimi,tisíc and -tisíc compounds are invariable (tisíceho etc. are ordinals)
sk,cardinal,3013,neuter,locative,tritisícomtrinástich,tritisíctrinástich,tisíc and -tisíc compounds are invariable (tisíceho etc. are ordinals)
sk,cardinal,3033,masculine,genitive,tritisícehotridsiatehotretieho,tritisíctridsiatich troch,tisíc and -tisíc compounds are invariable (tisíceho etc. are ordinals)
sk,cardinal,3033,masculine,dative,tritisícemutridsiatemutretiemu,tritisíctridsiatim trom,tisíc and -tisíc compounds are invariable (tisíceho etc. are ordinals)
sk,cardinal,3033,masculine,instrumental,tritisícimtridsiatymtretím,tritisíctridsiatimi troma,tisíc and -tisíc compounds are invariable (tisíceho etc. are ordinals)
sk,cardinal,3033,masculine,locative,tritisícomtridsiatomtreťom,tritisíctridsiatich troch,tisíc and -tisíc compounds are invariable (tisíceho etc. are ordinals)
sk,cardinal,3033,feminine,genitive,tritisícejtridsiatehotretej,tritisíctridsiatich troch,tisíc and -tisíc compounds are invariable (tisíceho etc. are ordinals)
sk,cardinal,3033,feminine,dative,tritisícejtridsiatemutretej,tritisíctridsiatim trom,tisíc and -tisíc compounds are invariable (tisíceho etc. are ordinals)
sk,cardinal,3033,feminine,instrumental,tritisícoutridsiatymtreťou,tritisíctridsiatimi tromi,tisíc and -tisíc compounds are invariable (tisíceho etc. are ordinals)
sk,cardinal,3033,feminine,locative,tritisícejtridsiatomtretej,tritisíctridsiatich troch,tisíc and -tisíc compounds are invariable (tisíceho etc. are ordinals)
sk,cardinal,3033,neuter,genitive,tritisícehotridsiatehotretieho,tritisíctridsiatich troch,tisíc and -tisíc compounds are invariable (tisíceho etc. are ordinals)
sk,cardinal,3033,neuter,dative,tritisícemutridsiatemutretiemu,tritisíctridsiatim trom,tisíc and -tisíc compounds are invariable (tisíceho etc. are ordinals)
sk,cardinal,3033,neuter,instrumental,tritisícimtridsiatymtretím,tritisíctridsiatimi troma,tisíc and -tisíc compounds are invariable (tisíceho etc. are ordinals)
sk,cardinal,3033,neuter,locative,tritisícomtridsiatomtreťom,tritisíctridsiatich troch,tisíc and -tisíc compounds are invariable (tisíceho etc. are ordinals)
sk,cardinal,3333,masculine,genitive,tritisícehotristotridsiatehotretieho,tritisíctristotridsiatich troch,tisíc and -tisíc compounds are invariable (tisíceho etc. are ordinals)
sk,cardinal,3333,masculine,dative,tritisícemutristotridsiatemutretiemu,tritisíctristotridsiatim trom,tisíc and -tisíc compounds are invariable (tisíceho etc. are ordinals)
sk,cardinal,3333,masculine,instrumental,tritisícimtristotridsiatymtretím,tritisíctristotridsiatimi troma,tisíc and -tisíc compounds are invariable (tisíceho etc. are ordinals)
sk,cardinal,3333,masculine,locative,tritisícomtristotridsiatomtreťom,tritisíctristotridsiatich troch,tisíc and -tisíc compounds are invariable (tisíceho etc. are ordinals)
sk,cardinal,3333,feminine,nominative,tritisíctristátridsaťtri,tritisíctristotridsaťtri,"sto, dvesto… are invariable (stého/stá are ordinals)"
sk,cardinal,3333,feminine,genitive,tritisícejtristátridsiatehotretej,tritisíctristotridsiatich troch,tisíc and -tisíc compounds are invariable (tisíceho etc. are ordinals)
sk,cardinal,3333,feminine,dative,tritisícejtristátridsiatemutretej,tritisíctristotridsiatim trom,tisíc and -tisíc compounds are invariable (tisíceho etc. are ordinals)
sk,cardinal,3333,feminine,accusative,tritisíctristátridsaťtri,tritisíctristotridsaťtri,"sto, dvesto… are invariable (stého/stá are ordinals)"
sk,cardinal,3333,feminine,instrumental,tritisícoutristátridsiatymtreťou,tritisíctristotridsiatimi tromi,tisíc and -tisíc compounds are invariable (tisíceho etc. are ordinals)
sk,cardinal,3333,feminine,locative,tritisícejtristátridsiatomtretej,tritisíctristotridsiatich troch,tisíc and -tisíc compounds are invariable (tisíceho etc. are ordinals)
sk,cardinal,3333,neuter,nominative,tritisíctristétridsaťtri,tritisíctristotridsaťtri,"sto, dvesto… are invariable (stého/stá are ordinals)"
sk,cardinal,3333,neuter,genitive,tritisícehotristétridsiatehotretieho,tritisíctristotridsiatich troch,tisíc and -tisíc compounds are invariable (tisíceho etc. are ordinals)
sk,cardinal,3333,neuter,dative,tritisícemutristétridsiatemutretiemu,tritisíctristotridsiatim trom,tisíc and -tisíc compounds are invariable (tisíceho etc. are ordinals)
sk,cardinal,3333,neuter,accusative,tritisíctristétridsaťtri,tritisíctristotridsaťtri,"sto, dvesto… are invariable (stého/stá are ordinals)"
sk,cardinal,3333,neuter,instrumental,tritisícimtristétridsiatymtretím,tritisíctristotridsiatimi troma,tisíc and -tisíc compounds are invariable (tisíceho etc. are ordinals)
sk,cardinal,3333,neuter,locative,tritisícomtristétridsiatomtreťom,tritisíctristotridsiatich troch,tisíc and -tisíc compounds are invariable (tisíceho etc. are ordinals)
sk,cardinal,4000,masculine,genitive,štyritisíceho,štyritisíc,tisíc and -tisíc compounds are invariable (tisíceho etc. are ordinals)
sk,cardinal,4000,masculine,dative,štyritisícemu,štyritisíc,tisíc and -tisíc compounds are invariable (tisíceho etc. are ordinals)
sk,cardinal,4000,masculine,instrumental,štyritisícim,štyritisíc,tisíc and -tisíc compounds are invariable (tisíceho etc. are ordinals)
sk,cardinal,4000,masculine,locative,štyritisícom,štyritisíc,tisíc and -tisíc compounds are invariable (tisíceho etc. are ordinals)
sk,cardinal,4000,feminine,genitive,štyritisícej,štyritisíc,tisíc and -tisíc compounds are invariable (tisíceho etc. are ordinals)
sk,cardinal,4000,feminine,dative,štyritisícej,štyritisíc,tisíc and -tisíc compounds are invariable (tisíceho etc. are ordinals)
sk,cardinal,4000,feminine,instrumental,štyritisícou,štyritisíc,tisíc and -tisíc compounds are invariable (tisíceho etc. are ordinals)
sk,cardinal,4000,feminine,locative,štyritisícej,štyritisíc,tisíc and -tisíc compounds are invariable (tisíceho etc. are ordinals)
sk,cardinal,4000,neuter,genitive,štyritisíceho,štyritisíc,tisíc and -tisíc compounds are invariable (tisíceho etc. are ordinals)
sk,cardinal,4000,neuter,dative,štyritisícemu,štyritisíc,tisíc and -tisíc compounds are invariable (tisíceho etc. are ordinals)
sk,cardinal,4000,neuter,instrumental,štyritisícim,štyritisíc,tisíc and -tisíc compounds are invariable (tisíceho etc. are ordinals)
sk,cardinal,4000,neuter,locative,štyritisícom,štyritisíc,tisíc and -tisíc compounds are invariable (tisíceho etc. are ordinals)
sk,cardinal,4004,masculine,genitive,štyritisícehoštyroch,štyritisíc štyroch,tisíc and -tisíc compounds are invariable (tisíceho etc. are ordinals)
sk,cardinal,4004,masculine,dative,štyritisícemuštyrom,štyritisíc štyrom,tisíc and -tisíc compounds are invariable (tisíceho etc. are ordinals)
sk,cardinal,4004,masculine,accusative,štyritisícštyroch,štyritisícštyri,masc. accusative: inanimate by default (animacy= gives the old form)
sk,cardinal,4004,masculine,instrumental,štyritisícimštyrmi,štyritisíc štyrmi,tisíc and -tisíc compounds are invariable (tisíceho etc. are ordinals)
sk,cardinal,4004,masculine,locative,štyritisícomštyroch,štyritisíc štyroch,tisíc and -tisíc compounds are invariable (tisíceho etc. are ordinals)
sk,cardinal,4004,feminine,genitive,štyritisícejštyroch,štyritisíc štyroch,tisíc and -tisíc compounds are invariable (tisíceho etc. are ordinals)
sk,cardinal,4004,feminine,dative,štyritisícejštyrom,štyritisíc štyrom,tisíc and -tisíc compounds are invariable (tisíceho etc. are ordinals)
sk,cardinal,4004,feminine,instrumental,štyritisícouštyrmi,štyritisíc štyrmi,tisíc and -tisíc compounds are invariable (tisíceho etc. are ordinals)
sk,cardinal,4004,feminine,locative,štyritisícejštyroch,štyritisíc štyroch,tisíc and -tisíc compounds are invariable (tisíceho etc. are ordinals)
sk,cardinal,4004,neuter,genitive,štyritisícehoštyroch,štyritisíc štyroch,tisíc and -tisíc compounds are invariable (tisíceho etc. are ordinals)
sk,cardinal,4004,neuter,dative,štyritisícemuštyrom,štyritisíc štyrom,tisíc and -tisíc compounds are invariable (tisíceho etc. are ordinals)
sk,cardinal,4004,neuter,instrumental,štyritisícimštyrmi,štyritisíc štyrmi,tisíc and -tisíc compounds are invariable (tisíceho etc. are ordinals)
sk,cardinal,4004,neuter,locative,štyritisícomštyroch,štyritisíc štyroch,tisíc and -tisíc compounds are invariable (tisíceho etc. are ordinals)
sk,cardinal,4014,masculine,genitive,štyritisícehoštrnástich,štyritisícštrnástich,tisíc and -tisíc compounds are invariable (tisíceho etc. are ordinals)
sk,cardinal,4014,masculine,dative,štyritisícemuštrnástim,štyritisícštrnástim,tisíc and -tisíc compounds are invariable (tisíceho etc. are ordinals)
sk,cardinal,4014,masculine,instrumental,štyritisícimštrnástimi,štyritisícštrnástimi,tisíc and -tisíc compounds are invariable (tisíceho etc. are ordinals)
sk,cardinal,4014,masculine,locative,štyritisícomštrnástich,štyritisícštrnástich,tisíc and -tisíc compounds are invariable (tisíceho etc. are ordinals)
sk,cardinal,4014,feminine,genitive,štyritisícejštrnástich,štyritisícštrnástich,tisíc and -tisíc compounds are invariable (tisíceho etc. are ordinals)
sk,cardinal,4014,feminine,dative,štyritisícejštrnástim,štyritisícštrnástim,tisíc and -tisíc compounds are invariable (tisíceho etc. are ordinals)
sk,cardinal,4014,feminine,instrumental,štyritisícouštrnástimi,štyritisícštrnástimi,tisíc and -tisíc compounds are invariable (tisíceho etc. are ordinals)
sk,cardinal,4014,feminine,locative,štyritisícejštrnástich,štyritisícštrnástich,tisíc and -tisíc compounds are invariable (tisíceho etc. are ordinals)
sk,cardinal,4014,neuter,genitive,štyritisícehoštrnástich,štyritisícštrnástich,tisíc and -tisíc compounds are invariable (tisíceho etc. are ordinals)
sk,cardinal,4014,neuter,dative,štyritisícemuštrnástim,štyritisícštrnástim,tisíc and -tisíc compounds are invariable (tisíceho etc. are ordinals)
sk,cardinal,4014,neuter,instrumental,štyritisícimštrnástimi,štyritisícštrnástimi,tisíc and -tisíc compounds are invariable (tisíceho etc. are ordinals)
sk,cardinal,4014,neuter,locative,štyritisícomštrnástich,štyritisícštrnástich,tisíc and -tisíc compounds are invariable (tisíceho etc. are ordinals)
sk,cardinal,4044,masculine,genitive,štyritisícehoštyridsiatehoštvrtého,štyritisícštyridsiatich štyroch,tisíc and -tisíc compounds are invariable (tisíceho etc. are ordinals)
sk,cardinal,4044,masculine,dative,štyritisícemuštyridsiatemuštvrtému,štyritisícštyridsiatim štyrom,tisíc and -tisíc compounds are invariable (tisíceho etc. are ordinals)
sk,cardinal,4044,masculine,instrumental,štyritisícimštyridsiatymštvrtým,štyritisícštyridsiatimi štyrmi,tisíc and -tisíc compounds are invariable (tisíceho etc. are ordinals)
sk,cardinal,4044,masculine,locative,štyritisícomštyridsiatomštvrtom,štyritisícštyridsiatich štyroch,tisíc and -tisíc compounds are invariable (tisíceho etc. are ordinals)
sk,cardinal,4044,feminine,genitive,štyritisícejštyridsiatehoštvrtej,štyritisícštyridsiatich štyroch,tisíc and -tisíc compounds are invariable (tisíceho etc. are ordinals)
sk,cardinal,4044,feminine,dative,štyritisícejštyridsiatemuštvrtej,štyritisícštyridsiatim štyrom,tisíc and -tisíc compounds are invariable (tisíceho etc. are ordinals)
sk,cardinal,4044,feminine,instrumental,štyritisícouštyridsiatymštvrtou,štyritisícštyridsiatimi štyrmi,tisíc and -tisíc compounds are invariable (tisíceho etc. are ordinals)
sk,cardinal,4044,feminine,locative,štyritisícejštyridsiatomštvrtej,štyritisícštyridsiatich štyroch,tisíc and -tisíc compounds are invariable (tisíceho etc. are ordinals)
sk,cardinal,4044,neuter,genitive,štyritisícehoštyridsiatehoštvrtého,štyritisícštyridsiatich štyroch,tisíc and -tisíc compounds are invariable (tisíceho etc. are ordinals)
sk,cardinal,4044,neuter,dative,štyritisícemuštyridsiatemuštvrtému,štyritisícštyridsiatim štyrom,tisíc and -tisíc compounds are invariable (tisíceho etc. are ordinals)
sk,cardinal,4044,neuter,instrumental,štyritisícimštyridsiatymštvrtým,štyritisícštyridsiatimi štyrmi,tisíc and -tisíc compounds are invariable (tisíceho etc. are ordinals)
sk,cardinal,4044,neuter,locative,štyritisícomštyridsiatomštvrtom,štyritisícštyridsiatich štyroch,tisíc and -tisíc compounds are invariable (tisíceho etc. are ordinals)
sk,cardinal,4444,masculine,genitive,štyritisícehoštyristoštyridsiatehoštvrtého,štyritisícštyristoštyridsiatich štyroch,tisíc and -tisíc compounds are invariable (tisíceho etc. are ordinals)
sk,cardinal,4444,masculine,dative,štyritisícemuštyristoštyridsiatemuštvrtému,štyritisícštyristoštyridsiatim štyrom,tisíc and -tisíc compounds are invariable (tisíceho etc. are ordinals)
sk,cardinal,4444,masculine,instrumental,štyritisícimštyristoštyridsiatymštvrtým,štyritisícštyristoštyridsiatimi štyrmi,tisíc and -tisíc compounds are invariable (tisíceho etc. are ordinals)
sk,cardinal,4444,masculine,locative,štyritisícomštyristoštyridsiatomštvrtom,štyritisícštyristoštyridsiatich štyroch,tisíc and -tisíc compounds are invariable (tisíceho etc. are ordinals)
sk,cardinal,4444,feminine,nominative,štyritisícštyristáštyridsaťštyri,štyritisícštyristoštyridsaťštyri,"sto, dvesto… are invariable (stého/stá are ordinals)"
sk,cardinal,4444,feminine,genitive,štyritisícejštyristáštyridsiatehoštvrtej,štyritisícštyristoštyridsiatich štyroch,tisíc and -tisíc compounds are invariable (tisíceho etc. are ordinals)
sk,cardinal,4444,feminine,dative,štyritisícejštyristáštyridsiatemuštvrtej,štyritisícštyristoštyridsiatim štyrom,tisíc and -tisíc compounds are invariable (tisíceho etc. are ordinals)
sk,cardinal,4444,feminine,accusative,štyritisícštyristáštyridsaťštyri,štyritisícštyristoštyridsaťštyri,"sto, dvesto… are invariable (stého/stá are ordinals)"
sk,cardinal,4444,feminine,instrumental,štyritisícouštyristáštyridsiatymštvrtou,štyritisícštyristoštyridsiatimi štyrmi,tisíc and -tisíc compounds are invariable (tisíceho etc. are ordinals)
sk,cardinal,4444,feminine,locative,štyritisícejštyristáštyridsiatomštvrtej,štyritisícštyristoštyridsiatich štyroch,tisíc and -tisíc compounds are invariable (tisíceho etc. are ordinals)
sk,cardinal,4444,neuter,nominative,štyritisícštyristéštyridsaťštyri,štyritisícštyristoštyridsaťštyri,"sto, dvesto… are invariable (stého/stá are ordinals)"
sk,cardinal,4444,neuter,genitive,štyritisícehoštyristéštyridsiatehoštvrtého,štyritisícštyristoštyridsiatich štyroch,tisíc and -tisíc compounds are invariable (tisíceho etc. are ordinals)
sk,cardinal,4444,neuter,dative,štyritisícemuštyristéštyridsiatemuštvrtému,štyritisícštyristoštyridsiatim štyrom,tisíc and -tisíc compounds are invariable (tisíceho etc. are ordinals)
sk,cardinal,4444,neuter,accusative,štyritisícštyristéštyridsaťštyri,štyritisícštyristoštyridsaťštyri,"sto, dvesto… are invariable (stého/stá are ordinals)"
sk,cardinal,4444,neuter,instrumental,štyritisícimštyristéštyridsiatymštvrtým,štyritisícštyristoštyridsiatimi štyrmi,tisíc and -tisíc compounds are invariable (tisíceho etc. are ordinals)
sk,cardinal,4444,neuter,locative,štyritisícomštyristéštyridsiatomštvrtom,štyritisícštyristoštyridsiatich štyroch,tisíc and -tisíc compounds are invariable (tisíceho etc. are ordinals)
sk,cardinal,10000,masculine,genitive,desaťtisíceho,desaťtisíc,tisíc and -tisíc compounds are invariable (tisíceho etc. are ordinals)
sk,cardinal,10000,masculine,dative,desaťtisícemu,desaťtisíc,tisíc and -tisíc compounds are invariable (tisíceho etc. are ordinals)
sk,cardinal,10000,masculine,instrumental,desaťtisícim,desaťtisíc,tisíc and -tisíc compounds are invariable (tisíceho etc. are ordinals)
sk,cardinal,10000,masculine,locative,desaťtisícom,desaťtisíc,tisíc and -tisíc compounds are invariable (tisíceho etc. are ordinals)
sk,cardinal,10000,feminine,genitive,desaťtisícej,desaťtisíc,tisíc and -tisíc compounds are invariable (tisíceho etc. are ordinals)
sk,cardinal,10000,feminine,dative,desaťtisícej,desaťtisíc,tisíc and -tisíc compounds are invariable (tisíceho etc. are ordinals)
sk,cardinal,10000,feminine,instrumental,desaťtisícou,desaťtisíc,tisíc and -tisíc compounds are invariable (tisíceho etc. are ordinals)
sk,cardinal,10000,feminine,locative,desaťtisícej,desaťtisíc,tisíc and -tisíc compounds are invariable (tisíceho etc. are ordinals)
sk,cardinal,10000,neuter,genitive,desaťtisíceho,desaťtisíc,tisíc and -tisíc compounds are invariable (tisíceho etc. are ordinals)
sk,cardinal,10000,neuter,dative,desaťtisícemu,desaťtisíc,tisíc and -tisíc compounds are invariable (tisíceho etc. are ordinals)
sk,cardinal,10000,neuter,instrumental,desaťtisícim,desaťtisíc,tisíc and -tisíc compounds are invariable (tisíceho etc. are ordinals)
sk,cardinal,10000,neuter,locative,desaťtisícom,desaťtisíc,tisíc and -tisíc compounds are invariable (tisíceho etc. are ordinals)
sk,cardinal,10001,masculine,genitive,desaťtisícehojedného,desaťtisícjeden,"-jeden compounds: invariable, 'jeden' for every gender"
sk,cardinal,10001,masculine,dative,desaťtisícemujednému,desaťtisícjeden,"-jeden compounds: invariable, 'jeden' for every gender"
sk,cardinal,10001,masculine,accusative,desaťtisícjedného,desaťtisícjeden,"-jeden compounds: invariable, 'jeden' for every gender"
sk,cardinal,10001,masculine,instrumental,desaťtisícimjedným,desaťtisícjeden,"-jeden compounds: invariable, 'jeden' for every gender"
sk,cardinal,10001,masculine,locative,desaťtisícomjednom,desaťtisícjeden,"-jeden compounds: invariable, 'jeden' for every gender"
sk,cardinal,10001,feminine,nominative,desaťtisícjedna,desaťtisícjeden,"-jeden compounds: invariable, 'jeden' for every gender"
sk,cardinal,10001,feminine,genitive,desaťtisícejjednej,desaťtisícjeden,"-jeden compounds: invariable, 'jeden' for every gender"
sk,cardinal,10001,feminine,dative,desaťtisícejjednej,desaťtisícjeden,"-jeden compounds: invariable, 'jeden' for every gender"
sk,cardinal,10001,feminine,accusative,desaťtisícjednu,desaťtisícjeden,"-jeden compounds: invariable, 'jeden' for every gender"
sk,cardinal,10001,feminine,instrumental,desaťtisícoujednou,desaťtisícjeden,"-jeden compounds: invariable, 'jeden' for every gender"
sk,cardinal,10001,feminine,locative,desaťtisícejjednej,desaťtisícjeden,"-jeden compounds: invariable, 'jeden' for every gender"
sk,cardinal,10001,neuter,nominative,desaťtisícjedno,desaťtisícjeden,"-jeden compounds: invariable, 'jeden' for every gender"
sk,cardinal,10001,neuter,genitive,desaťtisícehojedného,desaťtisícjeden,"-jeden compounds: invariable, 'jeden' for every gender"
sk,cardinal,10001,neuter,dative,desaťtisícemujednému,desaťtisícjeden,"-jeden compounds: invariable, 'jeden' for every gender"
sk,cardinal,10001,neuter,accusative,desaťtisícjedno,desaťtisícjeden,"-jeden compounds: invariable, 'jeden' for every gender"
sk,cardinal,10001,neuter,instrumental,desaťtisícimjedným,desaťtisícjeden,"-jeden compounds: invariable, 'jeden' for every gender"
sk,cardinal,10001,neuter,locative,desaťtisícomjednom,desaťtisícjeden,"-jeden compounds: invariable, 'jeden' for every gender"
sk,cardinal,10010,masculine,genitive,desaťtisícehodesiatich,desaťtisícdesiatich,tisíc and -tisíc compounds are invariable (tisíceho etc. are ordinals)
sk,cardinal,10010,masculine,dative,desaťtisícemudesiatim,desaťtisícdesiatim,tisíc and -tisíc compounds are invariable (tisíceho etc. are ordinals)
sk,cardinal,10010,masculine,instrumental,desaťtisícimdesiatimi,desaťtisícdesiatimi,tisíc and -tisíc compounds are invariable (tisíceho etc. are ordinals)
sk,cardinal,10010,masculine,locative,desaťtisícomdesiatich,desaťtisícdesiatich,tisíc and -tisíc compounds are invariable (tisíceho etc. are ordinals)
sk,cardinal,10010,feminine,genitive,desaťtisícejdesiatich,desaťtisícdesiatich,tisíc and -tisíc compounds are invariable (tisíceho etc. are ordinals)
sk,cardinal,10010,feminine,dative,desaťtisícejdesiatim,desaťtisícdesiatim,tisíc and -tisíc compounds are invariable (tisíceho etc. are ordinals)
sk,cardinal,10010,feminine,instrumental,desaťtisícoudesiatimi,desaťtisícdesiatimi,tisíc and -tisíc compounds are invariable (tisíceho etc. are ordinals)
sk,cardinal,10010,feminine,locative,desaťtisícejdesiatich,desaťtisícdesiatich,tisíc and -tisíc compounds are invariable (tisíceho etc. are ordinals)
sk,cardinal,10010,neuter,genitive,desaťtisícehodesiatich,desaťtisícdesiatich,tisíc and -tisíc compounds are invariable (tisíceho etc. are ordinals)
sk,cardinal,10010,neuter,dative,desaťtisícemudesiatim,desaťtisícdesiatim,tisíc and -tisíc compounds are invariable (tisíceho etc. are ordinals)
sk,cardinal,10010,neuter,instrumental,desaťtisícimdesiatimi,desaťtisícdesiatimi,tisíc and -tisíc compounds are invariable (tisíceho etc. are ordinals)
sk,cardinal,10010,neuter,locative,desaťtisícomdesiatich,desaťtisícdesiatich,tisíc and -tisíc compounds are invariable (tisíceho etc. are ordinals)
sk,cardinal,10011,masculine,genitive,desaťtisícehojedenástich,desaťtisícjedenástich,tisíc and -tisíc compounds are invariable (tisíceho etc. are ordinals)
sk,cardinal,10011,masculine,dative,desaťtisícemujedenástim,desaťtisícjedenástim,tisíc and -tisíc compounds are invariable (tisíceho etc. are ordinals)
sk,cardinal,10011,masculine,instrumental,desaťtisícimjedenástimi,desaťtisícjedenástimi,tisíc and -tisíc compounds are invariable (tisíceho etc. are ordinals)
sk,cardinal,10011,masculine,locative,desaťtisícomjedenástich,desaťtisícjedenástich,tisíc and -tisíc compounds are invariable (tisíceho etc. are ordinals)
sk,cardinal,10011,feminine,genitive,desaťtisícejjedenástich,desaťtisícjedenástich,tisíc and -tisíc compounds are invariable (tisíceho etc. are ordinals)
sk,cardinal,10011,feminine,dative,desaťtisícejjedenástim,desaťtisícjedenástim,tisíc and -tisíc compounds are invariable (tisíceho etc. are ordinals)
sk,cardinal,10011,feminine,instrumental,desaťtisícoujedenástimi,desaťtisícjedenástimi,tisíc and -tisíc compounds are invariable (tisíceho etc. are ordinals)
sk,cardinal,10011,feminine,locative,desaťtisícejjedenástich,desaťtisícjedenástich,tisíc and -tisíc compounds are invariable (tisíceho etc. are ordinals)
sk,cardinal,10011,neuter,genitive,desaťtisícehojedenástich,desaťtisícjedenástich,tisíc and -tisíc compounds are invariable (tisíceho etc. are ordinals)
sk,cardinal,10011,neuter,dative,desaťtisícemujedenástim,desaťtisícjedenástim,tisíc and -tisíc compounds are invariable (tisíceho etc. are ordinals)
sk,cardinal,10011,neuter,instrumental,desaťtisícimjedenástimi,desaťtisícjedenástimi,tisíc and -tisíc compounds are invariable (tisíceho etc. are ordinals)
sk,cardinal,10011,neuter,locative,desaťtisícomjedenástich,desaťtisícjedenástich,tisíc and -tisíc compounds are invariable (tisíceho etc. are ordinals)
sk,cardinal,10021,masculine,genitive,desaťtisícehodvadsiatehojedného,desaťtisícdvadsaťjeden,"-jeden compounds: invariable, 'jeden' for every gender"
sk,cardinal,10021,masculine,dative,desaťtisícemudvadsiatemujednému,desaťtisícdvadsaťjeden,"-jeden compounds: invariable, 'jeden' for every gender"
sk,cardinal,10021,masculine,accusative,desaťtisícdvadsaťjedného,desaťtisícdvadsaťjeden,"-jeden compounds: invariable, 'jeden' for every gender"
sk,cardinal,10021,masculine,instrumental,desaťtisícimdvadsiatymjedným,desaťtisícdvadsaťjeden,"-jeden compounds: invariable, 'jeden' for every gender"
sk,cardinal,10021,masculine,locative,desaťtisícomdvadsiatomjednom,desaťtisícdvadsaťjeden,"-jeden compounds: invariable, 'jeden' for every gender"
sk,cardinal,10021,feminine,nominative,desaťtisícdvadsaťjedna,desaťtisícdvadsaťjeden,"-jeden compounds: invariable, 'jeden' for every gender"
sk,cardinal,10021,feminine,genitive,desaťtisícejdvadsiatehojednej,desaťtisícdvadsaťjeden,"-jeden compounds: invariable, 'jeden' for every gender"
sk,cardinal,10021,feminine,dative,desaťtisícejdvadsiatemujednej,desaťtisícdvadsaťjeden,"-jeden compounds: invariable, 'jeden' for every gender"
sk,cardinal,10021,feminine,accusative,desaťtisícdvadsaťjednu,desaťtisícdvadsaťjeden,"-jeden compounds: invariable, 'jeden' for every gender"
sk,cardinal,10021,feminine,instrumental,desaťtisícoudvadsiatymjednou,desaťtisícdvadsaťjeden,"-jeden compounds: invariable, 'jeden' for every gender"
sk,cardinal,10021,feminine,locative,desaťtisícejdvadsiatomjednej,desaťtisícdvadsaťjeden,"-jeden compounds: invariable, 'jeden' for every gender"
sk,cardinal,10021,neuter,nominative,desaťtisícdvadsaťjedno,desaťtisícdvadsaťjeden,"-jeden compounds: invariable, 'jeden' for every gender"
sk,cardinal,10021,neuter,genitive,desaťtisícehodvadsiatehojedného,desaťtisícdvadsaťjeden,"-jeden compounds: invariable, 'jeden' for every gender"
sk,cardinal,10021,neuter,dative,desaťtisícemudvadsiatemujednému,desaťtisícdvadsaťjeden,"-jeden compounds: invariable, 'jeden' for every gender"
sk,cardinal,10021,neuter,accusative,desaťtisícdvadsaťjedno,desaťtisícdvadsaťjeden,"-jeden compounds: invariable, 'jeden' for every gender"
sk,cardinal,10021,neuter,instrumental,desaťtisícimdvadsiatymjedným,desaťtisícdvadsaťjeden,"-jeden compounds: invariable, 'jeden' for every gender"
sk,cardinal,10021,neuter,locative,desaťtisícomdvadsiatomjednom,desaťtisícdvadsaťjeden,"-jeden compounds: invariable, 'jeden' for every gender"
sk,cardinal,10033,masculine,genitive,desaťtisícehotridsiatehotretieho,desaťtisíctridsiatich troch,tisíc and -tisíc compounds are invariable (tisíceho etc. are ordinals)
sk,cardinal,10033,masculine,dative,desaťtisícemutridsiatemutretiemu,desaťtisíctridsiatim trom,tisíc and -tisíc compounds are invariable (tisíceho etc. are ordinals)
sk,cardinal,10033,masculine,instrumental,desaťtisícimtridsiatymtretím,desaťtisíctridsiatimi troma,tisíc and -tisíc compounds are invariable (tisíceho etc. are ordinals)
sk,cardinal,10033,masculine,locative,desaťtisícomtridsiatomtreťom,desaťtisíctridsiatich troch,tisíc and -tisíc compounds are invariable (tisíceho etc. are ordinals)
sk,cardinal,10033,feminine,genitive,desaťtisícejtridsiatehotretej,desaťtisíctridsiatich troch,tisíc and -tisíc compounds are invariable (tisíceho etc. are ordinals)
sk,cardinal,10033,feminine,dative,desaťtisícejtridsiatemutretej,desaťtisíctridsiatim trom,tisíc and -tisíc compounds are invariable (tisíceho etc. are ordinals)
sk,cardinal,10033,feminine,instrumental,desaťtisícoutridsiatymtreťou,desaťtisíctridsiatimi tromi,tisíc and -tisíc compounds are invariable (tisíceho etc. are ordinals)
sk,cardinal,10033,feminine,locative,desaťtisícejtridsiatomtretej,desaťtisíctridsiatich troch,tisíc and -tisíc compounds are invariable (tisíceho etc. are ordinals)
sk,cardinal,10033,neuter,genitive,desaťtisícehotridsiatehotretieho,desaťtisíctridsiatich troch,tisíc and -tisíc compounds are invariable (tisíceho etc. are ordinals)
sk,cardinal,10033,neuter,dative,desaťtisícemutridsiatemutretiemu,desaťtisíctridsiatim trom,tisíc and -tisíc compounds are invariable (tisíceho etc. are ordinals)
sk,cardinal,10033,neuter,instrumental,desaťtisícimtridsiatymtretím,desaťtisíctridsiatimi troma,tisíc and -tisíc compounds are invariable (tisíceho etc. are ordinals)
sk,cardinal,10033,neuter,locative,desaťtisícomtridsiatomtreťom,desaťtisíctridsiatich troch,tisíc and -tisíc compounds are invariable (tisíceho etc. are ordinals)
sk,cardinal,20000,masculine,genitive,dvadsaťtisíceho,dvadsaťtisíc,tisíc and -tisíc compounds are invariable (tisíceho etc. are ordinals)
sk,cardinal,20000,masculine,dative,dvadsaťtisícemu,dvadsaťtisíc,tisíc and -tisíc compounds are invariable (tisíceho etc. are ordinals)
sk,cardinal,20000,masculine,instrumental,dvadsaťtisícim,dvadsaťtisíc,tisíc and -tisíc compounds are invariable (tisíceho etc. are ordinals)
sk,cardinal,20000,masculine,locative,dvadsaťtisícom,dvadsaťtisíc,tisíc and -tisíc compounds are invariable (tisíceho etc. are ordinals)
sk,cardinal,20000,feminine,genitive,dvadsaťtisícej,dvadsaťtisíc,tisíc and -tisíc compounds are invariable (tisíceho etc. are ordinals)
sk,cardinal,20000,feminine,dative,dvadsaťtisícej,dvadsaťtisíc,tisíc and -tisíc compounds are invariable (tisíceho etc. are ordinals)
sk,cardinal,20000,feminine,instrumental,dvadsaťtisícou,dvadsaťtisíc,tisíc and -tisíc compounds are invariable (tisíceho etc. are ordinals)
sk,cardinal,20000,feminine,locative,dvadsaťtisícej,dvadsaťtisíc,tisíc and -tisíc compounds are invariable (tisíceho etc. are ordinals)
sk,cardinal,20000,neuter,genitive,dvadsaťtisíceho,dvadsaťtisíc,tisíc and -tisíc compounds are invariable (tisíceho etc. are ordinals)
sk,cardinal,20000,neuter,dative,dvadsaťtisícemu,dvadsaťtisíc,tisíc and -tisíc compounds are invariable (tisíceho etc. are ordinals)
sk,cardinal,20000,neuter,instrumental,dvadsaťtisícim,dvadsaťtisíc,tisíc and -tisíc compounds are invariable (tisíceho etc. are ordinals)
sk,cardinal,20000,neuter,locative,dvadsaťtisícom,dvadsaťtisíc,tisíc and -tisíc compounds are invariable (tisíceho etc. are ordinals)
sk,cardinal,20001,masculine,genitive,dvadsaťtisícehojedného,dvadsaťtisícjeden,"-jeden compounds: invariable, 'jeden' for every gender"
sk,cardinal,20001,masculine,dative,dvadsaťtisícemujednému,dvadsaťtisícjeden,"-jeden compounds: invariable, 'jeden' for every gender"
sk,cardinal,20001,masculine,accusative,dvadsaťtisícjedného,dvadsaťtisícjeden,"-jeden compounds: invariable, 'jeden' for every gender"
sk,cardinal,20001,masculine,instrumental,dvadsaťtisícimjedným,dvadsaťtisícjeden,"-jeden compounds: invariable, 'jeden' for every gender"
sk,cardinal,20001,masculine,locative,dvadsaťtisícomjednom,dvadsaťtisícjeden,"-jeden compounds: invariable, 'jeden' for every gender"
sk,cardinal,20001,feminine,nominative,dvadsaťtisícjedna,dvadsaťtisícjeden,"-jeden compounds: invariable, 'jeden' for every gender"
sk,cardinal,20001,feminine,genitive,dvadsaťtisícejjednej,dvadsaťtisícjeden,"-jeden compounds: invariable, 'jeden' for every gender"
sk,cardinal,20001,feminine,dative,dvadsaťtisícejjednej,dvadsaťtisícjeden,"-jeden compounds: invariable, 'jeden' for every gender"
sk,cardinal,20001,feminine,accusative,dvadsaťtisícjednu,dvadsaťtisícjeden,"-jeden compounds: invariable, 'jeden' for every gender"
sk,cardinal,20001,feminine,instrumental,dvadsaťtisícoujednou,dvadsaťtisícjeden,"-jeden compounds: invariable, 'jeden' for every gender"
sk,cardinal,20001,feminine,locative,dvadsaťtisícejjednej,dvadsaťtisícjeden,"-jeden compounds: invariable, 'jeden' for every gender"
sk,cardinal,20001,neuter,nominative,dvadsaťtisícjedno,dvadsaťtisícjeden,"-jeden compounds: invariable, 'jeden' for every gender"
sk,cardinal,20001,neuter,genitive,dvadsaťtisícehojedného,dvadsaťtisícjeden,"-jeden compounds: invariable, 'jeden' for every gender"
sk,cardinal,20001,neuter,dative,dvadsaťtisícemujednému,dvadsaťtisícjeden,"-jeden compounds: invariable, 'jeden' for every gender"
sk,cardinal,20001,neuter,accusative,dvadsaťtisícjedno,dvadsaťtisícjeden,"-jeden compounds: invariable, 'jeden' for every gender"
sk,cardinal,20001,neuter,instrumental,dvadsaťtisícimjedným,dvadsaťtisícjeden,"-jeden compounds: invariable, 'jeden' for every gender"
sk,cardinal,20001,neuter,locative,dvadsaťtisícomjednom,dvadsaťtisícjeden,"-jeden compounds: invariable, 'jeden' for every gender"
sk,cardinal,25000,masculine,genitive,dvadsaťpäťtisíceho,dvadsaťpäťtisíc,tisíc and -tisíc compounds are invariable (tisíceho etc. are ordinals)
sk,cardinal,25000,masculine,dative,dvadsaťpäťtisícemu,dvadsaťpäťtisíc,tisíc and -tisíc compounds are invariable (tisíceho etc. are ordinals)
sk,cardinal,25000,masculine,instrumental,dvadsaťpäťtisícim,dvadsaťpäťtisíc,tisíc and -tisíc compounds are invariable (tisíceho etc. are ordinals)
sk,cardinal,25000,masculine,locative,dvadsaťpäťtisícom,dvadsaťpäťtisíc,tisíc and -tisíc compounds are invariable (tisíceho etc. are ordinals)
sk,cardinal,25000,feminine,genitive,dvadsaťpäťtisícej,dvadsaťpäťtisíc,tisíc and -tisíc compounds are invariable (tisíceho etc. are ordinals)
sk,cardinal,25000,feminine,dative,dvadsaťpäťtisícej,dvadsaťpäťtisíc,tisíc and -tisíc compounds are invariable (tisíceho etc. are ordinals)
sk,cardinal,25000,feminine,instrumental,dvadsaťpäťtisícou,dvadsaťpäťtisíc,tisíc and -tisíc compounds are invariable (tisíceho etc. are ordinals)
sk,cardinal,25000,feminine,locative,dvadsaťpäťtisícej,dvadsaťpäťtisíc,tisíc and -tisíc compounds are invariable (tisíceho etc. are ordinals)
sk,cardinal,25000,neuter,genitive,dvadsaťpäťtisíceho,dvadsaťpäťtisíc,tisíc and -tisíc compounds are invariable (tisíceho etc. are ordinals)
sk,cardinal,25000,neuter,dative,dvadsaťpäťtisícemu,dvadsaťpäťtisíc,tisíc and -tisíc compounds are invariable (tisíceho etc. are ordinals)
sk,cardinal,25000,neuter,instrumental,dvadsaťpäťtisícim,dvadsaťpäťtisíc,tisíc and -tisíc compounds are invariable (tisíceho etc. are ordinals)
sk,cardinal,25000,neuter,locative,dvadsaťpäťtisícom,dvadsaťpäťtisíc,tisíc and -tisíc compounds are invariable (tisíceho etc. are ordinals)
sk,cardinal,29999,masculine,genitive,dvadsaťdeväťtisícehodeväťstodeväťdesiatehodeviateho,dvadsaťdeväťtisícdeväťstodeväťdesiatich deviatich,tisíc and -tisíc compounds are invariable (tisíceho etc. are ordinals)
sk,cardinal,29999,masculine,dative,dvadsaťdeväťtisícemudeväťstodeväťdesiatemudeviatemu,dvadsaťdeväťtisícdeväťstodeväťdesiatim deviatim,tisíc and -tisíc compounds are invariable (tisíceho etc. are ordinals)
sk,cardinal,29999,masculine,instrumental,dvadsaťdeväťtisícimdeväťstodeväťdesiatymdeviatym,dvadsaťdeväťtisícdeväťstodeväťdesiatimi deviatimi,tisíc and -tisíc compounds are invariable (tisíceho etc. are ordinals)
sk,cardinal,29999,masculine,locative,dvadsaťdeväťtisícomdeväťstodeväťdesiatomdeviatom,dvadsaťdeväťtisícdeväťstodeväťdesiatich deviatich,tisíc and -tisíc compounds are invariable (tisíceho etc. are ordinals)
sk,cardinal,29999,feminine,nominative,dvadsaťdeväťtisícdeväťstádeväťdesiatdeväť,dvadsaťdeväťtisícdeväťstodeväťdesiatdeväť,"sto, dvesto… are invariable (stého/stá are ordinals)"
sk,cardinal,29999,feminine,genitive,dvadsaťdeväťtisícejdeväťstádeväťdesiatehodeviatej,dvadsaťdeväťtisícdeväťstodeväťdesiatich deviatich,tisíc and -tisíc compounds are invariable (tisíceho etc. are ordinals)
sk,cardinal,29999,feminine,dative,dvadsaťdeväťtisícejdeväťstádeväťdesiatemudeviatej,dvadsaťdeväťtisícdeväťstodeväťdesiatim deviatim,tisíc and -tisíc compounds are invariable (tisíceho etc. are ordinals)
sk,cardinal,29999,feminine,accusative,dvadsaťdeväťtisícdeväťstádeväťdesiatdeväť,dvadsaťdeväťtisícdeväťstodeväťdesiatdeväť,"sto, dvesto… are invariable (stého/stá are ordinals)"
sk,cardinal,29999,feminine,instrumental,dvadsaťdeväťtisícoudeväťstádeväťdesiatymdeviatou,dvadsaťdeväťtisícdeväťstodeväťdesiatimi deviatimi,tisíc and -tisíc compounds are invariable (tisíceho etc. are ordinals)
sk,cardinal,29999,feminine,locative,dvadsaťdeväťtisícejdeväťstádeväťdesiatomdeviatej,dvadsaťdeväťtisícdeväťstodeväťdesiatich deviatich,tisíc and -tisíc compounds are invariable (tisíceho etc. are ordinals)
sk,cardinal,29999,neuter,nominative,dvadsaťdeväťtisícdeväťstédeväťdesiatdeväť,dvadsaťdeväťtisícdeväťstodeväťdesiatdeväť,"sto, dvesto… are invariable (stého/stá are ordinals)"
sk,cardinal,29999,neuter,genitive,dvadsaťdeväťtisícehodeväťstédeväťdesiatehodeviateho,dvadsaťdeväťtisícdeväťstodeväťdesiatich deviatich,tisíc and -tisíc compounds are invariable (tisíceho etc. are ordinals)
sk,cardinal,29999,neuter,dative,dvadsaťdeväťtisícemudeväťstédeväťdesiatemudeviatemu,dvadsaťdeväťtisícdeväťstodeväťdesiatim deviatim,tisíc and -tisíc compounds are invariable (tisíceho etc. are ordinals)
sk,cardinal,29999,neuter,accusative,dvadsaťdeväťtisícdeväťstédeväťdesiatdeväť,dvadsaťdeväťtisícdeväťstodeväťdesiatdeväť,"sto, dvesto… are invariable (stého/stá are ordinals)"
sk,cardinal,29999,neuter,instrumental,dvadsaťdeväťtisícimdeväťstédeväťdesiatymdeviatym,dvadsaťdeväťtisícdeväťstodeväťdesiatimi deviatimi,tisíc and -tisíc compounds are invariable (tisíceho etc. are ordinals)
sk,cardinal,29999,neuter,locative,dvadsaťdeväťtisícomdeväťstédeväťdesiatomdeviatom,dvadsaťdeväťtisícdeväťstodeväťdesiatich deviatich,tisíc and -tisíc compounds are invariable (tisíceho etc. are ordinals)
sk,cardinal,100000,masculine,genitive,stotisíceho,stotisíc,tisíc and -tisíc compounds are invariable (tisíceho etc. are ordinals)
sk,cardinal,100000,masculine,dative,stotisícemu,stotisíc,tisíc and -tisíc compounds are invariable (tisíceho etc. are ordinals)
sk,cardinal,100000,masculine,instrumental,stotisícim,stotisíc,tisíc and -tisíc compounds are invariable (tisíceho etc. are ordinals)
sk,cardinal,100000,masculine,locative,stotisícom,stotisíc,tisíc and -tisíc compounds are invariable (tisíceho etc. are ordinals)
sk,cardinal,100000,feminine,genitive,stotisícej,stotisíc,tisíc and -tisíc compounds are invariable (tisíceho etc. are ordinals)
sk,cardinal,100000,feminine,dative,stotisícej,stotisíc,tisíc and -tisíc compounds are invariable (tisíceho etc. are ordinals)
sk,cardinal,100000,feminine,instrumental,stotisícou,stotisíc,tisíc and -tisíc compounds are invariable (tisíceho etc. are ordinals)
sk,cardinal,100000,feminine,locative,stotisícej,stotisíc,tisíc and -tisíc compounds are invariable (tisíceho etc. are ordinals)
sk,cardinal,100000,neuter,genitive,stotisíceho,stotisíc,tisíc and -tisíc compounds are invariable (tisíceho etc. are ordinals)
sk,cardinal,100000,neuter,dative,stotisícemu,stotisíc,tisíc and -tisíc compounds are invariable (tisíceho etc. are ordinals)
sk,cardinal,100000,neuter,instrumental,stotisícim,stotisíc,tisíc and -tisíc compounds are invariable (tisíceho etc. are ordinals)
sk,cardinal,100000,neuter,locative,stotisícom,stotisíc,tisíc and -tisíc compounds are invariable (tisíceho etc. are ordinals)
sk,cardinal,100001,masculine,genitive,stotisícehojedného,stotisícjeden,"-jeden compounds: invariable, 'jeden' for every gender"
sk,cardinal,100001,masculine,dative,stotisícemujednému,stotisícjeden,"-jeden compounds: invariable, 'jeden' for every gender"
sk,cardinal,100001,masculine,accusative,stotisícjedného,stotisícjeden,"-jeden compounds: invariable, 'jeden' for every gender"
sk,cardinal,100001,masculine,instrumental,stotisícimjedným,stotisícjeden,"-jeden compounds: invariable, 'jeden' for every gender"
sk,cardinal,100001,masculine,locative,stotisícomjednom,stotisícjeden,"-jeden compounds: invariable, 'jeden' for every gender"
sk,cardinal,100001,feminine,nominative,stotisícjedna,stotisícjeden,"-jeden compounds: invariable, 'jeden' for every gender"
sk,cardinal,100001,feminine,genitive,stotisícejjednej,stotisícjeden,"-jeden compounds: invariable, 'jeden' for every gender"
sk,cardinal,100001,feminine,dative,stotisícejjednej,stotisícjeden,"-jeden compounds: invariable, 'jeden' for every gender"
sk,cardinal,100001,feminine,accusative,stotisícjednu,stotisícjeden,"-jeden compounds: invariable, 'jeden' for every gender"
sk,cardinal,100001,feminine,instrumental,stotisícoujednou,stotisícjeden,"-jeden compounds: invariable, 'jeden' for every gender"
sk,cardinal,100001,feminine,locative,stotisícejjednej,stotisícjeden,"-jeden compounds: invariable, 'jeden' for every gender"
sk,cardinal,100001,neuter,nominative,stotisícjedno,stotisícjeden,"-jeden compounds: invariable, 'jeden' for every gender"
sk,cardinal,100001,neuter,genitive,stotisícehojedného,stotisícjeden,"-jeden compounds: invariable, 'jeden' for every gender"
sk,cardinal,100001,neuter,dative,stotisícemujednému,stotisícjeden,"-jeden compounds: invariable, 'jeden' for every gender"
sk,cardinal,100001,neuter,accusative,stotisícjedno,stotisícjeden,"-jeden compounds: invariable, 'jeden' for every gender"
sk,cardinal,100001,neuter,instrumental,stotisícimjedným,stotisícjeden,"-jeden compounds: invariable, 'jeden' for every gender"
sk,cardinal,100001,neuter,locative,stotisícomjednom,stotisícjeden,"-jeden compounds: invariable, 'jeden' for every gender"
sk,cardinal,100010,masculine,genitive,stotisícehodesiatich,stotisícdesiatich,tisíc and -tisíc compounds are invariable (tisíceho etc. are ordinals)
sk,cardinal,100010,masculine,dative,stotisícemudesiatim,stotisícdesiatim,tisíc and -tisíc compounds are invariable (tisíceho etc. are ordinals)
sk,cardinal,100010,masculine,instrumental,stotisícimdesiatimi,stotisícdesiatimi,tisíc and -tisíc compounds are invariable (tisíceho etc. are ordinals)
sk,cardinal,100010,masculine,locative,stotisícomdesiatich,stotisícdesiatich,tisíc and -tisíc compounds are invariable (tisíceho etc. are ordinals)
sk,cardinal,100010,feminine,genitive,stotisícejdesiatich,stotisícdesiatich,tisíc and -tisíc compounds are invariable (tisíceho etc. are ordinals)
sk,cardinal,100010,feminine,dative,stotisícejdesiatim,stotisícdesiatim,tisíc and -tisíc compounds are invariable (tisíceho etc. are ordinals)
sk,cardinal,100010,feminine,instrumental,stotisícoudesiatimi,stotisícdesiatimi,tisíc and -tisíc compounds are invariable (tisíceho etc. are ordinals)
sk,cardinal,100010,feminine,locative,stotisícejdesiatich,stotisícdesiatich,tisíc and -tisíc compounds are invariable (tisíceho etc. are ordinals)
sk,cardinal,100010,neuter,genitive,stotisícehodesiatich,stotisícdesiatich,tisíc and -tisíc compounds are invariable (tisíceho etc. are ordinals)
sk,cardinal,100010,neuter,dative,stotisícemudesiatim,stotisícdesiatim,tisíc and -tisíc compounds are invariable (tisíceho etc. are ordinals)
sk,cardinal,100010,neuter,instrumental,stotisícimdesiatimi,stotisícdesiatimi,tisíc and -tisíc compounds are invariable (tisíceho etc. are ordinals)
sk,cardinal,100010,neuter,locative,stotisícomdesiatich,stotisícdesiatich,tisíc and -tisíc compounds are invariable (tisíceho etc. are ordinals)
sk,cardinal,100100,masculine,genitive,stotisícehostého,stotisícsto,tisíc and -tisíc compounds are invariable (tisíceho etc. are ordinals)
sk,cardinal,100100,masculine,dative,stotisícemustému,stotisícsto,tisíc and -tisíc compounds are invariable (tisíceho etc. are ordinals)
sk,cardinal,100100,masculine,instrumental,stotisícimstým,stotisícsto,tisíc and -tisíc compounds are invariable (tisíceho etc. are ordinals)
sk,cardinal,100100,masculine,locative,stotisícomstom,stotisícsto,tisíc and -tisíc compounds are invariable (tisíceho etc. are ordinals)
sk,cardinal,100100,feminine,nominative,stotisícstá,stotisícsto,"sto, dvesto… are invariable (stého/stá are ordinals)"
sk,cardinal,100100,feminine,genitive,stotisícejstej,stotisícsto,tisíc and -tisíc compounds are invariable (tisíceho etc. are ordinals)
sk,cardinal,100100,feminine,dative,stotisícejstej,stotisícsto,tisíc and -tisíc compounds are invariable (tisíceho etc. are ordinals)
sk,cardinal,100100,feminine,accusative,stotisícstú,stotisícsto,"sto, dvesto… are invariable (stého/stá are ordinals)"
sk,cardinal,100100,feminine,instrumental,stotisícoustou,stotisícsto,tisíc and -tisíc compounds are invariable (tisíceho etc. are ordinals)
sk,cardinal,100100,feminine,locative,stotisícejstej,stotisícsto,tisíc and -tisíc compounds are invariable (tisíceho etc. are ordinals)
sk,cardinal,100100,neuter,nominative,stotisícsté,stotisícsto,"sto, dvesto… are invariable (stého/stá are ordinals)"
sk,cardinal,100100,neuter,genitive,stotisícehostého,stotisícsto,tisíc and -tisíc compounds are invariable (tisíceho etc. are ordinals)
sk,cardinal,100100,neuter,dative,stotisícemustému,stotisícsto,tisíc and -tisíc compounds are invariable (tisíceho etc. are ordinals)
sk,cardinal,100100,neuter,accusative,stotisícsté,stotisícsto,"sto, dvesto… are invariable (stého/stá are ordinals)"
sk,cardinal,100100,neuter,instrumental,stotisícimstým,stotisícsto,tisíc and -tisíc compounds are invariable (tisíceho etc. are ordinals)
sk,cardinal,100100,neuter,locative,stotisícomstom,stotisícsto,tisíc and -tisíc compounds are invariable (tisíceho etc. are ordinals)
sk,cardinal,100101,masculine,genitive,stotisícehostojedného,stotisícstojeden,"-jeden compounds: invariable, 'jeden' for every gender"
sk,cardinal,100101,masculine,dative,stotisícemustojednému,stotisícstojeden,"-jeden compounds: invariable, 'jeden' for every gender"
sk,cardinal,100101,masculine,accusative,stotisícstojedného,stotisícstojeden,"-jeden compounds: invariable, 'jeden' for every gender"
sk,cardinal,100101,masculine,instrumental,stotisícimstojedným,stotisícstojeden,"-jeden compounds: invariable, 'jeden' for every gender"
sk,cardinal,100101,masculine,locative,stotisícomstojednom,stotisícstojeden,"-jeden compounds: invariable, 'jeden' for every gender"
sk,cardinal,100101,feminine,nominative,stotisícstájedna,stotisícstojeden,"-jeden compounds: invariable, 'jeden' for every gender"
sk,cardinal,100101,feminine,genitive,stotisícejstájednej,stotisícstojeden,"-jeden compounds: invariable, 'jeden' for every gender"
sk,cardinal,100101,feminine,dative,stotisícejstájednej,stotisícstojeden,"-jeden compounds: invariable, 'jeden' for every gender"
sk,cardinal,100101,feminine,accusative,stotisícstájednu,stotisícstojeden,"-jeden compounds: invariable, 'jeden' for every gender"
sk,cardinal,100101,feminine,instrumental,stotisícoustájednou,stotisícstojeden,"-jeden compounds: invariable, 'jeden' for every gender"
sk,cardinal,100101,feminine,locative,stotisícejstájednej,stotisícstojeden,"-jeden compounds: invariable, 'jeden' for every gender"
sk,cardinal,100101,neuter,nominative,stotisícstéjedno,stotisícstojeden,"-jeden compounds: invariable, 'jeden' for every gender"
sk,cardinal,100101,neuter,genitive,stotisícehostéjedného,stotisícstojeden,"-jeden compounds: invariable, 'jeden' for every gender"
sk,cardinal,100101,neuter,dative,stotisícemustéjednému,stotisícstojeden,"-jeden compounds: invariable, 'jeden' for every gender"
sk,cardinal,100101,neuter,accusative,stotisícstéjedno,stotisícstojeden,"-jeden compounds: invariable, 'jeden' for every gender"
sk,cardinal,100101,neuter,instrumental,stotisícimstéjedným,stotisícstojeden,"-jeden compounds: invariable, 'jeden' for every gender"
sk,cardinal,100101,neuter,locative,stotisícomstéjednom,stotisícstojeden,"-jeden compounds: invariable, 'jeden' for every gender"
sk,cardinal,200000,masculine,genitive,dvestotisíceho,dvestotisíc,tisíc and -tisíc compounds are invariable (tisíceho etc. are ordinals)
sk,cardinal,200000,masculine,dative,dvestotisícemu,dvestotisíc,tisíc and -tisíc compounds are invariable (tisíceho etc. are ordinals)
sk,cardinal,200000,masculine,instrumental,dvestotisícim,dvestotisíc,tisíc and -tisíc compounds are invariable (tisíceho etc. are ordinals)
sk,cardinal,200000,masculine,locative,dvestotisícom,dvestotisíc,tisíc and -tisíc compounds are invariable (tisíceho etc. are ordinals)
sk,cardinal,200000,feminine,genitive,dvestotisícej,dvestotisíc,tisíc and -tisíc compounds are invariable (tisíceho etc. are ordinals)
sk,cardinal,200000,feminine,dative,dvestotisícej,dvestotisíc,tisíc and -tisíc compounds are invariable (tisíceho etc. are ordinals)
sk,cardinal,200000,feminine,instrumental,dvestotisícou,dvestotisíc,tisíc and -tisíc compounds are invariable (tisíceho etc. are ordinals)
sk,cardinal,200000,feminine,locative,dvestotisícej,dvestotisíc,tisíc and -tisíc compounds are invariable (tisíceho etc. are ordinals)
sk,cardinal,200000,neuter,genitive,dvestotisíceho,dvestotisíc,tisíc and -tisíc compounds are invariable (tisíceho etc. are ordinals)
sk,cardinal,200000,neuter,dative,dvestotisícemu,dvestotisíc,tisíc and -tisíc compounds are invariable (tisíceho etc. are ordinals)
sk,cardinal,200000,neuter,instrumental,dvestotisícim,dvestotisíc,tisíc and -tisíc compounds are invariable (tisíceho etc. are ordinals)
sk,cardinal,200000,neuter,locative,dvestotisícom,dvestotisíc,tisíc and -tisíc compounds are invariable (tisíceho etc. are ordinals)
sk,cardinal,250000,masculine,genitive,dvestopäťdesiattisíceho,dvestopäťdesiattisíc,tisíc and -tisíc compounds are invariable (tisíceho etc. are ordinals)
sk,cardinal,250000,masculine,dative,dvestopäťdesiattisícemu,dvestopäťdesiattisíc,tisíc and -tisíc compounds are invariable (tisíceho etc. are ordinals)
sk,cardinal,250000,masculine,instrumental,dvestopäťdesiattisícim,dvestopäťdesiattisíc,tisíc and -tisíc compounds are invariable (tisíceho etc. are ordinals)
sk,cardinal,250000,masculine,locative,dvestopäťdesiattisícom,dvestopäťdesiattisíc,tisíc and -tisíc compounds are invariable (tisíceho etc. are ordinals)
sk,cardinal,250000,feminine,genitive,dvestopäťdesiattisícej,dvestopäťdesiattisíc,tisíc and -tisíc compounds are invariable (tisíceho etc. are ordinals)
sk,cardinal,250000,feminine,dative,dvestopäťdesiattisícej,dvestopäťdesiattisíc,tisíc and -tisíc compounds are invariable (tisíceho etc. are ordinals)
sk,cardinal,250000,feminine,instrumental,dvestopäťdesiattisícou,dvestopäťdesiattisíc,tisíc and -tisíc compounds are invariable (tisíceho etc. are ordinals)
sk,cardinal,250000,feminine,locative,dvestopäťdesiattisícej,dvestopäťdesiattisíc,tisíc and -tisíc compounds are invariable (tisíceho etc. are ordinals)
sk,cardinal,250000,neuter,genitive,dvestopäťdesiattisíceho,dvestopäťdesiattisíc,tisíc and -tisíc compounds are invariable (tisíceho etc. are ordinals)
sk,cardinal,250000,neuter,dative,dvestopäťdesiattisícemu,dvestopäťdesiattisíc,tisíc and -tisíc compounds are invariable (tisíceho etc. are ordinals)
sk,cardinal,250000,neuter,instrumental,dvestopäťdesiattisícim,dvestopäťdesiattisíc,tisíc and -tisíc compounds are invariable (tisíceho etc. are ordinals)
sk,cardinal,250000,neuter,locative,dvestopäťdesiattisícom,dvestopäťdesiattisíc,tisíc and -tisíc compounds are invariable (tisíceho etc. are ordinals)
sk,cardinal,299999,masculine,genitive,dvestodeväťdesiatdeväťtisícehodeväťstodeväťdesiatehodeviateho,dvestodeväťdesiatdeväťtisícdeväťstodeväťdesiatich deviatich,tisíc and -tisíc compounds are invariable (tisíceho etc. are ordinals)
sk,cardinal,299999,masculine,dative,dvestodeväťdesiatdeväťtisícemudeväťstodeväťdesiatemudeviatemu,dvestodeväťdesiatdeväťtisícdeväťstodeväťdesiatim deviatim,tisíc and -tisíc compounds are invariable (tisíceho etc. are ordinals)
sk,cardinal,299999,masculine,instrumental,dvestodeväťdesiatdeväťtisícimdeväťstodeväťdesiatymdeviatym,dvestodeväťdesiatdeväťtisícdeväťstodeväťdesiatimi deviatimi,tisíc and -tisíc compounds are invariable (tisíceho etc. are ordinals)
sk,cardinal,299999,masculine,locative,dvestodeväťdesiatdeväťtisícomdeväťstodeväťdesiatomdeviatom,dvestodeväťdesiatdeväťtisícdeväťstodeväťdesiatich deviatich,tisíc and -tisíc compounds are invariable (tisíceho etc. are ordinals)
sk,cardinal,299999,feminine,nominative,dvestodeväťdesiatdeväťtisícdeväťstádeväťdesiatdeväť,dvestodeväťdesiatdeväťtisícdeväťstodeväťdesiatdeväť,"sto, dvesto… are invariable (stého/stá are ordinals)"
sk,cardinal,299999,feminine,genitive,dvestodeväťdesiatdeväťtisícejdeväťstádeväťdesiatehodeviatej,dvestodeväťdesiatdeväťtisícdeväťstodeväťdesiatich deviatich,tisíc and -tisíc compounds are invariable (tisíceho etc. are ordinals)
sk,cardinal,299999,feminine,dative,dvestodeväťdesiatdeväťtisícejdeväťstádeväťdesiatemudeviatej,dvestodeväťdesiatdeväťtisícdeväťstodeväťdesiatim deviatim,tisíc and -tisíc compounds are invariable (tisíceho etc. are ordinals)
sk,cardinal,299999,feminine,accusative,dvestodeväťdesiatdeväťtisícdeväťstádeväťdesiatdeväť,dvestodeväťdesiatdeväťtisícdeväťstodeväťdesiatdeväť,"sto, dvesto… are invariable (stého/stá are ordinals)"
sk,cardinal,299999,feminine,instrumental,dvestodeväťdesiatdeväťtisícoudeväťstádeväťdesiatymdeviatou,dvestodeväťdesiatdeväťtisícdeväťstodeväťdesiatimi deviatimi,tisíc and -tisíc compounds are invariable (tisíceho etc. are ordinals)
sk,cardinal,299999,feminine,locative,dvestodeväťdesiatdeväťtisícejdeväťstádeväťdesiatomdeviatej,dvestodeväťdesiatdeväťtisícdeväťstodeväťdesiatich deviatich,tisíc and -tisíc compounds are invariable (tisíceho etc. are ordinals)
sk,cardinal,299999,neuter,nominative,dvestodeväťdesiatdeväťtisícdeväťstédeväťdesiatdeväť,dvestodeväťdesiatdeväťtisícdeväťstodeväťdesiatdeväť,"sto, dvesto… are invariable (stého/stá are ordinals)"
sk,cardinal,299999,neuter,genitive,dvestodeväťdesiatdeväťtisícehodeväťstédeväťdesiatehodeviateho,dvestodeväťdesiatdeväťtisícdeväťstodeväťdesiatich deviatich,tisíc and -tisíc compounds are invariable (tisíceho etc. are ordinals)
sk,cardinal,299999,neuter,dative,dvestodeväťdesiatdeväťtisícemudeväťstédeväťdesiatemudeviatemu,dvestodeväťdesiatdeväťtisícdeväťstodeväťdesiatim deviatim,tisíc and -tisíc compounds are invariable (tisíceho etc. are ordinals)
sk,cardinal,299999,neuter,accusative,dvestodeväťdesiatdeväťtisícdeväťstédeväťdesiatdeväť,dvestodeväťdesiatdeväťtisícdeväťstodeväťdesiatdeväť,"sto, dvesto… are invariable (stého/stá are ordinals)"
sk,cardinal,299999,neuter,instrumental,dvestodeväťdesiatdeväťtisícimdeväťstédeväťdesiatymdeviatym,dvestodeväťdesiatdeväťtisícdeväťstodeväťdesiatimi deviatimi,tisíc and -tisíc compounds are invariable (tisíceho etc. are ordinals)
sk,cardinal,299999,neuter,locative,dvestodeväťdesiatdeväťtisícomdeväťstédeväťdesiatomdeviatom,dvestodeväťdesiatdeväťtisícdeväťstodeväťdesiatich deviatich,tisíc and -tisíc compounds are invariable (tisíceho etc. are ordinals)
sk,cardinal,1000000,masculine,genitive,miliónteho,milióna,"milión/miliarda are nouns (milióna, dvoch miliónov), not ordinals"
sk,cardinal,1000000,masculine,dative,milióntemu,miliónu,"milión/miliarda are nouns (milióna, dvoch miliónov), not ordinals"
sk,cardinal,1000000,masculine,instrumental,milióntym,miliónom,"milión/miliarda are nouns (milióna, dvoch miliónov), not ordinals"
sk,cardinal,1000000,masculine,locative,milióntom,milióne,"milión/miliarda are nouns (milióna, dvoch miliónov), not ordinals"
sk,cardinal,1000000,feminine,genitive,milióntej,milióna,"milión/miliarda are nouns (milióna, dvoch miliónov), not ordinals"
sk,cardinal,1000000,feminine,dative,milióntej,miliónu,"milión/miliarda are nouns (milióna, dvoch miliónov), not ordinals"
sk,cardinal,1000000,feminine,instrumental,milióntou,miliónom,"milión/miliarda are nouns (milióna, dvoch miliónov), not ordinals"
sk,cardinal,1000000,feminine,locative,milióntej,milióne,"milión/miliarda are nouns (milióna, dvoch miliónov), not ordinals"
sk,cardinal,1000000,neuter,genitive,miliónteho,milióna,"milión/miliarda are nouns (milióna, dvoch miliónov), not ordinals"
sk,cardinal,1000000,neuter,dative,milióntemu,miliónu,"milión/miliarda are nouns (milióna, dvoch miliónov), not ordinals"
sk,cardinal,1000000,neuter,instrumental,milióntym,miliónom,"milión/miliarda are nouns (milióna, dvoch miliónov), not ordinals"
sk,cardinal,1000000,neuter,locative,milióntom,milióne,"milión/miliarda are nouns (milióna, dvoch miliónov), not ordinals"
sk,cardinal,1000001,masculine,nominative,miliónjeden,milión jeden,spacing only
sk,cardinal,1000001,masculine,genitive,miliónjedného,milióna jeden,"-jeden compounds: invariable, 'jeden' for every gender"
sk,cardinal,1000001,masculine,dative,miliónjednému,miliónu jeden,"-jeden compounds: invariable, 'jeden' for every gender"
sk,cardinal,1000001,masculine,accusative,miliónjedného,milión jeden,"-jeden compounds: invariable, 'jeden' for every gender"
sk,cardinal,1000001,masculine,instrumental,miliónjedným,miliónom jeden,"-jeden compounds: invariable, 'jeden' for every gender"
sk,cardinal,1000001,masculine,locative,miliónjednom,milióne jeden,"-jeden compounds: invariable, 'jeden' for every gender"
sk,cardinal,1000001,feminine,nominative,miliónjedna,milión jeden,"-jeden compounds: invariable, 'jeden' for every gender"
sk,cardinal,1000001,feminine,genitive,miliónjednej,milióna jeden,"-jeden compounds: invariable, 'jeden' for every gender"
sk,cardinal,1000001,feminine,dative,miliónjednej,miliónu jeden,"-jeden compounds: invariable, 'jeden' for every gender"
sk,cardinal,1000001,feminine,accusative,miliónjednu,milión jeden,"-jeden compounds: invariable, 'jeden' for every gender"
sk,cardinal,1000001,feminine,instrumental,miliónjednou,miliónom jeden,"-jeden compounds: invariable, 'jeden' for every gender"
sk,cardinal,1000001,feminine,locative,miliónjednej,milióne jeden,"-jeden compounds: invariable, 'jeden' for every gender"
sk,cardinal,1000001,neuter,nominative,miliónjedno,milión jeden,"-jeden compounds: invariable, 'jeden' for every gender"
sk,cardinal,1000001,neuter,genitive,miliónjedného,milióna jeden,"-jeden compounds: invariable, 'jeden' for every gender"
sk,cardinal,1000001,neuter,dative,miliónjednému,miliónu jeden,"-jeden compounds: invariable, 'jeden' for every gender"
sk,cardinal,1000001,neuter,accusative,miliónjedno,milión jeden,"-jeden compounds: invariable, 'jeden' for every gender"
sk,cardinal,1000001,neuter,instrumental,miliónjedným,miliónom jeden,"-jeden compounds: invariable, 'jeden' for every gender"
sk,cardinal,1000001,neuter,locative,miliónjednom,milióne jeden,"-jeden compounds: invariable, 'jeden' for every gender"
sk,cardinal,1000010,masculine,nominative,milióndesať,milión desať,spacing only
sk,cardinal,1000010,masculine,genitive,milióndesiatich,milióna desiatich,22–99 decline both parts as cardinals: dvadsiatich dvoch (v1 used ordinal forms)
sk,cardinal,1000010,masculine,dative,milióndesiatim,miliónu desiatim,22–99 decline both parts as cardinals: dvadsiatich dvoch (v1 used ordinal forms)
sk,cardinal,1000010,masculine,accusative,milióndesať,milión desať,spacing only
sk,cardinal,1000010,masculine,instrumental,milióndesiatimi,miliónom desiatimi,22–99 decline both parts as cardinals: dvadsiatich dvoch (v1 used ordinal forms)
sk,cardinal,1000010,masculine,locative,milióndesiatich,milióne desiatich,22–99 decline both parts as cardinals: dvadsiatich dvoch (v1 used ordinal forms)
sk,cardinal,1000010,feminine,nominative,milióndesať,milión desať,spacing only
sk,cardinal,1000010,feminine,genitive,milióndesiatich,milióna desiatich,22–99 decline both parts as cardinals: dvadsiatich dvoch (v1 used ordinal forms)
sk,cardinal,1000010,feminine,dative,milióndesiatim,miliónu desiatim,22–99 decline both parts as cardinals: dvadsiatich dvoch (v1 used ordinal forms)
sk,cardinal,1000010,feminine,accusative,milióndesať,milión desať,spacing only
sk,cardinal,1000010,feminine,instrumental,milióndesiatimi,miliónom desiatimi,22–99 decline both parts as cardinals: dvadsiatich dvoch (v1 used ordinal forms)
sk,cardinal,1000010,feminine,locative,milióndesiatich,milióne desiatich,22–99 decline both parts as cardinals: dvadsiatich dvoch (v1 used ordinal forms)
sk,cardinal,1000010,neuter,nominative,milióndesať,milión desať,spacing only
sk,cardinal,1000010,neuter,genitive,milióndesiatich,milióna desiatich,22–99 decline both parts as cardinals: dvadsiatich dvoch (v1 used ordinal forms)
sk,cardinal,1000010,neuter,dative,milióndesiatim,miliónu desiatim,22–99 decline both parts as cardinals: dvadsiatich dvoch (v1 used ordinal forms)
sk,cardinal,1000010,neuter,accusative,milióndesať,milión desať,spacing only
sk,cardinal,1000010,neuter,instrumental,milióndesiatimi,miliónom desiatimi,22–99 decline both parts as cardinals: dvadsiatich dvoch (v1 used ordinal forms)
sk,cardinal,1000010,neuter,locative,milióndesiatich,milióne desiatich,22–99 decline both parts as cardinals: dvadsiatich dvoch (v1 used ordinal forms)
sk,cardinal,1000100,masculine,nominative,miliónsto,milión sto,spacing only
sk,cardinal,1000100,masculine,genitive,miliónstého,milióna sto,"sto, dvesto… are invariable (stého/stá are ordinals)"
sk,cardinal,1000100,masculine,dative,miliónstému,miliónu sto,"sto, dvesto… are invariable (stého/stá are ordinals)"
sk,cardinal,1000100,masculine,accusative,miliónsto,milión sto,spacing only
sk,cardinal,1000100,masculine,instrumental,miliónstým,miliónom sto,"sto, dvesto… are invariable (stého/stá are ordinals)"
sk,cardinal,1000100,masculine,locative,miliónstom,milióne sto,"sto, dvesto… are invariable (stého/stá are ordinals)"
sk,cardinal,1000100,feminine,nominative,miliónstá,milión sto,"sto, dvesto… are invariable (stého/stá are ordinals)"
sk,cardinal,1000100,feminine,genitive,miliónstej,milióna sto,"sto, dvesto… are invariable (stého/stá are ordinals)"
sk,cardinal,1000100,feminine,dative,miliónstej,miliónu sto,"sto, dvesto… are invariable (stého/stá are ordinals)"
sk,cardinal,1000100,feminine,accusative,miliónstú,milión sto,"sto, dvesto… are invariable (stého/stá are ordinals)"
sk,cardinal,1000100,feminine,instrumental,miliónstou,miliónom sto,"sto, dvesto… are invariable (stého/stá are ordinals)"
sk,cardinal,1000100,feminine,locative,miliónstej,milióne sto,"sto, dvesto… are invariable (stého/stá are ordinals)"
sk,cardinal,1000100,neuter,nominative,miliónsté,milión sto,"sto, dvesto… are invariable (stého/stá are ordinals)"
sk,cardinal,1000100,neuter,genitive,miliónstého,milióna sto,"sto, dvesto… are invariable (stého/stá are ordinals)"
sk,cardinal,1000100,neuter,dative,miliónstému,miliónu sto,"sto, dvesto… are invariable (stého/stá are ordinals)"
sk,cardinal,1000100,neuter,accusative,miliónsté,milión sto,"sto, dvesto… are invariable (stého/stá are ordinals)"
sk,cardinal,1000100,neuter,instrumental,miliónstým,miliónom sto,"sto, dvesto… are invariable (stého/stá are ordinals)"
sk,cardinal,1000100,neuter,locative,miliónstom,milióne sto,"sto, dvesto… are invariable (stého/stá are ordinals)"
sk,cardinal,1001000,masculine,nominative,milióntisíc,milión tisíc,spacing only
sk,cardinal,1001000,masculine,genitive,milióntisíceho,milióna tisíc,"milión/miliarda are nouns (milióna, dvoch miliónov), not ordinals"
sk,cardinal,1001000,masculine,dative,milióntisícemu,miliónu tisíc,"milión/miliarda are nouns (milióna, dvoch miliónov), not ordinals"
sk,cardinal,1001000,masculine,accusative,milióntisíc,milión tisíc,spacing only
sk,cardinal,1001000,masculine,instrumental,milióntisícim,miliónom tisíc,"milión/miliarda are nouns (milióna, dvoch miliónov), not ordinals"
sk,cardinal,1001000,masculine,locative,milióntisícom,milióne tisíc,"milión/miliarda are nouns (milióna, dvoch miliónov), not ordinals"
sk,cardinal,1001000,feminine,nominative,milióntisíc,milión tisíc,spacing only
sk,cardinal,1001000,feminine,genitive,milióntisícej,milióna tisíc,"milión/miliarda are nouns (milióna, dvoch miliónov), not ordinals"
sk,cardinal,1001000,feminine,dative,milióntisícej,miliónu tisíc,"milión/miliarda are nouns (milióna, dvoch miliónov), not ordinals"
sk,cardinal,1001000,feminine,accusative,milióntisíc,milión tisíc,spacing only
sk,cardinal,1001000,feminine,instrumental,milióntisícou,miliónom tisíc,"milión/miliarda are nouns (milióna, dvoch miliónov), not ordinals"
sk,cardinal,1001000,feminine,locative,milióntisícej,milióne tisíc,"milión/miliarda are nouns (milióna, dvoch miliónov), not ordinals"
sk,cardinal,1001000,neuter,nominative,milióntisíc,milión tisíc,spacing only
sk,cardinal,1001000,neuter,genitive,milióntisíceho,milióna tisíc,"milión/miliarda are nouns (milióna, dvoch miliónov), not ordinals"
sk,cardinal,1001000,neuter,dative,milióntisícemu,miliónu tisíc,"milión/miliarda are nouns (milióna, dvoch miliónov), not ordinals"
sk,cardinal,1001000,neuter,accusative,milióntisíc,milión tisíc,spacing only
sk,cardinal,1001000,neuter,instrumental,milióntisícim,miliónom tisíc,"milión/miliarda are nouns (milióna, dvoch miliónov), not ordinals"
sk,cardinal,1001000,neuter,locative,milióntisícom,milióne tisíc,"milión/miliarda are nouns (milióna, dvoch miliónov), not ordinals"
sk,cardinal,1001010,masculine,nominative,milióntisícdesať,milión tisícdesať,spacing only
sk,cardinal,1001010,masculine,genitive,milióntisícdesiatich,milióna tisícdesiatich,"milión/miliarda are nouns (milióna, dvoch miliónov), not ordinals"
sk,cardinal,1001010,masculine,dative,milióntisícdesiatim,miliónu tisícdesiatim,"milión/miliarda are nouns (milióna, dvoch miliónov), not ordinals"
sk,cardinal,1001010,masculine,accusative,milióntisícdesať,milión tisícdesať,spacing only
sk,cardinal,1001010,masculine,instrumental,milióntisícdesiatimi,miliónom tisícdesiatimi,"milión/miliarda are nouns (milióna, dvoch miliónov), not ordinals"
sk,cardinal,1001010,masculine,locative,milióntisícdesiatich,milióne tisícdesiatich,"milión/miliarda are nouns (milióna, dvoch miliónov), not ordinals"
sk,cardinal,1001010,feminine,nominative,milióntisícdesať,milión tisícdesať,spacing only
sk,cardinal,1001010,feminine,genitive,milióntisícdesiatich,milióna tisícdesiatich,"milión/miliarda are nouns (milióna, dvoch miliónov), not ordinals"
sk,cardinal,1001010,feminine,dative,milióntisícdesiatim,miliónu tisícdesiatim,"milión/miliarda are nouns (milióna, dvoch miliónov), not ordinals"
sk,cardinal,1001010,feminine,accusative,milióntisícdesať,milión tisícdesať,spacing only
sk,cardinal,1001010,feminine,instrumental,milióntisícdesiatimi,miliónom tisícdesiatimi,"milión/miliarda are nouns (milióna, dvoch miliónov), not ordinals"
sk,cardinal,1001010,feminine,locative,milióntisícdesiatich,milióne tisícdesiatich,"milión/miliarda are nouns (milióna, dvoch miliónov), not ordinals"
sk,cardinal,1001010,neuter,nominative,milióntisícdesať,milión tisícdesať,spacing only
sk,cardinal,1001010,neuter,genitive,milióntisícdesiatich,milióna tisícdesiatich,"milión/miliarda are nouns (milióna, dvoch miliónov), not ordinals"
sk,cardinal,1001010,neuter,dative,milióntisícdesiatim,miliónu tisícdesiatim,"milión/miliarda are nouns (milióna, dvoch miliónov), not ordinals"
sk,cardinal,1001010,neuter,accusative,milióntisícdesať,milión tisícdesať,spacing only
sk,cardinal,1001010,neuter,instrumental,milióntisícdesiatimi,miliónom tisícdesiatimi,"milión/miliarda are nouns (milióna, dvoch miliónov), not ordinals"
sk,cardinal,1001010,neuter,locative,milióntisícdesiatich,milióne tisícdesiatich,"milión/miliarda are nouns (milióna, dvoch miliónov), not ordinals"
sk,cardinal,1100000,masculine,nominative,miliónstotisíc,milión stotisíc,spacing only
sk,cardinal,1100000,masculine,genitive,miliónstotisíceho,milióna stotisíc,tisíc and -tisíc compounds are invariable (tisíceho etc. are ordinals)
sk,cardinal,1100000,masculine,dative,miliónstotisícemu,miliónu stotisíc,tisíc and -tisíc compounds are invariable (tisíceho etc. are ordinals)
sk,cardinal,1100000,masculine,accusative,miliónstotisíc,milión stotisíc,spacing only
sk,cardinal,1100000,masculine,instrumental,miliónstotisícim,miliónom stotisíc,tisíc and -tisíc compounds are invariable (tisíceho etc. are ordinals)
sk,cardinal,1100000,masculine,locative,miliónstotisícom,milióne stotisíc,tisíc and -tisíc compounds are invariable (tisíceho etc. are ordinals)
sk,cardinal,1100000,feminine,nominative,miliónstotisíc,milión stotisíc,spacing only
sk,cardinal,1100000,feminine,genitive,miliónstotisícej,milióna stotisíc,tisíc and -tisíc compounds are invariable (tisíceho etc. are ordinals)
sk,cardinal,1100000,feminine,dative,miliónstotisícej,miliónu stotisíc,tisíc and -tisíc compounds are invariable (tisíceho etc. are ordinals)
sk,cardinal,1100000,feminine,accusative,miliónstotisíc,milión stotisíc,spacing only
sk,cardinal,1100000,feminine,instrumental,miliónstotisícou,miliónom stotisíc,tisíc and -tisíc compounds are invariable (tisíceho etc. are ordinals)
sk,cardinal,1100000,feminine,locative,miliónstotisícej,milióne stotisíc,tisíc and -tisíc compounds are invariable (tisíceho etc. are ordinals)
sk,cardinal,1100000,neuter,nominative,miliónstotisíc,milión stotisíc,spacing only
sk,cardinal,1100000,neuter,genitive,miliónstotisíceho,milióna stotisíc,tisíc and -tisíc compounds are invariable (tisíceho etc. are ordinals)
sk,cardinal,1100000,neuter,dative,miliónstotisícemu,miliónu stotisíc,tisíc and -tisíc compounds are invariable (tisíceho etc. are ordinals)
sk,cardinal,1100000,neuter,accusative,miliónstotisíc,milión stotisíc,spacing only
sk,cardinal,1100000,neuter,instrumental,miliónstotisícim,miliónom stotisíc,tisíc and -tisíc compounds are invariable (tisíceho etc. are ordinals)
sk,cardinal,1100000,neuter,locative,miliónstotisícom,milióne stotisíc,tisíc and -tisíc compounds are invariable (tisíceho etc. are ordinals)
sk,cardinal,2000000,masculine,nominative,dvamilióny,dva milióny,spacing only
sk,cardinal,2000000,masculine,genitive,dvamiliónteho,dvoch miliónov,"milión/miliarda are nouns (milióna, dvoch miliónov), not ordinals"
sk,cardinal,2000000,masculine,dative,dvamilióntemu,dvom miliónom,"milión/miliarda are nouns (milióna, dvoch miliónov), not ordinals"
sk,cardinal,2000000,masculine,accusative,dvamilióny,dva milióny,spacing only
sk,cardinal,2000000,masculine,instrumental,dvamilióntym,dvoma miliónmi,"milión/miliarda are nouns (milióna, dvoch miliónov), not ordinals"
sk,cardinal,2000000,masculine,locative,dvamilióntom,dvoch miliónoch,"milión/miliarda are nouns (milióna, dvoch miliónov), not ordinals"
sk,cardinal,2000000,feminine,nominative,dvamilióny,dva milióny,spacing only
sk,cardinal,2000000,feminine,genitive,dvamilióntej,dvoch miliónov,"milión/miliarda are nouns (milióna, dvoch miliónov), not ordinals"
sk,cardinal,2000000,feminine,dative,dvamilióntej,dvom miliónom,"milión/miliarda are nouns (milióna, dvoch miliónov), not ordinals"
sk,cardinal,2000000,feminine,accusative,dvamilióny,dva milióny,spacing only
sk,cardinal,2000000,feminine,instrumental,dvamilióntou,dvoma miliónmi,"milión/miliarda are nouns (milióna, dvoch miliónov), not ordinals"
sk,cardinal,2000000,feminine,locative,dvamilióntej,dvoch miliónoch,"milión/miliarda are nouns (milióna, dvoch miliónov), not ordinals"
sk,cardinal,2000000,neuter,nominative,dvamilióny,dva milióny,spacing only
sk,cardinal,2000000,neuter,genitive,dvamiliónteho,dvoch miliónov,"milión/miliarda are nouns (milióna, dvoch miliónov), not ordinals"
sk,cardinal,2000000,neuter,dative,dvamilióntemu,dvom miliónom,"milión/miliarda are nouns (milióna, dvoch miliónov), not ordinals"
sk,cardinal,2000000,neuter,accusative,dvamilióny,dva milióny,spacing only
sk,cardinal,2000000,neuter,instrumental,dvamilióntym,dvoma miliónmi,"milión/miliarda are nouns (milióna, dvoch miliónov), not ordinals"
sk,cardinal,2000000,neuter,locative,dvamilióntom,dvoch miliónoch,"milión/miliarda are nouns (milióna, dvoch miliónov), not ordinals"
sk,cardinal,2500000,masculine,nominative,dvamiliónypäťstotisíc,dva milióny päťstotisíc,spacing only
sk,cardinal,2500000,masculine,genitive,dvamiliónypäťstotisíceho,dvoch miliónov päťstotisíc,tisíc and -tisíc compounds are invariable (tisíceho etc. are ordinals)
sk,cardinal,2500000,masculine,dative,dvamiliónypäťstotisícemu,dvom miliónom päťstotisíc,tisíc and -tisíc compounds are invariable (tisíceho etc. are ordinals)
sk,cardinal,2500000,masculine,accusative,dvamiliónypäťstotisíc,dva milióny päťstotisíc,spacing only
sk,cardinal,2500000,masculine,instrumental,dvamiliónypäťstotisícim,dvoma miliónmi päťstotisíc,tisíc and -tisíc compounds are invariable (tisíceho etc. are ordinals)
sk,cardinal,2500000,masculine,locative,dvamiliónypäťstotisícom,dvoch miliónoch päťstotisíc,tisíc and -tisíc compounds are invariable (tisíceho etc. are ordinals)
sk,cardinal,2500000,feminine,nominative,dvamiliónypäťstotisíc,dva milióny päťstotisíc,spacing only
sk,cardinal,2500000,feminine,genitive,dvamiliónypäťstotisícej,dvoch miliónov päťstotisíc,tisíc and -tisíc compounds are invariable (tisíceho etc. are ordinals)
sk,cardinal,2500000,feminine,dative,dvamiliónypäťstotisícej,dvom miliónom päťstotisíc,tisíc and -tisíc compounds are invariable (tisíceho etc. are ordinals)
sk,cardinal,2500000,feminine,accusative,dvamiliónypäťstotisíc,dva milióny päťstotisíc,spacing only
sk,cardinal,2500000,feminine,instrumental,dvamiliónypäťstotisícou,dvoma miliónmi päťstotisíc,tisíc and -tisíc compounds are invariable (tisíceho etc. are ordinals)
sk,cardinal,2500000,feminine,locative,dvamiliónypäťstotisícej,dvoch miliónoch päťstotisíc,tisíc and -tisíc compounds are invariable (tisíceho etc. are ordinals)
sk,cardinal,2500000,neuter,nominative,dvamiliónypäťstotisíc,dva milióny päťstotisíc,spacing only
sk,cardinal,2500000,neuter,genitive,dvamiliónypäťstotisíceho,dvoch miliónov päťstotisíc,tisíc and -tisíc compounds are invariable (tisíceho etc. are ordinals)
sk,cardinal,2500000,neuter,dative,dvamiliónypäťstotisícemu,dvom miliónom päťstotisíc,tisíc and -tisíc compounds are invariable (tisíceho etc. are ordinals)
sk,cardinal,2500000,neuter,accusative,dvamiliónypäťstotisíc,dva milióny päťstotisíc,spacing only
sk,cardinal,2500000,neuter,instrumental,dvamiliónypäťstotisícim,dvoma miliónmi päťstotisíc,tisíc and -tisíc compounds are invariable (tisíceho etc. are ordinals)
sk,cardinal,2500000,neuter,locative,dvamiliónypäťstotisícom,dvoch miliónoch päťstotisíc,tisíc and -tisíc compounds are invariable (tisíceho etc. are ordinals)
sk,cardinal,2999999,masculine,nominative,dvamiliónydeväťstodeväťdesiatdeväťtisícdeväťstodeväťdesiatdeväť,dva milióny deväťstodeväťdesiatdeväťtisícdeväťstodeväťdesiatdeväť,spacing only
sk,cardinal,2999999,masculine,genitive,dvamiliónydeväťstodeväťdesiatdeväťtisícehodeväťstodeväťdesiatehodeviateho,dvoch miliónov deväťstodeväťdesiatdeväťtisícdeväťstodeväťdesiatich deviatich,tisíc and -tisíc compounds are invariable (tisíceho etc. are ordinals)
sk,cardinal,2999999,masculine,dative,dvamiliónydeväťstodeväťdesiatdeväťtisícemudeväťstodeväťdesiatemudeviatemu,dvom miliónom deväťstodeväťdesiatdeväťtisícdeväťstodeväťdesiatim deviatim,tisíc and -tisíc compounds are invariable (tisíceho etc. are ordinals)
sk,cardinal,2999999,masculine,accusative,dvamiliónydeväťstodeväťdesiatdeväťtisícdeväťstodeväťdesiatdeväť,dva milióny deväťstodeväťdesiatdeväťtisícdeväťstodeväťdesiatdeväť,spacing only
sk,cardinal,2999999,masculine,instrumental,dvamiliónydeväťstodeväťdesiatdeväťtisícimdeväťstodeväťdesiatymdeviatym,dvoma miliónmi deväťstodeväťdesiatdeväťtisícdeväťstodeväťdesiatimi deviatimi,tisíc and -tisíc compounds are invariable (tisíceho etc. are ordinals)
sk,cardinal,2999999,masculine,locative,dvamiliónydeväťstodeväťdesiatdeväťtisícomdeväťstodeväťdesiatomdeviatom,dvoch miliónoch deväťstodeväťdesiatdeväťtisícdeväťstodeväťdesiatich deviatich,tisíc and -tisíc compounds are invariable (tisíceho etc. are ordinals)
sk,cardinal,2999999,feminine,nominative,dvamiliónydeväťstodeväťdesiatdeväťtisícdeväťstádeväťdesiatdeväť,dva milióny deväťstodeväťdesiatdeväťtisícdeväťstodeväťdesiatdeväť,"sto, dvesto… are invariable (stého/stá are ordinals)"
sk,cardinal,2999999,feminine,genitive,dvamiliónydeväťstodeväťdesiatdeväťtisícejdeväťstádeväťdesiatehodeviatej,dvoch miliónov deväťstodeväťdesiatdeväťtisícdeväťstodeväťdesiatich deviatich,tisíc and -tisíc compounds are invariable (tisíceho etc. are ordinals)
sk,cardinal,2999999,feminine,dative,dvamiliónydeväťstodeväťdesiatdeväťtisícejdeväťstádeväťdesiatemudeviatej,dvom miliónom deväťstodeväťdesiatdeväťtisícdeväťstodeväťdesiatim deviatim,tisíc and -tisíc compounds are invariable (tisíceho etc. are ordinals)
sk,cardinal,2999999,feminine,accusative,dvamiliónydeväťstodeväťdesiatdeväťtisícdeväťstádeväťdesiatdeväť,dva milióny deväťstodeväťdesiatdeväťtisícdeväťstodeväťdesiatdeväť,"sto, dvesto… are invariable (stého/stá are ordinals)"
sk,cardinal,2999999,feminine,instrumental,dvamiliónydeväťstodeväťdesiatdeväťtisícoudeväťstádeväťdesiatymdeviatou,dvoma miliónmi deväťstodeväťdesiatdeväťtisícdeväťstodeväťdesiatimi deviatimi,tisíc and -tisíc compounds are invariable (tisíceho etc. are ordinals)
sk,cardinal,2999999,feminine,locative,dvamiliónydeväťstodeväťdesiatdeväťtisícejdeväťstádeväťdesiatomdeviatej,dvoch miliónoch deväťstodeväťdesiatdeväťtisícdeväťstodeväťdesiatich deviatich,tisíc and -tisíc compounds are invariable (tisíceho etc. are ordinals)
sk,cardinal,2999999,neuter,nominative,dvamiliónydeväťstodeväťdesiatdeväťtisícdeväťstédeväťdesiatdeväť,dva milióny deväťstodeväťdesiatdeväťtisícdeväťstodeväťdesiatdeväť,"sto, dvesto… are invariable (stého/stá are ordinals)"
sk,cardinal,2999999,neuter,genitive,dvamiliónydeväťstodeväťdesiatdeväťtisícehodeväťstédeväťdesiatehodeviateho,dvoch miliónov deväťstodeväťdesiatdeväťtisícdeväťstodeväťdesiatich deviatich,tisíc and -tisíc compounds are invariable (tisíceho etc. are ordinals)
sk,cardinal,2999999,neuter,dative,dvamiliónydeväťstodeväťdesiatdeväťtisícemudeväťstédeväťdesiatemudeviatemu,dvom miliónom deväťstodeväťdesiatdeväťtisícdeväťstodeväťdesiatim deviatim,tisíc and -tisíc compounds are invariable (tisíceho etc. are ordinals)
sk,cardinal,2999999,neuter,accusative,dvamiliónydeväťstodeväťdesiatdeväťtisícdeväťstédeväťdesiatdeväť,dva milióny deväťstodeväťdesiatdeväťtisícdeväťstodeväťdesiatdeväť,"sto, dvesto… are invariable (stého/stá are ordinals)"
sk,cardinal,2999999,neuter,instrumental,dvamiliónydeväťstodeväťdesiatdeväťtisícimdeväťstédeväťdesiatymdeviatym,dvoma miliónmi deväťstodeväťdesiatdeväťtisícdeväťstodeväťdesiatimi deviatimi,tisíc and -tisíc compounds are invariable (tisíceho etc. are ordinals)
sk,cardinal,2999999,neuter,locative,dvamiliónydeväťstodeväťdesiatdeväťtisícomdeväťstédeväťdesiatomdeviatom,dvoch miliónoch deväťstodeväťdesiatdeväťtisícdeväťstodeväťdesiatich deviatich,tisíc and -tisíc compounds are invariable (tisíceho etc. are ordinals)
sk,cardinal,10000000,masculine,nominative,desaťmiliónov,desať miliónov,spacing only
sk,cardinal,10000000,masculine,genitive,desaťmiliónteho,desiatich miliónov,"milión/miliarda are nouns (milióna, dvoch miliónov), not ordinals"
sk,cardinal,10000000,masculine,dative,desaťmilióntemu,desiatim miliónom,"milión/miliarda are nouns (milióna, dvoch miliónov), not ordinals"
sk,cardinal,10000000,masculine,accusative,desaťmiliónov,desať miliónov,spacing only
sk,cardinal,10000000,masculine,instrumental,desaťmilióntym,desiatimi miliónmi,"milión/miliarda are nouns (milióna, dvoch miliónov), not ordinals"
sk,cardinal,10000000,masculine,locative,desaťmilióntom,desiatich miliónoch,"milión/miliarda are nouns (milióna, dvoch miliónov), not ordinals"
sk,cardinal,10000000,feminine,nominative,desaťmiliónov,desať miliónov,spacing only
sk,cardinal,10000000,feminine,genitive,desaťmilióntej,desiatich miliónov,"milión/miliarda are nouns (milióna, dvoch miliónov), not ordinals"
sk,cardinal,10000000,feminine,dative,desaťmilióntej,desiatim miliónom,"milión/miliarda are nouns (milióna, dvoch miliónov), not ordinals"
sk,cardinal,10000000,feminine,accusative,desaťmiliónov,desať miliónov,spacing only
sk,cardinal,10000000,feminine,instrumental,desaťmilióntou,desiatimi miliónmi,"milión/miliarda are nouns (milióna, dvoch miliónov), not ordinals"
sk,cardinal,10000000,feminine,locative,desaťmilióntej,desiatich miliónoch,"milión/miliarda are nouns (milióna, dvoch miliónov), not ordinals"
sk,cardinal,10000000,neuter,nominative,desaťmiliónov,desať miliónov,spacing only
sk,cardinal,10000000,neuter,genitive,desaťmiliónteho,desiatich miliónov,"milión/miliarda are nouns (milióna, dvoch miliónov), not ordinals"
sk,cardinal,10000000,neuter,dative,desaťmilióntemu,desiatim miliónom,"milión/miliarda are nouns (milióna, dvoch miliónov), not ordinals"
sk,cardinal,10000000,neuter,accusative,desaťmiliónov,desať miliónov,spacing only
sk,cardinal,10000000,neuter,instrumental,desaťmilióntym,desiatimi miliónmi,"milión/miliarda are nouns (milióna, dvoch miliónov), not ordinals"
sk,cardinal,10000000,neuter,locative,desaťmilióntom,desiatich miliónoch,"milión/miliarda are nouns (milióna, dvoch miliónov), not ordinals"
sk,cardinal,15000000,masculine,nominative,pätnásťmiliónov,pätnásť miliónov,spacing only
sk,cardinal,15000000,masculine,genitive,pätnásťmiliónteho,pätnástich miliónov,"milión/miliarda are nouns (milióna, dvoch miliónov), not ordinals"
sk,cardinal,15000000,masculine,dative,pätnásťmilióntemu,pätnástim miliónom,"milión/miliarda are nouns (milióna, dvoch miliónov), not ordinals"
sk,cardinal,15000000,masculine,accusative,pätnásťmiliónov,pätnásť miliónov,spacing only
sk,cardinal,15000000,masculine,instrumental,pätnásťmilióntym,pätnástimi miliónmi,"milión/miliarda are nouns (milióna, dvoch miliónov), not ordinals"
sk,cardinal,15000000,masculine,locative,pätnásťmilióntom,pätnástich miliónoch,"milión/miliarda are nouns (milióna, dvoch miliónov), not ordinals"
sk,cardinal,15000000,feminine,nominative,pätnásťmiliónov,pätnásť miliónov,spacing only
sk,cardinal,15000000,feminine,genitive,pätnásťmilióntej,pätnástich miliónov,"milión/miliarda are nouns (milióna, dvoch miliónov), not ordinals"
sk,cardinal,15000000,feminine,dative,pätnásťmilióntej,pätnástim miliónom,"milión/miliarda are nouns (milióna, dvoch miliónov), not ordinals"
sk,cardinal,15000000,feminine,accusative,pätnásťmiliónov,pätnásť miliónov,spacing only
sk,cardinal,15000000,feminine,instrumental,pätnásťmilióntou,pätnástimi miliónmi,"milión/miliarda are nouns (milióna, dvoch miliónov), not ordinals"
sk,cardinal,15000000,feminine,locative,pätnásťmilióntej,pätnástich miliónoch,"milión/miliarda are nouns (milióna, dvoch miliónov), not ordinals"
sk,cardinal,15000000,neuter,nominative,pätnásťmiliónov,pätnásť miliónov,spacing only
sk,cardinal,15000000,neuter,genitive,pätnásťmiliónteho,pätnástich miliónov,"milión/miliarda are nouns (milióna, dvoch miliónov), not ordinals"
sk,cardinal,15000000,neuter,dative,pätnásťmilióntemu,pätnástim miliónom,"milión/miliarda are nouns (milióna, dvoch miliónov), not ordinals"
sk,cardinal,15000000,neuter,accusative,pätnásťmiliónov,pätnásť miliónov,spacing only
sk,cardinal,15000000,neuter,instrumental,pätnásťmilióntym,pätnástimi miliónmi,"milión/miliarda are nouns (milióna, dvoch miliónov), not ordinals"
sk,cardinal,15000000,neuter,locative,pätnásťmilióntom,pätnástich miliónoch,"milión/miliarda are nouns (milióna, dvoch miliónov), not ordinals"
sk,cardinal,19999999,masculine,nominative,devätnásťmiliónovdeväťstodeväťdesiatdeväťtisícdeväťstodeväťdesiatdeväť,devätnásť miliónov deväťstodeväťdesiatdeväťtisícdeväťstodeväťdesiatdeväť,spacing only
sk,cardinal,19999999,masculine,genitive,devätnásťmiliónovdeväťstodeväťdesiatdeväťtisícehodeväťstodeväťdesiatehodeviateho,devätnástich miliónov deväťstodeväťdesiatdeväťtisícdeväťstodeväťdesiatich deviatich,tisíc and -tisíc compounds are invariable (tisíceho etc. are ordinals)
sk,cardinal,19999999,masculine,dative,devätnásťmiliónovdeväťstodeväťdesiatdeväťtisícemudeväťstodeväťdesiatemudeviatemu,devätnástim miliónom deväťstodeväťdesiatdeväťtisícdeväťstodeväťdesiatim deviatim,tisíc and -tisíc compounds are invariable (tisíceho etc. are ordinals)
sk,cardinal,19999999,masculine,accusative,devätnásťmiliónovdeväťstodeväťdesiatdeväťtisícdeväťstodeväťdesiatdeväť,devätnásť miliónov deväťstodeväťdesiatdeväťtisícdeväťstodeväťdesiatdeväť,spacing only
sk,cardinal,19999999,masculine,instrumental,devätnásťmiliónovdeväťstodeväťdesiatdeväťtisícimdeväťstodeväťdesiatymdeviatym,devätnástimi miliónmi deväťstodeväťdesiatdeväťtisícdeväťstodeväťdesiatimi deviatimi,tisíc and -tisíc compounds are invariable (tisíceho etc. are ordinals)
sk,cardinal,19999999,masculine,locative,devätnásťmiliónovdeväťstodeväťdesiatdeväťtisícomdeväťstodeväťdesiatomdeviatom,devätnástich miliónoch deväťstodeväťdesiatdeväťtisícdeväťstodeväťdesiatich deviatich,tisíc and -tisíc compounds are invariable (tisíceho etc. are ordinals)
sk,cardinal,19999999,feminine,nominative,devätnásťmiliónovdeväťstodeväťdesiatdeväťtisícdeväťstádeväťdesiatdeväť,devätnásť miliónov deväťstodeväťdesiatdeväťtisícdeväťstodeväťdesiatdeväť,"sto, dvesto… are invariable (stého/stá are ordinals)"
sk,cardinal,19999999,feminine,genitive,devätnásťmiliónovdeväťstodeväťdesiatdeväťtisícejdeväťstádeväťdesiatehodeviatej,devätnástich miliónov deväťstodeväťdesiatdeväťtisícdeväťstodeväťdesiatich deviatich,tisíc and -tisíc compounds are invariable (tisíceho etc. are ordinals)
sk,cardinal,19999999,feminine,dative,devätnásťmiliónovdeväťstodeväťdesiatdeväťtisícejdeväťstádeväťdesiatemudeviatej,devätnástim miliónom deväťstodeväťdesiatdeväťtisícdeväťstodeväťdesiatim deviatim,tisíc and -tisíc compounds are invariable (tisíceho etc. are ordinals)
sk,cardinal,19999999,feminine,accusative,devätnásťmiliónovdeväťstodeväťdesiatdeväťtisícdeväťstádeväťdesiatdeväť,devätnásť miliónov deväťstodeväťdesiatdeväťtisícdeväťstodeväťdesiatdeväť,"sto, dvesto… are invariable (stého/stá are ordinals)"
sk,cardinal,19999999,feminine,instrumental,devätnásťmiliónovdeväťstodeväťdesiatdeväťtisícoudeväťstádeväťdesiatymdeviatou,devätnástimi miliónmi deväťstodeväťdesiatdeväťtisícdeväťstodeväťdesiatimi deviatimi,tisíc and -tisíc compounds are invariable (tisíceho etc. are ordinals)
sk,cardinal,19999999,feminine,locative,devätnásťmiliónovdeväťstodeväťdesiatdeväťtisícejdeväťstádeväťdesiatomdeviatej,devätnástich miliónoch deväťstodeväťdesiatdeväťtisícdeväťstodeväťdesiatich deviatich,tisíc and -tisíc compounds are invariable (tisíceho etc. are ordinals)
sk,cardinal,19999999,neuter,nominative,devätnásťmiliónovdeväťstodeväťdesiatdeväťtisícdeväťstédeväťdesiatdeväť,devätnásť miliónov deväťstodeväťdesiatdeväťtisícdeväťstodeväťdesiatdeväť,"sto, dvesto… are invariable (stého/stá are ordinals)"
sk,cardinal,19999999,neuter,genitive,devätnásťmiliónovdeväťstodeväťdesiatdeväťtisícehodeväťstédeväťdesiatehodeviateho,devätnástich miliónov deväťstodeväťdesiatdeväťtisícdeväťstodeväťdesiatich deviatich,tisíc and -tisíc compounds are invariable (tisíceho etc. are ordinals)
sk,cardinal,19999999,neuter,dative,devätnásťmiliónovdeväťstodeväťdesiatdeväťtisícemudeväťstédeväťdesiatemudeviatemu,devätnástim miliónom deväťstodeväťdesiatdeväťtisícdeväťstodeväťdesiatim deviatim,tisíc and -tisíc compounds are invariable (tisíceho etc. are ordinals)
sk,cardinal,19999999,neuter,accusative,devätnásťmiliónovdeväťstodeväťdesiatdeväťtisícdeväťstédeväťdesiatdeväť,devätnásť miliónov deväťstodeväťdesiatdeväťtisícdeväťstodeväťdesiatdeväť,"sto, dvesto… are invariable (stého/stá are ordinals)"
sk,cardinal,19999999,neuter,instrumental,devätnásťmiliónovdeväťstodeväťdesiatdeväťtisícimdeväťstédeväťdesiatymdeviatym,devätnástimi miliónmi deväťstodeväťdesiatdeväťtisícdeväťstodeväťdesiatimi deviatimi,tisíc and -tisíc compounds are invariable (tisíceho etc. are ordinals)
sk,cardinal,19999999,neuter,locative,devätnásťmiliónovdeväťstodeväťdesiatdeväťtisícomdeväťstédeväťdesiatomdeviatom,devätnástich miliónoch deväťstodeväťdesiatdeväťtisícdeväťstodeväťdesiatich deviatich,tisíc and -tisíc compounds are invariable (tisíceho etc. are ordinals)
sk,cardinal,100000000,masculine,nominative,stomiliónov,sto miliónov,spacing only
sk,cardinal,100000000,masculine,genitive,stomiliónteho,sto miliónov,"milión/miliarda are nouns (milióna, dvoch miliónov), not ordinals"
sk,cardinal,100000000,masculine,dative,stomilióntemu,sto miliónom,"milión/miliarda are nouns (milióna, dvoch miliónov), not ordinals"
sk,cardinal,100000000,masculine,accusative,stomiliónov,sto miliónov,spacing only
sk,cardinal,100000000,masculine,instrumental,stomilióntym,sto miliónmi,"milión/miliarda are nouns (milióna, dvoch miliónov), not ordinals"
sk,cardinal,100000000,masculine,locative,stomilióntom,sto miliónoch,"milión/miliarda are nouns (milióna, dvoch miliónov), not ordinals"
sk,cardinal,100000000,feminine,nominative,stomiliónov,sto miliónov,spacing only
sk,cardinal,100000000,feminine,genitive,stomilióntej,sto miliónov,"milión/miliarda are nouns (milióna, dvoch miliónov), not ordinals"
sk,cardinal,100000000,feminine,dative,stomilióntej,sto miliónom,"milión/miliarda are nouns (milióna, dvoch miliónov), not ordinals"
sk,cardinal,100000000,feminine,accusative,stomiliónov,sto miliónov,spacing only
sk,cardinal,100000000,feminine,instrumental,stomilióntou,sto miliónmi,"milión/miliarda are nouns (milióna, dvoch miliónov), not ordinals"
sk,cardinal,100000000,feminine,locative,stomilióntej,sto miliónoch,"milión/miliarda are nouns (milióna, dvoch miliónov), not ordinals"
sk,cardinal,100000000,neuter,nominative,stomiliónov,sto miliónov,spacing only
sk,cardinal,100000000,neuter,genitive,stomiliónteho,sto miliónov,"milión/miliarda are nouns (milióna, dvoch miliónov), not ordinals"
sk,cardinal,100000000,neuter,dative,stomilióntemu,sto miliónom,"milión/miliarda are nouns (milióna, dvoch miliónov), not ordinals"
sk,cardinal,100000000,neuter,accusative,stomiliónov,sto miliónov,spacing only
sk,cardinal,100000000,neuter,instrumental,stomilióntym,sto miliónmi,"milión/miliarda are nouns (milióna, dvoch miliónov), not ordinals"
sk,cardinal,100000000,neuter,locative,stomilióntom,sto miliónoch,"milión/miliarda are nouns (milióna, dvoch miliónov), not ordinals"
sk,cardinal,150000000,masculine,nominative,stopäťdesiatmiliónov,stopäťdesiat miliónov,spacing only
sk,cardinal,150000000,masculine,genitive,stopäťdesiatmiliónteho,stopäťdesiatich miliónov,"milión/miliarda are nouns (milióna, dvoch miliónov), not ordinals"
sk,cardinal,150000000,masculine,dative,stopäťdesiatmilióntemu,stopäťdesiatim miliónom,"milión/miliarda are nouns (milióna, dvoch miliónov), not ordinals"
sk,cardinal,150000000,masculine,accusative,stopäťdesiatmiliónov,stopäťdesiat miliónov,spacing only
sk,cardinal,150000000,masculine,instrumental,stopäťdesiatmilióntym,stopäťdesiatimi miliónmi,"milión/miliarda are nouns (milióna, dvoch miliónov), not ordinals"
sk,cardinal,150000000,masculine,locative,stopäťdesiatmilióntom,stopäťdesiatich miliónoch,"milión/miliarda are nouns (milióna, dvoch miliónov), not ordinals"
sk,cardinal,150000000,feminine,nominative,stopäťdesiatmiliónov,stopäťdesiat miliónov,spacing only
sk,cardinal,150000000,feminine,genitive,stopäťdesiatmilióntej,stopäťdesiatich miliónov,"milión/miliarda are nouns (milióna, dvoch miliónov), not ordinals"
sk,cardinal,150000000,feminine,dative,stopäťdesiatmilióntej,stopäťdesiatim miliónom,"milión/miliarda are nouns (milióna, dvoch miliónov), not ordinals"
sk,cardinal,150000000,feminine,accusative,stopäťdesiatmiliónov,stopäťdesiat miliónov,spacing only
sk,cardinal,150000000,feminine,instrumental,stopäťdesiatmilióntou,stopäťdesiatimi miliónmi,"milión/miliarda are nouns (milióna, dvoch miliónov), not ordinals"
sk,cardinal,150000000,feminine,locative,stopäťdesiatmilióntej,stopäťdesiatich miliónoch,"milión/miliarda are nouns (milióna, dvoch miliónov), not ordinals"
sk,cardinal,150000000,neuter,nominative,stopäťdesiatmiliónov,stopäťdesiat miliónov,spacing only
sk,cardinal,150000000,neuter,genitive,stopäťdesiatmiliónteho,stopäťdesiatich miliónov,"milión/miliarda are nouns (milióna, dvoch miliónov), not ordinals"
sk,cardinal,150000000,neuter,dative,stopäťdesiatmilióntemu,stopäťdesiatim miliónom,"milión/miliarda are nouns (milióna, dvoch miliónov), not ordinals"
sk,cardinal,150000000,neuter,accusative,stopäťdesiatmiliónov,stopäťdesiat miliónov,spacing only
sk,cardinal,150000000,neuter,instrumental,stopäťdesiatmilióntym,stopäťdesiatimi miliónmi,"milión/miliarda are nouns (milióna, dvoch miliónov), not ordinals"
sk,cardinal,150000000,neuter,locative,stopäťdesiatmilióntom,stopäťdesiatich miliónoch,"milión/miliarda are nouns (milióna, dvoch miliónov), not ordinals"
sk,cardinal,199999999,masculine,nominative,stodeväťdesiatdeväťmiliónovdeväťstodeväťdesiatdeväťtisícdeväťstodeväťdesiatdeväť,stodeväťdesiatdeväť miliónov deväťstodeväťdesiatdeväťtisícdeväťstodeväťdesiatdeväť,spacing only
sk,cardinal,199999999,masculine,genitive,stodeväťdesiatdeväťmiliónovdeväťstodeväťdesiatdeväťtisícehodeväťstodeväťdesiatehodeviateho,stodeväťdesiatich deviatich miliónov deväťstodeväťdesiatdeväťtisícdeväťstodeväťdesiatich deviatich,tisíc and -tisíc compounds are invariable (tisíceho etc. are ordinals)
sk,cardinal,199999999,masculine,dative,stodeväťdesiatdeväťmiliónovdeväťstodeväťdesiatdeväťtisícemudeväťstodeväťdesiatemudeviatemu,stodeväťdesiatim deviatim miliónom deväťstodeväťdesiatdeväťtisícdeväťstodeväťdesiatim deviatim,tisíc and -tisíc compounds are invariable (tisíceho etc. are ordinals)
sk,cardinal,199999999,masculine,accusative,stodeväťdesiatdeväťmiliónovdeväťstodeväťdesiatdeväťtisícdeväťstodeväťdesiatdeväť,stodeväťdesiatdeväť miliónov deväťstodeväťdesiatdeväťtisícdeväťstodeväťdesiatdeväť,spacing only
sk,cardinal,199999999,masculine,instrumental,stodeväťdesiatdeväťmiliónovdeväťstodeväťdesiatdeväťtisícimdeväťstodeväťdesiatymdeviatym,stodeväťdesiatimi deviatimi miliónmi deväťstodeväťdesiatdeväťtisícdeväťstodeväťdesiatimi deviatimi,tisíc and -tisíc compounds are invariable (tisíceho etc. are ordinals)
sk,cardinal,199999999,masculine,locative,stodeväťdesiatdeväťmiliónovdeväťstodeväťdesiatdeväťtisícomdeväťstodeväťdesiatomdeviatom,stodeväťdesiatich deviatich miliónoch deväťstodeväťdesiatdeväťtisícdeväťstodeväťdesiatich deviatich,tisíc and -tisíc compounds are invariable (tisíceho etc. are ordinals)
sk,cardinal,199999999,feminine,nominative,stodeväťdesiatdeväťmiliónovdeväťstodeväťdesiatdeväťtisícdeväťstádeväťdesiatdeväť,stodeväťdesiatdeväť miliónov deväťstodeväťdesiatdeväťtisícdeväťstodeväťdesiatdeväť,"sto, dvesto… are invariable (stého/stá are ordinals)"
sk,cardinal,199999999,feminine,genitive,stodeväťdesiatdeväťmiliónovdeväťstodeväťdesiatdeväťtisícejdeväťstádeväťdesiatehodeviatej,stodeväťdesiatich deviatich miliónov deväťstodeväťdesiatdeväťtisícdeväťstodeväťdesiatich deviatich,tisíc and -tisíc compounds are invariable (tisíceho etc. are ordinals)
sk,cardinal,199999999,feminine,dative,stodeväťdesiatdeväťmiliónovdeväťstodeväťdesiatdeväťtisícejdeväťstádeväťdesiatemudeviatej,stodeväťdesiatim deviatim miliónom deväťstodeväťdesiatdeväťtisícdeväťstodeväťdesiatim deviatim,tisíc and -tisíc compounds are invariable (tisíceho etc. are ordinals)
sk,cardinal,199999999,feminine,accusative,stodeväťdesiatdeväťmiliónovdeväťstodeväťdesiatdeväťtisícdeväťstádeväťdesiatdeväť,stodeväťdesiatdeväť miliónov deväťstodeväťdesiatdeväťtisícdeväťstodeväťdesiatdeväť,"sto, dvesto… are invariable (stého/stá are ordinals)"
sk,cardinal,199999999,feminine,instrumental,stodeväťdesiatdeväťmiliónovdeväťstodeväťdesiatdeväťtisícoudeväťstádeväťdesiatymdeviatou,stodeväťdesiatimi deviatimi miliónmi deväťstodeväťdesiatdeväťtisícdeväťstodeväťdesiatimi deviatimi,tisíc and -tisíc compounds are invariable (tisíceho etc. are ordinals)
sk,cardinal,199999999,feminine,locative,stodeväťdesiatdeväťmiliónovdeväťstodeväťdesiatdeväťtisícejdeväťstádeväťdesiatomdeviatej,stodeväťdesiatich deviatich miliónoch deväťstodeväťdesiatdeväťtisícdeväťstodeväťdesiatich deviatich,tisíc and -tisíc compounds are invariable (tisíceho etc. are ordinals)
sk,cardinal,199999999,neuter,nominative,stodeväťdesiatdeväťmiliónovdeväťstodeväťdesiatdeväťtisícdeväťstédeväťdesiatdeväť,stodeväťdesiatdeväť miliónov deväťstodeväťdesiatdeväťtisícdeväťstodeväťdesiatdeväť,"sto, dvesto… are invariable (stého/stá are ordinals)"
sk,cardinal,199999999,neuter,genitive,stodeväťdesiatdeväťmiliónovdeväťstodeväťdesiatdeväťtisícehodeväťstédeväťdesiatehodeviateho,stodeväťdesiatich deviatich miliónov deväťstodeväťdesiatdeväťtisícdeväťstodeväťdesiatich deviatich,tisíc and -tisíc compounds are invariable (tisíceho etc. are ordinals)
sk,cardinal,199999999,neuter,dative,stodeväťdesiatdeväťmiliónovdeväťstodeväťdesiatdeväťtisícemudeväťstédeväťdesiatemudeviatemu,stodeväťdesiatim deviatim miliónom deväťstodeväťdesiatdeväťtisícdeväťstodeväťdesiatim deviatim,tisíc and -tisíc compounds are invariable (tisíceho etc. are ordinals)
sk,cardinal,199999999,neuter,accusative,stodeväťdesiatdeväťmiliónovdeväťstodeväťdesiatdeväťtisícdeväťstédeväťdesiatdeväť,stodeväťdesiatdeväť miliónov deväťstodeväťdesiatdeväťtisícdeväťstodeväťdesiatdeväť,"sto, dvesto… are invariable (stého/stá are ordinals)"
sk,cardinal,199999999,neuter,instrumental,stodeväťdesiatdeväťmiliónovdeväťstodeväťdesiatdeväťtisícimdeväťstédeväťdesiatymdeviatym,stodeväťdesiatimi deviatimi miliónmi deväťstodeväťdesiatdeväťtisícdeväťstodeväťdesiatimi deviatimi,tisíc and -tisíc compounds are invariable (tisíceho etc. are ordinals)
sk,cardinal,199999999,neuter,locative,stodeväťdesiatdeväťmiliónovdeväťstodeväťdesiatdeväťtisícomdeväťstédeväťdesiatomdeviatom,stodeväťdesiatich deviatich miliónoch deväťstodeväťdesiatdeväťtisícdeväťstodeväťdesiatich deviatich,tisíc and -tisíc compounds are invariable (tisíceho etc. are ordinals)
sk,cardinal,1000000000,masculine,genitive,miliardtého,miliardy,"milión/miliarda are nouns (milióna, dvoch miliónov), not ordinals"
sk,cardinal,1000000000,masculine,dative,miliardtému,miliarde,"milión/miliarda are nouns (milióna, dvoch miliónov), not ordinals"
sk,cardinal,1000000000,masculine,accusative,miliarda,miliardu,miliarda: accusative miliardu
sk,cardinal,1000000000,masculine,instrumental,miliardtým,miliardou,"milión/miliarda are nouns (milióna, dvoch miliónov), not ordinals"
sk,cardinal,1000000000,masculine,locative,miliardtom,miliarde,"milión/miliarda are nouns (milióna, dvoch miliónov), not ordinals"
sk,cardinal,1000000000,feminine,genitive,miliardtej,miliardy,"milión/miliarda are nouns (milióna, dvoch miliónov), not ordinals"
sk,cardinal,1000000000,feminine,dative,miliardtej,miliarde,"milión/miliarda are nouns (milióna, dvoch miliónov), not ordinals"
sk,cardinal,1000000000,feminine,accusative,miliarda,miliardu,miliarda: accusative miliardu
sk,cardinal,1000000000,feminine,instrumental,miliardtou,miliardou,"milión/miliarda are nouns (milióna, dvoch miliónov), not ordinals"
sk,cardinal,1000000000,feminine,locative,miliardtej,miliarde,"milión/miliarda are nouns (milióna, dvoch miliónov), not ordinals"
sk,cardinal,1000000000,neuter,genitive,miliardtého,miliardy,"milión/miliarda are nouns (milióna, dvoch miliónov), not ordinals"
sk,cardinal,1000000000,neuter,dative,miliardtému,miliarde,"milión/miliarda are nouns (milióna, dvoch miliónov), not ordinals"
sk,cardinal,1000000000,neuter,accusative,miliarda,miliardu,miliarda: accusative miliardu
sk,cardinal,1000000000,neuter,instrumental,miliardtým,miliardou,"milión/miliarda are nouns (milióna, dvoch miliónov), not ordinals"
sk,cardinal,1000000000,neuter,locative,miliardtom,miliarde,"milión/miliarda are nouns (milióna, dvoch miliónov), not ordinals"
sk,cardinal,1500000000,masculine,nominative,miliardapäťstomiliónov,miliarda päťsto miliónov,spacing only
sk,cardinal,1500000000,masculine,genitive,miliardapäťstomiliónteho,miliardy päťsto miliónov,"milión/miliarda are nouns (milióna, dvoch miliónov), not ordinals"
sk,cardinal,1500000000,masculine,dative,miliardapäťstomilióntemu,miliarde päťsto miliónom,"milión/miliarda are nouns (milióna, dvoch miliónov), not ordinals"
sk,cardinal,1500000000,masculine,accusative,miliardapäťstomiliónov,miliardu päťsto miliónov,22–99 decline both parts as cardinals: dvadsiatich dvoch (v1 used ordinal forms)
sk,cardinal,1500000000,masculine,instrumental,miliardapäťstomilióntym,miliardou päťsto miliónmi,"milión/miliarda are nouns (milióna, dvoch miliónov), not ordinals"
sk,cardinal,1500000000,masculine,locative,miliardapäťstomilióntom,miliarde päťsto miliónoch,"milión/miliarda are nouns (milióna, dvoch miliónov), not ordinals"
sk,cardinal,1500000000,feminine,nominative,miliardapäťstomiliónov,miliarda päťsto miliónov,spacing only
sk,cardinal,1500000000,feminine,genitive,miliardapäťstomilióntej,miliardy päťsto miliónov,"milión/miliarda are nouns (milióna, dvoch miliónov), not ordinals"
sk,cardinal,1500000000,feminine,dative,miliardapäťstomilióntej,miliarde päťsto miliónom,"milión/miliarda are nouns (milióna, dvoch miliónov), not ordinals"
sk,cardinal,1500000000,feminine,accusative,miliardapäťstomiliónov,miliardu päťsto miliónov,22–99 decline both parts as cardinals: dvadsiatich dvoch (v1 used ordinal forms)
sk,cardinal,1500000000,feminine,instrumental,miliardapäťstomilióntou,miliardou päťsto miliónmi,"milión/miliarda are nouns (milióna, dvoch miliónov), not ordinals"
sk,cardinal,1500000000,feminine,locative,miliardapäťstomilióntej,miliarde päťsto miliónoch,"milión/miliarda are nouns (milióna, dvoch miliónov), not ordinals"
sk,cardinal,1500000000,neuter,nominative,miliardapäťstomiliónov,miliarda päťsto miliónov,spacing only
sk,cardinal,1500000000,neuter,genitive,miliardapäťstomiliónteho,miliardy päťsto miliónov,"milión/miliarda are nouns (milióna, dvoch miliónov), not ordinals"
sk,cardinal,1500000000,neuter,dative,miliardapäťstomilióntemu,miliarde päťsto miliónom,"milión/miliarda are nouns (milióna, dvoch miliónov), not ordinals"
sk,cardinal,1500000000,neuter,accusative,miliardapäťstomiliónov,miliardu päťsto miliónov,22–99 decline both parts as cardinals: dvadsiatich dvoch (v1 used ordinal forms)
sk,cardinal,1500000000,neuter,instrumental,miliardapäťstomilióntym,miliardou päťsto miliónmi,"milión/miliarda are nouns (milióna, dvoch miliónov), not ordinals"
sk,cardinal,1500000000,neuter,locative,miliardapäťstomilióntom,miliarde päťsto miliónoch,"milión/miliarda are nouns (milióna, dvoch miliónov), not ordinals"
sk,cardinal,1999999999,masculine,nominative,miliardadeväťstodeväťdesiatdeväťmiliónovdeväťstodeväťdesiatdeväťtisícdeväťstodeväťdesiatdeväť,miliarda deväťstodeväťdesiatdeväť miliónov deväťstodeväťdesiatdeväťtisícdeväťstodeväťdesiatdeväť,spacing only
sk,cardinal,1999999999,masculine,genitive,miliardadeväťstodeväťdesiatdeväťmiliónovdeväťstodeväťdesiatdeväťtisícehodeväťstodeväťdesiatehodeviateho,miliardy deväťstodeväťdesiatich deviatich miliónov deväťstodeväťdesiatdeväťtisícdeväťstodeväťdesiatich deviatich,tisíc and -tisíc compounds are invariable (tisíceho etc. are ordinals)
sk,cardinal,1999999999,masculine,dative,miliardadeväťstodeväťdesiatdeväťmiliónovdeväťstodeväťdesiatdeväťtisícemudeväťstodeväťdesiatemudeviatemu,miliarde deväťstodeväťdesiatim deviatim miliónom deväťstodeväťdesiatdeväťtisícdeväťstodeväťdesiatim deviatim,tisíc and -tisíc compounds are invariable (tisíceho etc. are ordinals)
sk,cardinal,1999999999,masculine,accusative,miliardadeväťstodeväťdesiatdeväťmiliónovdeväťstodeväťdesiatdeväťtisícdeväťstodeväťdesiatdeväť,miliardu deväťstodeväťdesiatdeväť miliónov deväťstodeväťdesiatdeväťtisícdeväťstodeväťdesiatdeväť,miliarda: accusative miliardu
sk,cardinal,1999999999,masculine,instrumental,miliardadeväťstodeväťdesiatdeväťmiliónovdeväťstodeväťdesiatdeväťtisícimdeväťstodeväťdesiatymdeviatym,miliardou deväťstodeväťdesiatimi deviatimi miliónmi deväťstodeväťdesiatdeväťtisícdeväťstodeväťdesiatimi deviatimi,tisíc and -tisíc compounds are invariable (tisíceho etc. are ordinals)
sk,cardinal,1999999999,masculine,locative,miliardadeväťstodeväťdesiatdeväťmiliónovdeväťstodeväťdesiatdeväťtisícomdeväťstodeväťdesiatomdeviatom,miliarde deväťstodeväťdesiatich deviatich miliónoch deväťstodeväťdesiatdeväťtisícdeväťstodeväťdesiatich deviatich,tisíc and -tisíc compounds are invariable (tisíceho etc. are ordinals)
sk,cardinal,1999999999,feminine,nominative,miliardadeväťstodeväťdesiatdeväťmiliónovdeväťstodeväťdesiatdeväťtisícdeväťstádeväťdesiatdeväť,miliarda deväťstodeväťdesiatdeväť miliónov deväťstodeväťdesiatdeväťtisícdeväťstodeväťdesiatdeväť,"sto, dvesto… are invariable (stého/stá are ordinals)"
sk,cardinal,1999999999,feminine,genitive,miliardadeväťstodeväťdesiatdeväťmiliónovdeväťstodeväťdesiatdeväťtisícejdeväťstádeväťdesiatehodeviatej,miliardy deväťstodeväťdesiatich deviatich miliónov deväťstodeväťdesiatdeväťtisícdeväťstodeväťdesiatich deviatich,tisíc and -tisíc compounds are invariable (tisíceho etc. are ordinals)
sk,cardinal,1999999999,feminine,dative,miliardadeväťstodeväťdesiatdeväťmiliónovdeväťstodeväťdesiatdeväťtisícejdeväťstádeväťdesiatemudeviatej,miliarde deväťstodeväťdesiatim deviatim miliónom deväťstodeväťdesiatdeväťtisícdeväťstodeväťdesiatim deviatim,tisíc and -tisíc compounds are invariable (tisíceho etc. are ordinals)
sk,cardinal,1999999999,feminine,accusative,miliardadeväťstodeväťdesiatdeväťmiliónovdeväťstodeväťdesiatdeväťtisícdeväťstádeväťdesiatdeväť,miliardu deväťstodeväťdesiatdeväť miliónov deväťstodeväťdesiatdeväťtisícdeväťstodeväťdesiatdeväť,"sto, dvesto… are invariable (stého/stá are ordinals)"
sk,cardinal,1999999999,feminine,instrumental,miliardadeväťstodeväťdesiatdeväťmiliónovdeväťstodeväťdesiatdeväťtisícoudeväťstádeväťdesiatymdeviatou,miliardou deväťstodeväťdesiatimi deviatimi miliónmi deväťstodeväťdesiatdeväťtisícdeväťstodeväťdesiatimi deviatimi,tisíc and -tisíc compounds are invariable (tisíceho etc. are ordinals)
sk,cardinal,1999999999,feminine,locative,miliardadeväťstodeväťdesiatdeväťmiliónovdeväťstodeväťdesiatdeväťtisícejdeväťstádeväťdesiatomdeviatej,miliarde deväťstodeväťdesiatich deviatich miliónoch deväťstodeväťdesiatdeväťtisícdeväťstodeväťdesiatich deviatich,tisíc and -tisíc compounds are invariable (tisíceho etc. are ordinals)
sk,cardinal,1999999999,neuter,nominative,miliardadeväťstodeväťdesiatdeväťmiliónovdeväťstodeväťdesiatdeväťtisícdeväťstédeväťdesiatdeväť,miliarda deväťstodeväťdesiatdeväť miliónov deväťstodeväťdesiatdeväťtisícdeväťstodeväťdesiatdeväť,"sto, dvesto… are invariable (stého/stá are ordinals)"
sk,cardinal,1999999999,neuter,genitive,miliardadeväťstodeväťdesiatdeväťmiliónovdeväťstodeväťdesiatdeväťtisícehodeväťstédeväťdesiatehodeviateho,miliardy deväťstodeväťdesiatich deviatich miliónov deväťstodeväťdesiatdeväťtisícdeväťstodeväťdesiatich deviatich,tisíc and -tisíc compounds are invariable (tisíceho etc. are ordinals)
sk,cardinal,1999999999,neuter,dative,miliardadeväťstodeväťdesiatdeväťmiliónovdeväťstodeväťdesiatdeväťtisícemudeväťstédeväťdesiatemudeviatemu,miliarde deväťstodeväťdesiatim deviatim miliónom deväťstodeväťdesiatdeväťtisícdeväťstodeväťdesiatim deviatim,tisíc and -tisíc compounds are invariable (tisíceho etc. are ordinals)
sk,cardinal,1999999999,neuter,accusative,miliardadeväťstodeväťdesiatdeväťmiliónovdeväťstodeväťdesiatdeväťtisícdeväťstédeväťdesiatdeväť,miliardu deväťstodeväťdesiatdeväť miliónov deväťstodeväťdesiatdeväťtisícdeväťstodeväťdesiatdeväť,"sto, dvesto… are invariable (stého/stá are ordinals)"
sk,cardinal,1999999999,neuter,instrumental,miliardadeväťstodeväťdesiatdeväťmiliónovdeväťstodeväťdesiatdeväťtisícimdeväťstédeväťdesiatymdeviatym,miliardou deväťstodeväťdesiatimi deviatimi miliónmi deväťstodeväťdesiatdeväťtisícdeväťstodeväťdesiatimi deviatimi,tisíc and -tisíc compounds are invariable (tisíceho etc. are ordinals)
sk,cardinal,1999999999,neuter,locative,miliardadeväťstodeväťdesiatdeväťmiliónovdeväťstodeväťdesiatdeväťtisícomdeväťstédeväťdesiatomdeviatom,miliarde deväťstodeväťdesiatich deviatich miliónoch deväťstodeväťdesiatdeväťtisícdeväťstodeväťdesiatich deviatich,tisíc and -tisíc compounds are invariable (tisíceho etc. are ordinals)
sk,cardinal,2000000000,masculine,nominative,dvemiliardy,dve miliardy,spacing only
sk,cardinal,2000000000,masculine,genitive,dvemiliardtého,dvoch miliárd,"milión/miliarda are nouns (milióna, dvoch miliónov), not ordinals"
sk,cardinal,2000000000,masculine,dative,dvemiliardtému,dvom miliardám,"milión/miliarda are nouns (milióna, dvoch miliónov), not ordinals"
sk,cardinal,2000000000,masculine,accusative,dvemiliardy,dve miliardy,spacing only
sk,cardinal,2000000000,masculine,instrumental,dvemiliardtým,dvomi miliardami,"milión/miliarda are nouns (milióna, dvoch miliónov), not ordinals"
sk,cardinal,2000000000,masculine,locative,dvemiliardtom,dvoch miliardách,"milión/miliarda are nouns (milióna, dvoch miliónov), not ordinals"
sk,cardinal,2000000000,feminine,nominative,dvemiliardy,dve miliardy,spacing only
sk,cardinal,2000000000,feminine,genitive,dvemiliardtej,dvoch miliárd,"milión/miliarda are nouns (milióna, dvoch miliónov), not ordinals"
sk,cardinal,2000000000,feminine,dative,dvemiliardtej,dvom miliardám,"milión/miliarda are nouns (milióna, dvoch miliónov), not ordinals"
sk,cardinal,2000000000,feminine,accusative,dvemiliardy,dve miliardy,spacing only
sk,cardinal,2000000000,feminine,instrumental,dvemiliardtou,dvomi miliardami,"milión/miliarda are nouns (milióna, dvoch miliónov), not ordinals"
sk,cardinal,2000000000,feminine,locative,dvemiliardtej,dvoch miliardách,"milión/miliarda are nouns (milióna, dvoch miliónov), not ordinals"
sk,cardinal,2000000000,neuter,nominative,dvemiliardy,dve miliardy,spacing only
sk,cardinal,2000000000,neuter,genitive,dvemiliardtého,dvoch miliárd,"milión/miliarda are nouns (milióna, dvoch miliónov), not ordinals"
sk,cardinal,2000000000,neuter,dative,dvemiliardtému,dvom miliardám,"milión/miliarda are nouns (milióna, dvoch miliónov), not ordinals"
sk,cardinal,2000000000,neuter,accusative,dvemiliardy,dve miliardy,spacing only
sk,cardinal,2000000000,neuter,instrumental,dvemiliardtým,dvomi miliardami,"milión/miliarda are nouns (milióna, dvoch miliónov), not ordinals"
sk,cardinal,2000000000,neuter,locative,dvemiliardtom,dvoch miliardách,"milión/miliarda are nouns (milióna, dvoch miliónov), not ordinals"
sk,cardinal,2500000000,masculine,nominative,dvemiliardypäťstomiliónov,dve miliardy päťsto miliónov,spacing only
sk,cardinal,2500000000,masculine,genitive,dvemiliardypäťstomiliónteho,dvoch miliárd päťsto miliónov,"milión/miliarda are nouns (milióna, dvoch miliónov), not ordinals"
sk,cardinal,2500000000,masculine,dative,dvemiliardypäťstomilióntemu,dvom miliardám päťsto miliónom,"milión/miliarda are nouns (milióna, dvoch miliónov), not ordinals"
sk,cardinal,2500000000,masculine,accusative,dvemiliardypäťstomiliónov,dve miliardy päťsto miliónov,spacing only
sk,cardinal,2500000000,masculine,instrumental,dvemiliardypäťstomilióntym,dvomi miliardami päťsto miliónmi,"milión/miliarda are nouns (milióna, dvoch miliónov), not ordinals"
sk,cardinal,2500000000,masculine,locative,dvemiliardypäťstomilióntom,dvoch miliardách päťsto miliónoch,"milión/miliarda are nouns (milióna, dvoch miliónov), not ordinals"
sk,cardinal,2500000000,feminine,nominative,dvemiliardypäťstomiliónov,dve miliardy päťsto miliónov,spacing only
sk,cardinal,2500000000,feminine,genitive,dvemiliardypäťstomilióntej,dvoch miliárd päťsto miliónov,"milión/miliarda are nouns (milióna, dvoch miliónov), not ordinals"
sk,cardinal,2500000000,feminine,dative,dvemiliardypäťstomilióntej,dvom miliardám päťsto miliónom,"milión/miliarda are nouns (milióna, dvoch miliónov), not ordinals"
sk,cardinal,2500000000,feminine,accusative,dvemiliardypäťstomiliónov,dve miliardy päťsto miliónov,spacing only
sk,cardinal,2500000000,feminine,instrumental,dvemiliardypäťstomilióntou,dvomi miliardami päťsto miliónmi,"milión/miliarda are nouns (milióna, dvoch miliónov), not ordinals"
sk,cardinal,2500000000,feminine,locative,dvemiliardypäťstomilióntej,dvoch miliardách päťsto miliónoch,"milión/miliarda are nouns (milióna, dvoch miliónov), not ordinals"
sk,cardinal,2500000000,neuter,nominative,dvemiliardypäťstomiliónov,dve miliardy päťsto miliónov,spacing only
sk,cardinal,2500000000,neuter,genitive,dvemiliardypäťstomiliónteho,dvoch miliárd päťsto miliónov,"milión/miliarda are nouns (milióna, dvoch miliónov), not ordinals"
sk,cardinal,2500000000,neuter,dative,dvemiliardypäťstomilióntemu,dvom miliardám päťsto miliónom,"milión/miliarda are nouns (milióna, dvoch miliónov), not ordinals"
sk,cardinal,2500000000,neuter,accusative,dvemiliardypäťstomiliónov,dve miliardy päťsto miliónov,spacing only
sk,cardinal,2500000000,neuter,instrumental,dvemiliardypäťstomilióntym,dvomi miliardami päťsto miliónmi,"milión/miliarda are nouns (milióna, dvoch miliónov), not ordinals"
sk,cardinal,2500000000,neuter,locative,dvemiliardypäťstomilióntom,dvoch miliardách päťsto miliónoch,"milión/miliarda are nouns (milióna, dvoch miliónov), not ordinals"
sk,cardinal,2999999999,masculine,nominative,dvemiliardydeväťstodeväťdesiatdeväťmiliónovdeväťstodeväťdesiatdeväťtisícdeväťstodeväťdesiatdeväť,dve miliardy deväťstodeväťdesiatdeväť miliónov deväťstodeväťdesiatdeväťtisícdeväťstodeväťdesiatdeväť,spacing only
sk,cardinal,2999999999,masculine,genitive,dvemiliardydeväťstodeväťdesiatdeväťmiliónovdeväťstodeväťdesiatdeväťtisícehodeväťstodeväťdesiatehodeviateho,dvoch miliárd deväťstodeväťdesiatich deviatich miliónov deväťstodeväťdesiatdeväťtisícdeväťstodeväťdesiatich deviatich,tisíc and -tisíc compounds are invariable (tisíceho etc. are ordinals)
sk,cardinal,2999999999,masculine,dative,dvemiliardydeväťstodeväťdesiatdeväťmiliónovdeväťstodeväťdesiatdeväťtisícemudeväťstodeväťdesiatemudeviatemu,dvom miliardám deväťstodeväťdesiatim deviatim miliónom deväťstodeväťdesiatdeväťtisícdeväťstodeväťdesiatim deviatim,tisíc and -tisíc compounds are invariable (tisíceho etc. are ordinals)
sk,cardinal,2999999999,masculine,accusative,dvemiliardydeväťstodeväťdesiatdeväťmiliónovdeväťstodeväťdesiatdeväťtisícdeväťstodeväťdesiatdeväť,dve miliardy deväťstodeväťdesiatdeväť miliónov deväťstodeväťdesiatdeväťtisícdeväťstodeväťdesiatdeväť,spacing only
sk,cardinal,2999999999,masculine,instrumental,dvemiliardydeväťstodeväťdesiatdeväťmiliónovdeväťstodeväťdesiatdeväťtisícimdeväťstodeväťdesiatymdeviatym,dvomi miliardami deväťstodeväťdesiatimi deviatimi miliónmi deväťstodeväťdesiatdeväťtisícdeväťstodeväťdesiatimi deviatimi,tisíc and -tisíc compounds are invariable (tisíceho etc. are ordinals)
sk,cardinal,2999999999,masculine,locative,dvemiliardydeväťstodeväťdesiatdeväťmiliónovdeväťstodeväťdesiatdeväťtisícomdeväťstodeväťdesiatomdeviatom,dvoch miliardách deväťstodeväťdesiatich deviatich miliónoch deväťstodeväťdesiatdeväťtisícdeväťstodeväťdesiatich deviatich,tisíc and -tisíc compounds are invariable (tisíceho etc. are ordinals)
sk,cardinal,2999999999,feminine,nominative,dvemiliardydeväťstodeväťdesiatdeväťmiliónovdeväťstodeväťdesiatdeväťtisícdeväťstádeväťdesiatdeväť,dve miliardy deväťstodeväťdesiatdeväť miliónov deväťstodeväťdesiatdeväťtisícdeväťstodeväťdesiatdeväť,"sto, dvesto… are invariable (stého/stá are ordinals)"
sk,cardinal,2999999999,feminine,genitive,dvemiliardydeväťstodeväťdesiatdeväťmiliónovdeväťstodeväťdesiatdeväťtisícejdeväťstádeväťdesiatehodeviatej,dvoch miliárd deväťstodeväťdesiatich deviatich miliónov deväťstodeväťdesiatdeväťtisícdeväťstodeväťdesiatich deviatich,tisíc and -tisíc compounds are invariable (tisíceho etc. are ordinals)
sk,cardinal,2999999999,feminine,dative,dvemiliardydeväťstodeväťdesiatdeväťmiliónovdeväťstodeväťdesiatdeväťtisícejdeväťstádeväťdesiatemudeviatej,dvom miliardám deväťstodeväťdesiatim deviatim miliónom deväťstodeväťdesiatdeväťtisícdeväťstodeväťdesiatim deviatim,tisíc and -tisíc compounds are invariable (tisíceho etc. are ordinals)
sk,cardinal,2999999999,feminine,accusative,dvemiliardydeväťstodeväťdesiatdeväťmiliónovdeväťstodeväťdesiatdeväťtisícdeväťstádeväťdesiatdeväť,dve miliardy deväťstodeväťdesiatdeväť miliónov deväťstodeväťdesiatdeväťtisícdeväťstodeväťdesiatdeväť,"sto, dvesto… are invariable (stého/stá are ordinals)"
sk,cardinal,2999999999,feminine,instrumental,dvemiliardydeväťstodeväťdesiatdeväťmiliónovdeväťstodeväťdesiatdeväťtisícoudeväťstádeväťdesiatymdeviatou,dvomi miliardami deväťstodeväťdesiatimi deviatimi miliónmi deväťstodeväťdesiatdeväťtisícdeväťstodeväťdesiatimi deviatimi,tisíc and -tisíc compounds are invariable (tisíceho etc. are ordinals)
sk,cardinal,2999999999,feminine,locative,dvemiliardydeväťstodeväťdesiatdeväťmiliónovdeväťstodeväťdesiatdeväťtisícejdeväťstádeväťdesiatomdeviatej,dvoch miliardách deväťstodeväťdesiatich deviatich miliónoch deväťstodeväťdesiatdeväťtisícdeväťstodeväťdesiatich deviatich,tisíc and -tisíc compounds are invariable (tisíceho etc. are ordinals)
sk,cardinal,2999999999,neuter,nominative,dvemiliardydeväťstodeväťdesiatdeväťmiliónovdeväťstodeväťdesiatdeväťtisícdeväťstédeväťdesiatdeväť,dve miliardy deväťstodeväťdesiatdeväť miliónov deväťstodeväťdesiatdeväťtisícdeväťstodeväťdesiatdeväť,"sto, dvesto… are invariable (stého/stá are ordinals)"
sk,cardinal,2999999999,neuter,genitive,dvemiliardydeväťstodeväťdesiatdeväťmiliónovdeväťstodeväťdesiatdeväťtisícehodeväťstédeväťdesiatehodeviateho,dvoch miliárd deväťstodeväťdesiatich deviatich miliónov deväťstodeväťdesiatdeväťtisícdeväťstodeväťdesiatich deviatich,tisíc and -tisíc compounds are invariable (tisíceho etc. are ordinals)
sk,cardinal,2999999999,neuter,dative,dvemiliardydeväťstodeväťdesiatdeväťmiliónovdeväťstodeväťdesiatdeväťtisícemudeväťstédeväťdesiatemudeviatemu,dvom miliardám deväťstodeväťdesiatim deviatim miliónom deväťstodeväťdesiatdeväťtisícdeväťstodeväťdesiatim deviatim,tisíc and -tisíc compounds are invariable (tisíceho etc. are ordinals)
sk,cardinal,2999999999,neuter,accusative,dvemiliardydeväťstodeväťdesiatdeväťmiliónovdeväťstodeväťdesiatdeväťtisícdeväťstédeväťdesiatdeväť,dve miliardy deväťstodeväťdesiatdeväť miliónov deväťstodeväťdesiatdeväťtisícdeväťstodeväťdesiatdeväť,"sto, dvesto… are invariable (stého/stá are ordinals)"
sk,cardinal,2999999999,neuter,instrumental,dvemiliardydeväťstodeväťdesiatdeväťmiliónovdeväťstodeväťdesiatdeväťtisícimdeväťstédeväťdesiatymdeviatym,dvomi miliardami deväťstodeväťdesiatimi deviatimi miliónmi deväťstodeväťdesiatdeväťtisícdeväťstodeväťdesiatimi deviatimi,tisíc and -tisíc compounds are invariable (tisíceho etc. are ordinals)
sk,cardinal,2999999999,neuter,locative,dvemiliardydeväťstodeväťdesiatdeväťmiliónovdeväťstodeväťdesiatdeväťtisícomdeväťstédeväťdesiatomdeviatom,dvoch miliardách deväťstodeväťdesiatich deviatich miliónoch deväťstodeväťdesiatdeväťtisícdeväťstodeväťdesiatich deviatich,tisíc and -tisíc compounds are invariable (tisíceho etc. are ordinals)
sk,cardinal,10000000000,masculine,nominative,desaťmiliárd,desať miliárd,spacing only
sk,cardinal,10000000000,masculine,genitive,desaťmiliardtého,desiatich miliárd,"milión/miliarda are nouns (milióna, dvoch miliónov), not ordinals"
sk,cardinal,10000000000,masculine,dative,desaťmiliardtému,desiatim miliardám,"milión/miliarda are nouns (milióna, dvoch miliónov), not ordinals"
sk,cardinal,10000000000,masculine,accusative,desaťmiliárd,desať miliárd,spacing only
sk,cardinal,10000000000,masculine,instrumental,desaťmiliardtým,desiatimi miliardami,"milión/miliarda are nouns (milióna, dvoch miliónov), not ordinals"
sk,cardinal,10000000000,masculine,locative,desaťmiliardtom,desiatich miliardách,"milión/miliarda are nouns (milióna, dvoch miliónov), not ordinals"
sk,cardinal,10000000000,feminine,nominative,desaťmiliárd,desať miliárd,spacing only
sk,cardinal,10000000000,feminine,genitive,desaťmiliardtej,desiatich miliárd,"milión/miliarda are nouns (milióna, dvoch miliónov), not ordinals"
sk,cardinal,10000000000,feminine,dative,desaťmiliardtej,desiatim miliardám,"milión/miliarda are nouns (milióna, dvoch miliónov), not ordinals"
sk,cardinal,10000000000,feminine,accusative,desaťmiliárd,desať miliárd,spacing only
sk,cardinal,10000000000,feminine,instrumental,desaťmiliardtou,desiatimi miliardami,"milión/miliarda are nouns (milióna, dvoch miliónov), not ordinals"
sk,cardinal,10000000000,feminine,locative,desaťmiliardtej,desiatich miliardách,"milión/miliarda are nouns (milióna, dvoch miliónov), not ordinals"
sk,cardinal,10000000000,neuter,nominative,desaťmiliárd,desať miliárd,spacing only
sk,cardinal,10000000000,neuter,genitive,desaťmiliardtého,desiatich miliárd,"milión/miliarda are nouns (milióna, dvoch miliónov), not ordinals"
sk,cardinal,10000000000,neuter,dative,desaťmiliardtému,desiatim miliardám,"milión/miliarda are nouns (milióna, dvoch miliónov), not ordinals"
sk,cardinal,10000000000,neuter,accusative,desaťmiliárd,desať miliárd,spacing only
sk,cardinal,10000000000,neuter,instrumental,desaťmiliardtým,desiatimi miliardami,"milión/miliarda are nouns (milióna, dvoch miliónov), not ordinals"
sk,cardinal,10000000000,neuter,locative,desaťmiliardtom,desiatich miliardách,"milión/miliarda are nouns (milióna, dvoch miliónov), not ordinals"
sk,cardinal,50000000000,masculine,nominative,päťdesiatmiliárd,päťdesiat miliárd,spacing only
sk,cardinal,50000000000,masculine,genitive,päťdesiatmiliardtého,päťdesiatich miliárd,"milión/miliarda are nouns (milióna, dvoch miliónov), not ordinals"
sk,cardinal,50000000000,masculine,dative,päťdesiatmiliardtému,päťdesiatim miliardám,"milión/miliarda are nouns (milióna, dvoch miliónov), not ordinals"
sk,cardinal,50000000000,masculine,accusative,päťdesiatmiliárd,päťdesiat miliárd,spacing only
sk,cardinal,50000000000,masculine,instrumental,päťdesiatmiliardtým,päťdesiatimi miliardami,"milión/miliarda are nouns (milióna, dvoch miliónov), not ordinals"
sk,cardinal,50000000000,masculine,locative,päťdesiatmiliardtom,päťdesiatich miliardách,"milión/miliarda are nouns (milióna, dvoch miliónov), not ordinals"
sk,cardinal,50000000000,feminine,nominative,päťdesiatmiliárd,päťdesiat miliárd,spacing only
sk,cardinal,50000000000,feminine,genitive,päťdesiatmiliardtej,päťdesiatich miliárd,"milión/miliarda are nouns (milióna, dvoch miliónov), not ordinals"
sk,cardinal,50000000000,feminine,dative,päťdesiatmiliardtej,päťdesiatim miliardám,"milión/miliarda are nouns (milióna, dvoch miliónov), not ordinals"
sk,cardinal,50000000000,feminine,accusative,päťdesiatmiliárd,päťdesiat miliárd,spacing only
sk,cardinal,50000000000,feminine,instrumental,päťdesiatmiliardtou,päťdesiatimi miliardami,"milión/miliarda are nouns (milióna, dvoch miliónov), not ordinals"
sk,cardinal,50000000000,feminine,locative,päťdesiatmiliardtej,päťdesiatich miliardách,"milión/miliarda are nouns (milióna, dvoch miliónov), not ordinals"
sk,cardinal,50000000000,neuter,nominative,päťdesiatmiliárd,päťdesiat miliárd,spacing only
sk,cardinal,50000000000,neuter,genitive,päťdesiatmiliardtého,päťdesiatich miliárd,"milión/miliarda are nouns (milióna, dvoch miliónov), not ordinals"
sk,cardinal,50000000000,neuter,dative,päťdesiatmiliardtému,päťdesiatim miliardám,"milión/miliarda are nouns (milióna, dvoch miliónov), not ordinals"
sk,cardinal,50000000000,neuter,accusative,päťdesiatmiliárd,päťdesiat miliárd,spacing only
sk,cardinal,50000000000,neuter,instrumental,päťdesiatmiliardtým,päťdesiatimi miliardami,"milión/miliarda are nouns (milióna, dvoch miliónov), not ordinals"
sk,cardinal,50000000000,neuter,locative,päťdesiatmiliardtom,päťdesiatich miliardách,"milión/miliarda are nouns (milióna, dvoch miliónov), not ordinals"
sk,cardinal,99999999999,masculine,nominative,deväťdesiatdeväťmiliárddeväťstodeväťdesiatdeväťmiliónovdeväťstodeväťdesiatdeväťtisícdeväťstodeväťdesiatdeväť,deväťdesiatdeväť miliárd deväťstodeväťdesiatdeväť miliónov deväťstodeväťdesiatdeväťtisícdeväťstodeväťdesiatdeväť,spacing only
sk,cardinal,99999999999,masculine,genitive,deväťdesiatdeväťmiliárddeväťstodeväťdesiatdeväťmiliónovdeväťstodeväťdesiatdeväťtisícehodeväťstodeväťdesiatehodeviateho,deväťdesiatich deviatich miliárd deväťstodeväťdesiatich deviatich miliónov deväťstodeväťdesiatdeväťtisícdeväťstodeväťdesiatich deviatich,tisíc and -tisíc compounds are invariable (tisíceho etc. are ordinals)
sk,cardinal,99999999999,masculine,dative,deväťdesiatdeväťmiliárddeväťstodeväťdesiatdeväťmiliónovdeväťstodeväťdesiatdeväťtisícemudeväťstodeväťdesiatemudeviatemu,deväťdesiatim deviatim miliardám deväťstodeväťdesiatim deviatim miliónom deväťstodeväťdesiatdeväťtisícdeväťstodeväťdesiatim deviatim,tisíc and -tisíc compounds are invariable (tisíceho etc. are ordinals)
sk,cardinal,99999999999,masculine,accusative,deväťdesiatdeväťmiliárddeväťstodeväťdesiatdeväťmiliónovdeväťstodeväťdesiatdeväťtisícdeväťstodeväťdesiatdeväť,deväťdesiatdeväť miliárd deväťstodeväťdesiatdeväť miliónov deväťstodeväťdesiatdeväťtisícdeväťstodeväťdesiatdeväť,spacing only
sk,cardinal,99999999999,masculine,instrumental,deväťdesiatdeväťmiliárddeväťstodeväťdesiatdeväťmiliónovdeväťstodeväťdesiatdeväťtisícimdeväťstodeväťdesiatymdeviatym,deväťdesiatimi deviatimi miliardami deväťstodeväťdesiatimi deviatimi miliónmi deväťstodeväťdesiatdeväťtisícdeväťstodeväťdesiatimi deviatimi,tisíc and -tisíc compounds are invariable (tisíceho etc. are ordinals)
sk,cardinal,99999999999,masculine,locative,deväťdesiatdeväťmiliárddeväťstodeväťdesiatdeväťmiliónovdeväťstodeväťdesiatdeväťtisícomdeväťstodeväťdesiatomdeviatom,deväťdesiatich deviatich miliardách deväťstodeväťdesiatich deviatich miliónoch deväťstodeväťdesiatdeväťtisícdeväťstodeväťdesiatich deviatich,tisíc and -tisíc compounds are invariable (tisíceho etc. are ordinals)
sk,cardinal,99999999999,feminine,nominative,deväťdesiatdeväťmiliárddeväťstodeväťdesiatdeväťmiliónovdeväťstodeväťdesiatdeväťtisícdeväťstádeväťdesiatdeväť,deväťdesiatdeväť miliárd deväťstodeväťdesiatdeväť miliónov deväťstodeväťdesiatdeväťtisícdeväťstodeväťdesiatdeväť,"sto, dvesto… are invariable (stého/stá are ordinals)"
sk,cardinal,99999999999,feminine,genitive,deväťdesiatdeväťmiliárddeväťstodeväťdesiatdeväťmiliónovdeväťstodeväťdesiatdeväťtisícejdeväťstádeväťdesiatehodeviatej,deväťdesiatich deviatich miliárd deväťstodeväťdesiatich deviatich miliónov deväťstodeväťdesiatdeväťtisícdeväťstodeväťdesiatich deviatich,tisíc and -tisíc compounds are invariable (tisíceho etc. are ordinals)
sk,cardinal,99999999999,feminine,dative,deväťdesiatdeväťmiliárddeväťstodeväťdesiatdeväťmiliónovdeväťstodeväťdesiatdeväťtisícejdeväťstádeväťdesiatemudeviatej,deväťdesiatim deviatim miliardám deväťstodeväťdesiatim deviatim miliónom deväťstodeväťdesiatdeväťtisícdeväťstodeväťdesiatim deviatim,tisíc and -tisíc compounds are invariable (tisíceho etc. are ordinals)
sk,cardinal,99999999999,feminine,accusative,deväťdesiatdeväťmiliárddeväťstodeväťdesiatdeväťmiliónovdeväťstodeväťdesiatdeväťtisícdeväťstádeväťdesiatdeväť,deväťdesiatdeväť miliárd deväťstodeväťdesiatdeväť miliónov deväťstodeväťdesiatdeväťtisícdeväťstodeväťdesiatdeväť,"sto, dvesto… are invariable (stého/stá are ordinals)"
sk,cardinal,99999999999,feminine,instrumental,deväťdesiatdeväťmiliárddeväťstodeväťdesiatdeväťmiliónovdeväťstodeväťdesiatdeväťtisícoudeväťstádeväťdesiatymdeviatou,deväťdesiatimi deviatimi miliardami deväťstodeväťdesiatimi deviatimi miliónmi deväťstodeväťdesiatdeväťtisícdeväťstodeväťdesiatimi deviatimi,tisíc and -tisíc compounds are invariable (tisíceho etc. are ordinals)
sk,cardinal,99999999999,feminine,locative,deväťdesiatdeväťmiliárddeväťstodeväťdesiatdeväťmiliónovdeväťstodeväťdesiatdeväťtisícejdeväťstádeväťdesiatomdeviatej,deväťdesiatich deviatich miliardách deväťstodeväťdesiatich deviatich miliónoch deväťstodeväťdesiatdeväťtisícdeväťstodeväťdesiatich deviatich,tisíc and -tisíc compounds are invariable (tisíceho etc. are ordinals)
sk,cardinal,99999999999,neuter,nominative,deväťdesiatdeväťmiliárddeväťstodeväťdesiatdeväťmiliónovdeväťstodeväťdesiatdeväťtisícdeväťstédeväťdesiatdeväť,deväťdesiatdeväť miliárd deväťstodeväťdesiatdeväť miliónov deväťstodeväťdesiatdeväťtisícdeväťstodeväťdesiatdeväť,"sto, dvesto… are invariable (stého/stá are ordinals)"
sk,cardinal,99999999999,neuter,genitive,deväťdesiatdeväťmiliárddeväťstodeväťdesiatdeväťmiliónovdeväťstodeväťdesiatdeväťtisícehodeväťstédeväťdesiatehodeviateho,deväťdesiatich deviatich miliárd deväťstodeväťdesiatich deviatich miliónov deväťstodeväťdesiatdeväťtisícdeväťstodeväťdesiatich deviatich,tisíc and -tisíc compounds are invariable (tisíceho etc. are ordinals)
sk,cardinal,99999999999,neuter,dative,deväťdesiatdeväťmiliárddeväťstodeväťdesiatdeväťmiliónovdeväťstodeväťdesiatdeväťtisícemudeväťstédeväťdesiatemudeviatemu,deväťdesiatim deviatim miliardám deväťstodeväťdesiatim deviatim miliónom deväťstodeväťdesiatdeväťtisícdeväťstodeväťdesiatim deviatim,tisíc and -tisíc compounds are invariable (tisíceho etc. are ordinals)
sk,cardinal,99999999999,neuter,accusative,deväťdesiatdeväťmiliárddeväťstodeväťdesiatdeväťmiliónovdeväťstodeväťdesiatdeväťtisícdeväťstédeväťdesiatdeväť,deväťdesiatdeväť miliárd deväťstodeväťdesiatdeväť miliónov deväťstodeväťdesiatdeväťtisícdeväťstodeväťdesiatdeväť,"sto, dvesto… are invariable (stého/stá are ordinals)"
sk,cardinal,99999999999,neuter,instrumental,deväťdesiatdeväťmiliárddeväťstodeväťdesiatdeväťmiliónovdeväťstodeväťdesiatdeväťtisícimdeväťstédeväťdesiatymdeviatym,deväťdesiatimi deviatimi miliardami deväťstodeväťdesiatimi deviatimi miliónmi deväťstodeväťdesiatdeväťtisícdeväťstodeväťdesiatimi deviatimi,tisíc and -tisíc compounds are invariable (tisíceho etc. are ordinals)
sk,cardinal,99999999999,neuter,locative,deväťdesiatdeväťmiliárddeväťstodeväťdesiatdeväťmiliónovdeväťstodeväťdesiatdeväťtisícomdeväťstédeväťdesiatomdeviatom,deväťdesiatich deviatich miliardách deväťstodeväťdesiatich deviatich miliónoch deväťstodeväťdesiatdeväťtisícdeväťstodeväťdesiatich deviatich,tisíc and -tisíc compounds are invariable (tisíceho etc. are ordinals)
sk,cardinal,100000000000,masculine,nominative,stomiliárd,sto miliárd,spacing only
sk,cardinal,100000000000,masculine,genitive,stomiliardtého,sto miliárd,"milión/miliarda are nouns (milióna, dvoch miliónov), not ordinals"
sk,cardinal,100000000000,masculine,dative,stomiliardtému,sto miliardám,"milión/miliarda are nouns (milióna, dvoch miliónov), not ordinals"
sk,cardinal,100000000000,masculine,accusative,stomiliárd,sto miliárd,spacing only
sk,cardinal,100000000000,masculine,instrumental,stomiliardtým,sto miliardami,"milión/miliarda are nouns (milióna, dvoch miliónov), not ordinals"
sk,cardinal,100000000000,masculine,locative,stomiliardtom,sto miliardách,"milión/miliarda are nouns (milióna, dvoch miliónov), not ordinals"
sk,cardinal,100000000000,feminine,nominative,stomiliárd,sto miliárd,spacing only
sk,cardinal,100000000000,feminine,genitive,stomiliardtej,sto miliárd,"milión/miliarda are nouns (milióna, dvoch miliónov), not ordinals"
sk,cardinal,100000000000,feminine,dative,stomiliardtej,sto miliardám,"milión/miliarda are nouns (milióna, dvoch miliónov), not ordinals"
sk,cardinal,100000000000,feminine,accusative,stomiliárd,sto miliárd,spacing only
sk,cardinal,100000000000,feminine,instrumental,stomiliardtou,sto miliardami,"milión/miliarda are nouns (milióna, dvoch miliónov), not ordinals"
sk,cardinal,100000000000,feminine,locative,stomiliardtej,sto miliardách,"milión/miliarda are nouns (milióna, dvoch miliónov), not ordinals"
sk,cardinal,100000000000,neuter,nominative,stomiliárd,sto miliárd,spacing only
sk,cardinal,100000000000,neuter,genitive,stomiliardtého,sto miliárd,"milión/miliarda are nouns (milióna, dvoch miliónov), not ordinals"
sk,cardinal,100000000000,neuter,dative,stomiliardtému,sto miliardám,"milión/miliarda are nouns (milióna, dvoch miliónov), not ordinals"
sk,cardinal,100000000000,neuter,accusative,stomiliárd,sto miliárd,spacing only
sk,cardinal,100000000000,neuter,instrumental,stomiliardtým,sto miliardami,"milión/miliarda are nouns (milióna, dvoch miliónov), not ordinals"
sk,cardinal,100000000000,neuter,locative,stomiliardtom,sto miliardách,"milión/miliarda are nouns (milióna, dvoch miliónov), not ordinals"
sk,cardinal,500000000000,masculine,nominative,päťstomiliárd,päťsto miliárd,spacing only
sk,cardinal,500000000000,masculine,genitive,päťstomiliardtého,päťsto miliárd,"milión/miliarda are nouns (milióna, dvoch miliónov), not ordinals"
sk,cardinal,500000000000,masculine,dative,päťstomiliardtému,päťsto miliardám,"milión/miliarda are nouns (milióna, dvoch miliónov), not ordinals"
sk,cardinal,500000000000,masculine,accusative,päťstomiliárd,päťsto miliárd,spacing only
sk,cardinal,500000000000,masculine,instrumental,päťstomiliardtým,päťsto miliardami,"milión/miliarda are nouns (milióna, dvoch miliónov), not ordinals"
sk,cardinal,500000000000,masculine,locative,päťstomiliardtom,päťsto miliardách,"milión/miliarda are nouns (milióna, dvoch miliónov), not ordinals"
sk,cardinal,500000000000,feminine,nominative,päťstomiliárd,päťsto miliárd,spacing only
sk,cardinal,500000000000,feminine,genitive,päťstomiliardtej,päťsto miliárd,"milión/miliarda are nouns (milióna, dvoch miliónov), not ordinals"
sk,cardinal,500000000000,feminine,dative,päťstomiliardtej,päťsto miliardám,"milión/miliarda are nouns (milióna, dvoch miliónov), not ordinals"
sk,cardinal,500000000000,feminine,accusative,päťstomiliárd,päťsto miliárd,spacing only
sk,cardinal,500000000000,feminine,instrumental,päťstomiliardtou,päťsto miliardami,"milión/miliarda are nouns (milióna, dvoch miliónov), not ordinals"
sk,cardinal,500000000000,feminine,locative,päťstomiliardtej,päťsto miliardách,"milión/miliarda are nouns (milióna, dvoch miliónov), not ordinals"
sk,cardinal,500000000000,neuter,nominative,päťstomiliárd,päťsto miliárd,spacing only
sk,cardinal,500000000000,neuter,genitive,päťstomiliardtého,päťsto miliárd,"milión/miliarda are nouns (milióna, dvoch miliónov), not ordinals"
sk,cardinal,500000000000,neuter,dative,päťstomiliardtému,päťsto miliardám,"milión/miliarda are nouns (milióna, dvoch miliónov), not ordinals"
sk,cardinal,500000000000,neuter,accusative,päťstomiliárd,päťsto miliárd,spacing only
sk,cardinal,500000000000,neuter,instrumental,päťstomiliardtým,päťsto miliardami,"milión/miliarda are nouns (milióna, dvoch miliónov), not ordinals"
sk,cardinal,500000000000,neuter,locative,päťstomiliardtom,päťsto miliardách,"milión/miliarda are nouns (milióna, dvoch miliónov), not ordinals"
sk,cardinal,999999999999,masculine,nominative,deväťstodeväťdesiatdeväťmiliárddeväťstodeväťdesiatdeväťmiliónovdeväťstodeväťdesiatdeväťtisícdeväťstodeväťdesiatdeväť,deväťstodeväťdesiatdeväť miliárd deväťstodeväťdesiatdeväť miliónov deväťstodeväťdesiatdeväťtisícdeväťstodeväťdesiatdeväť,spacing only
sk,cardinal,999999999999,masculine,genitive,deväťstodeväťdesiatdeväťmiliárddeväťstodeväťdesiatdeväťmiliónovdeväťstodeväťdesiatdeväťtisícehodeväťstodeväťdesiatehodeviateho,deväťstodeväťdesiatich deviatich miliárd deväťstodeväťdesiatich deviatich miliónov deväťstodeväťdesiatdeväťtisícdeväťstodeväťdesiatich deviatich,tisíc and -tisíc compounds are invariable (tisíceho etc. are ordinals)
sk,cardinal,999999999999,masculine,dative,deväťstodeväťdesiatdeväťmiliárddeväťstodeväťdesiatdeväťmiliónovdeväťstodeväťdesiatdeväťtisícemudeväťstodeväťdesiatemudeviatemu,deväťstodeväťdesiatim deviatim miliardám deväťstodeväťdesiatim deviatim miliónom deväťstodeväťdesiatdeväťtisícdeväťstodeväťdesiatim deviatim,tisíc and -tisíc compounds are invariable (tisíceho etc. are ordinals)
sk,cardinal,999999999999,masculine,accusative,deväťstodeväťdesiatdeväťmiliárddeväťstodeväťdesiatdeväťmiliónovdeväťstodeväťdesiatdeväťtisícdeväťstodeväťdesiatdeväť,deväťstodeväťdesiatdeväť miliárd deväťstodeväťdesiatdeväť miliónov deväťstodeväťdesiatdeväťtisícdeväťstodeväťdesiatdeväť,spacing only
sk,cardinal,999999999999,masculine,instrumental,deväťstodeväťdesiatdeväťmiliárddeväťstodeväťdesiatdeväťmiliónovdeväťstodeväťdesiatdeväťtisícimdeväťstodeväťdesiatymdeviatym,deväťstodeväťdesiatimi deviatimi miliardami deväťstodeväťdesiatimi deviatimi miliónmi deväťstodeväťdesiatdeväťtisícdeväťstodeväťdesiatimi deviatimi,tisíc and -tisíc compounds are invariable (tisíceho etc. are ordinals)
sk,cardinal,999999999999,masculine,locative,deväťstodeväťdesiatdeväťmiliárddeväťstodeväťdesiatdeväťmiliónovdeväťstodeväťdesiatdeväťtisícomdeväťstodeväťdesiatomdeviatom,deväťstodeväťdesiatich deviatich miliardách deväťstodeväťdesiatich deviatich miliónoch deväťstodeväťdesiatdeväťtisícdeväťstodeväťdesiatich deviatich,tisíc and -tisíc compounds are invariable (tisíceho etc. are ordinals)
sk,cardinal,999999999999,feminine,nominative,deväťstodeväťdesiatdeväťmiliárddeväťstodeväťdesiatdeväťmiliónovdeväťstodeväťdesiatdeväťtisícdeväťstádeväťdesiatdeväť,deväťstodeväťdesiatdeväť miliárd deväťstodeväťdesiatdeväť miliónov deväťstodeväťdesiatdeväťtisícdeväťstodeväťdesiatdeväť,"sto, dvesto… are invariable (stého/stá are ordinals)"
sk,cardinal,999999999999,feminine,genitive,deväťstodeväťdesiatdeväťmiliárddeväťstodeväťdesiatdeväťmiliónovdeväťstodeväťdesiatdeväťtisícejdeväťstádeväťdesiatehodeviatej,deväťstodeväťdesiatich deviatich miliárd deväťstodeväťdesiatich deviatich miliónov deväťstodeväťdesiatdeväťtisícdeväťstodeväťdesiatich deviatich,tisíc and -tisíc compounds are invariable (tisíceho etc. are ordinals)
sk,cardinal,999999999999,feminine,dative,deväťstodeväťdesiatdeväťmiliárddeväťstodeväťdesiatdeväťmiliónovdeväťstodeväťdesiatdeväťtisícejdeväťstádeväťdesiatemudeviatej,deväťstodeväťdesiatim deviatim miliardám deväťstodeväťdesiatim deviatim miliónom deväťstodeväťdesiatdeväťtisícdeväťstodeväťdesiatim deviatim,tisíc and -tisíc compounds are invariable (tisíceho etc. are ordinals)
sk,cardinal,999999999999,feminine,accusative,deväťstodeväťdesiatdeväťmiliárddeväťstodeväťdesiatdeväťmiliónovdeväťstodeväťdesiatdeväťtisícdeväťstádeväťdesiatdeväť,deväťstodeväťdesiatdeväť miliárd deväťstodeväťdesiatdeväť miliónov deväťstodeväťdesiatdeväťtisícdeväťstodeväťdesiatdeväť,"sto, dvesto… are invariable (stého/stá are ordinals)"
sk,cardinal,999999999999,feminine,instrumental,deväťstodeväťdesiatdeväťmiliárddeväťstodeväťdesiatdeväťmiliónovdeväťstodeväťdesiatdeväťtisícoudeväťstádeväťdesiatymdeviatou,deväťstodeväťdesiatimi deviatimi miliardami deväťstodeväťdesiatimi deviatimi miliónmi deväťstodeväťdesiatdeväťtisícdeväťstodeväťdesiatimi deviatimi,tisíc and -tisíc compounds are invariable (tisíceho etc. are ordinals)
sk,cardinal,999999999999,feminine,locative,deväťstodeväťdesiatdeväťmiliárddeväťstodeväťdesiatdeväťmiliónovdeväťstodeväťdesiatdeväťtisícejdeväťstádeväťdesiatomdeviatej,deväťstodeväťdesiatich deviatich miliardách deväťstodeväťdesiatich deviatich miliónoch deväťstodeväťdesiatdeväťtisícdeväťstodeväťdesiatich deviatich,tisíc and -tisíc compounds are invariable (tisíceho etc. are ordinals)
sk,cardinal,999999999999,neuter,nominative,deväťstodeväťdesiatdeväťmiliárddeväťstodeväťdesiatdeväťmiliónovdeväťstodeväťdesiatdeväťtisícdeväťstédeväťdesiatdeväť,deväťstodeväťdesiatdeväť miliárd deväťstodeväťdesiatdeväť miliónov deväťstodeväťdesiatdeväťtisícdeväťstodeväťdesiatdeväť,"sto, dvesto… are invariable (stého/stá are ordinals)"
sk,cardinal,999999999999,neuter,genitive,deväťstodeväťdesiatdeväťmiliárddeväťstodeväťdesiatdeväťmiliónovdeväťstodeväťdesiatdeväťtisícehodeväťstédeväťdesiatehodeviateho,deväťstodeväťdesiatich deviatich miliárd deväťstodeväťdesiatich deviatich miliónov deväťstodeväťdesiatdeväťtisícdeväťstodeväťdesiatich deviatich,tisíc and -tisíc compounds are invariable (tisíceho etc. are ordinals)
sk,cardinal,999999999999,neuter,dative,deväťstodeväťdesiatdeväťmiliárddeväťstodeväťdesiatdeväťmiliónovdeväťstodeväťdesiatdeväťtisícemudeväťstédeväťdesiatemudeviatemu,deväťstodeväťdesiatim deviatim miliardám deväťstodeväťdesiatim deviatim miliónom deväťstodeväťdesiatdeväťtisícdeväťstodeväťdesiatim deviatim,tisíc and -tisíc compounds are invariable (tisíceho etc. are ordinals)
sk,cardinal,999999999999,neuter,accusative,deväťstodeväťdesiatdeväťmiliárddeväťstodeväťdesiatdeväťmiliónovdeväťstodeväťdesiatdeväťtisícdeväťstédeväťdesiatdeväť,deväťstodeväťdesiatdeväť miliárd deväťstodeväťdesiatdeväť miliónov deväťstodeväťdesiatdeväťtisícdeväťstodeväťdesiatdeväť,"sto, dvesto… are invariable (stého/stá are ordinals)"
sk,cardinal,999999999999,neuter,instrumental,deväťstodeväťdesiatdeväťmiliárddeväťstodeväťdesiatdeväťmiliónovdeväťstodeväťdesiatdeväťtisícimdeväťstédeväťdesiatymdeviatym,deväťstodeväťdesiatimi deviatimi miliardami deväťstodeväťdesiatimi deviatimi miliónmi deväťstodeväťdesiatdeväťtisícdeväťstodeväťdesiatimi deviatimi,tisíc and -tisíc compounds are invariable (tisíceho etc. are ordinals)
sk,cardinal,999999999999,neuter,locative,deväťstodeväťdesiatdeväťmiliárddeväťstodeväťdesiatdeväťmiliónovdeväťstodeväťdesiatdeväťtisícomdeväťstédeväťdesiatomdeviatom,deväťstodeväťdesiatich deviatich miliardách deväťstodeväťdesiatich deviatich miliónoch deväťstodeväťdesiatdeväťtisícdeväťstodeväťdesiatich deviatich,tisíc and -tisíc compounds are invariable (tisíceho etc. are ordinals)
sk,cardinal,1000000000000,masculine,genitive,biliónteho,bilióna,"milión/miliarda are nouns (milióna, dvoch miliónov), not ordinals"
sk,cardinal,1000000000000,masculine,dative,bilióntemu,biliónu,"milión/miliarda are nouns (milióna, dvoch miliónov), not ordinals"
sk,cardinal,1000000000000,masculine,instrumental,bilióntym,biliónom,"milión/miliarda are nouns (milióna, dvoch miliónov), not ordinals"
sk,cardinal,1000000000000,masculine,locative,bilióntom,bilióne,"milión/miliarda are nouns (milióna, dvoch miliónov), not ordinals"
sk,cardinal,1000000000000,feminine,genitive,bilióntej,bilióna,"milión/miliarda are nouns (milióna, dvoch miliónov), not ordinals"
sk,cardinal,1000000000000,feminine,dative,bilióntej,biliónu,"milión/miliarda are nouns (milióna, dvoch miliónov), not ordinals"
sk,cardinal,1000000000000,feminine,instrumental,bilióntou,biliónom,"milión/miliarda are nouns (milióna, dvoch miliónov), not ordinals"
sk,cardinal,1000000000000,feminine,locative,bilióntej,bilióne,"milión/miliarda are nouns (milióna, dvoch miliónov), not ordinals"
sk,cardinal,1000000000000,neuter,genitive,biliónteho,bilióna,"milión/miliarda are nouns (milióna, dvoch miliónov), not ordinals"
sk,cardinal,1000000000000,neuter,dative,bilióntemu,biliónu,"milión/miliarda are nouns (milióna, dvoch miliónov), not ordinals"
sk,cardinal,1000000000000,neuter,instrumental,bilióntym,biliónom,"milión/miliarda are nouns (milióna, dvoch miliónov), not ordinals"
sk,cardinal,1000000000000,neuter,locative,bilióntom,bilióne,"milión/miliarda are nouns (milióna, dvoch miliónov), not ordinals"
sk,cardinal,5000000000000,masculine,nominative,päťbiliónov,päť biliónov,spacing only
sk,cardinal,5000000000000,masculine,genitive,päťbiliónteho,piatich biliónov,"milión/miliarda are nouns (milióna, dvoch miliónov), not ordinals"
sk,cardinal,5000000000000,masculine,dative,päťbilióntemu,piatim biliónom,"milión/miliarda are nouns (milióna, dvoch miliónov), not ordinals"
sk,cardinal,5000000000000,masculine,accusative,päťbiliónov,päť biliónov,spacing only
sk,cardinal,5000000000000,masculine,instrumental,päťbilióntym,piatimi biliónmi,"milión/miliarda are nouns (milióna, dvoch miliónov), not ordinals"
sk,cardinal,5000000000000,masculine,locative,päťbilióntom,piatich biliónoch,"milión/miliarda are nouns (milióna, dvoch miliónov), not ordinals"
sk,cardinal,5000000000000,feminine,nominative,päťbiliónov,päť biliónov,spacing only
sk,cardinal,5000000000000,feminine,genitive,päťbilióntej,piatich biliónov,"milión/miliarda are nouns (milióna, dvoch miliónov), not ordinals"
sk,cardinal,5000000000000,feminine,dative,päťbilióntej,piatim biliónom,"milión/miliarda are nouns (milióna, dvoch miliónov), not ordinals"
sk,cardinal,5000000000000,feminine,accusative,päťbiliónov,päť biliónov,spacing only
sk,cardinal,5000000000000,feminine,instrumental,päťbilióntou,piatimi biliónmi,"milión/miliarda are nouns (milióna, dvoch miliónov), not ordinals"
sk,cardinal,5000000000000,feminine,locative,päťbilióntej,piatich biliónoch,"milión/miliarda are nouns (milióna, dvoch miliónov), not ordinals"
sk,cardinal,5000000000000,neuter,nominative,päťbiliónov,päť biliónov,spacing only
sk,cardinal,5000000000000,neuter,genitive,päťbiliónteho,piatich biliónov,"milión/miliarda are nouns (milióna, dvoch miliónov), not ordinals"
sk,cardinal,5000000000000,neuter,dative,päťbilióntemu,piatim biliónom,"milión/miliarda are nouns (milióna, dvoch miliónov), not ordinals"
sk,cardinal,5000000000000,neuter,accusative,päťbiliónov,päť biliónov,spacing only
sk,cardinal,5000000000000,neuter,instrumental,päťbilióntym,piatimi biliónmi,"milión/miliarda are nouns (milióna, dvoch miliónov), not ordinals"
sk,cardinal,5000000000000,neuter,locative,päťbilióntom,piatich biliónoch,"milión/miliarda are nouns (milióna, dvoch miliónov), not ordinals"
sk,cardinal,9999999999999,masculine,nominative,deväťbiliónovdeväťstodeväťdesiatdeväťmiliárddeväťstodeväťdesiatdeväťmiliónovdeväťstodeväťdesiatdeväťtisícdeväťstodeväťdesiatdeväť,deväť biliónov deväťstodeväťdesiatdeväť miliárd deväťstodeväťdesiatdeväť miliónov deväťstodeväťdesiatdeväťtisícdeväťstodeväťdesiatdeväť,spacing only
sk,cardinal,9999999999999,masculine,genitive,deväťbiliónovdeväťstodeväťdesiatdeväťmiliárddeväťstodeväťdesiatdeväťmiliónovdeväťstodeväťdesiatdeväťtisícehodeväťstodeväťdesiatehodeviateho,deviatich biliónov deväťstodeväťdesiatich deviatich miliárd deväťstodeväťdesiatich deviatich miliónov deväťstodeväťdesiatdeväťtisícdeväťstodeväťdesiatich deviatich,tisíc and -tisíc compounds are invariable (tisíceho etc. are ordinals)
sk,cardinal,9999999999999,masculine,dative,deväťbiliónovdeväťstodeväťdesiatdeväťmiliárddeväťstodeväťdesiatdeväťmiliónovdeväťstodeväťdesiatdeväťtisícemudeväťstodeväťdesiatemudeviatemu,deviatim biliónom deväťstodeväťdesiatim deviatim miliardám deväťstodeväťdesiatim deviatim miliónom deväťstodeväťdesiatdeväťtisícdeväťstodeväťdesiatim deviatim,tisíc and -tisíc compounds are invariable (tisíceho etc. are ordinals)
sk,cardinal,9999999999999,masculine,accusative,deväťbiliónovdeväťstodeväťdesiatdeväťmiliárddeväťstodeväťdesiatdeväťmiliónovdeväťstodeväťdesiatdeväťtisícdeväťstodeväťdesiatdeväť,deväť biliónov deväťstodeväťdesiatdeväť miliárd deväťstodeväťdesiatdeväť miliónov deväťstodeväťdesiatdeväťtisícdeväťstodeväťdesiatdeväť,spacing only
sk,cardinal,9999999999999,masculine,instrumental,deväťbiliónovdeväťstodeväťdesiatdeväťmiliárddeväťstodeväťdesiatdeväťmiliónovdeväťstodeväťdesiatdeväťtisícimdeväťstodeväťdesiatymdeviatym,deviatimi biliónmi deväťstodeväťdesiatimi deviatimi miliardami deväťstodeväťdesiatimi deviatimi miliónmi deväťstodeväťdesiatdeväťtisícdeväťstodeväťdesiatimi deviatimi,tisíc and -tisíc compounds are invariable (tisíceho etc. are ordinals)
sk,cardinal,9999999999999,masculine,locative,deväťbiliónovdeväťstodeväťdesiatdeväťmiliárddeväťstodeväťdesiatdeväťmiliónovdeväťstodeväťdesiatdeväťtisícomdeväťstodeväťdesiatomdeviatom,deviatich biliónoch deväťstodeväťdesiatich deviatich miliardách deväťstodeväťdesiatich deviatich miliónoch deväťstodeväťdesiatdeväťtisícdeväťstodeväťdesiatich deviatich,tisíc and -tisíc compounds are invariable (tisíceho etc. are ordinals)
sk,cardinal,9999999999999,feminine,nominative,deväťbiliónovdeväťstodeväťdesiatdeväťmiliárddeväťstodeväťdesiatdeväťmiliónovdeväťstodeväťdesiatdeväťtisícdeväťstádeväťdesiatdeväť,deväť biliónov deväťstodeväťdesiatdeväť miliárd deväťstodeväťdesiatdeväť miliónov deväťstodeväťdesiatdeväťtisícdeväťstodeväťdesiatdeväť,"sto, dvesto… are invariable (stého/stá are ordinals)"
sk,cardinal,9999999999999,feminine,genitive,deväťbiliónovdeväťstodeväťdesiatdeväťmiliárddeväťstodeväťdesiatdeväťmiliónovdeväťstodeväťdesiatdeväťtisícejdeväťstádeväťdesiatehodeviatej,deviatich biliónov deväťstodeväťdesiatich deviatich miliárd deväťstodeväťdesiatich deviatich miliónov deväťstodeväťdesiatdeväťtisícdeväťstodeväťdesiatich deviatich,tisíc and -tisíc compounds are invariable (tisíceho etc. are ordinals)
sk,cardinal,9999999999999,feminine,dative,deväťbiliónovdeväťstodeväťdesiatdeväťmiliárddeväťstodeväťdesiatdeväťmiliónovdeväťstodeväťdesiatdeväťtisícejdeväťstádeväťdesiatemudeviatej,deviatim biliónom deväťstodeväťdesiatim deviatim miliardám deväťstodeväťdesiatim deviatim miliónom deväťstodeväťdesiatdeväťtisícdeväťstodeväťdesiatim deviatim,tisíc and -tisíc compounds are invariable (tisíceho etc. are ordinals)
sk,cardinal,9999999999999,feminine,accusative,deväťbiliónovdeväťstodeväťdesiatdeväťmiliárddeväťstodeväťdesiatdeväťmiliónovdeväťstodeväťdesiatdeväťtisícdeväťstádeväťdesiatdeväť,deväť biliónov deväťstodeväťdesiatdeväť miliárd deväťstodeväťdesiatdeväť miliónov deväťstodeväťdesiatdeväťtisícdeväťstodeväťdesiatdeväť,"sto, dvesto… are invariable (stého/stá are ordinals)"
sk,cardinal,9999999999999,feminine,instrumental,deväťbiliónovdeväťstodeväťdesiatdeväťmiliárddeväťstodeväťdesiatdeväťmiliónovdeväťstodeväťdesiatdeväťtisícoudeväťstádeväťdesiatymdeviatou,deviatimi biliónmi deväťstodeväťdesiatimi deviatimi miliardami deväťstodeväťdesiatimi deviatimi miliónmi deväťstodeväťdesiatdeväťtisícdeväťstodeväťdesiatimi deviatimi,tisíc and -tisíc compounds are invariable (tisíceho etc. are ordinals)
sk,cardinal,9999999999999,feminine,locative,deväťbiliónovdeväťstodeväťdesiatdeväťmiliárddeväťstodeväťdesiatdeväťmiliónovdeväťstodeväťdesiatdeväťtisícejdeväťstádeväťdesiatomdeviatej,deviatich biliónoch deväťstodeväťdesiatich deviatich miliardách deväťstodeväťdesiatich deviatich miliónoch deväťstodeväťdesiatdeväťtisícdeväťstodeväťdesiatich deviatich,tisíc and -tisíc compounds are invariable (tisíceho etc. are ordinals)
sk,cardinal,9999999999999,neuter,nominative,deväťbiliónovdeväťstodeväťdesiatdeväťmiliárddeväťstodeväťdesiatdeväťmiliónovdeväťstodeväťdesiatdeväťtisícdeväťstédeväťdesiatdeväť,deväť biliónov deväťstodeväťdesiatdeväť miliárd deväťstodeväťdesiatdeväť miliónov deväťstodeväťdesiatdeväťtisícdeväťstodeväťdesiatdeväť,"sto, dvesto… are invariable (stého/stá are ordinals)"
sk,cardinal,9999999999999,neuter,genitive,deväťbiliónovdeväťstodeväťdesiatdeväťmiliárddeväťstodeväťdesiatdeväťmiliónovdeväťstodeväťdesiatdeväťtisícehodeväťstédeväťdesiatehodeviateho,deviatich biliónov deväťstodeväťdesiatich deviatich miliárd deväťstodeväťdesiatich deviatich miliónov deväťstodeväťdesiatdeväťtisícdeväťstodeväťdesiatich deviatich,tisíc and -tisíc compounds are invariable (tisíceho etc. are ordinals)
sk,cardinal,9999999999999,neuter,dative,deväťbiliónovdeväťstodeväťdesiatdeväťmiliárddeväťstodeväťdesiatdeväťmiliónovdeväťstodeväťdesiatdeväťtisícemudeväťstédeväťdesiatemudeviatemu,deviatim biliónom deväťstodeväťdesiatim deviatim miliardám deväťstodeväťdesiatim deviatim miliónom deväťstodeväťdesiatdeväťtisícdeväťstodeväťdesiatim deviatim,tisíc and -tisíc compounds are invariable (tisíceho etc. are ordinals)
sk,cardinal,9999999999999,neuter,accusative,deväťbiliónovdeväťstodeväťdesiatdeväťmiliárddeväťstodeväťdesiatdeväťmiliónovdeväťstodeväťdesiatdeväťtisícdeväťstédeväťdesiatdeväť,deväť biliónov deväťstodeväťdesiatdeväť miliárd deväťstodeväťdesiatdeväť miliónov deväťstodeväťdesiatdeväťtisícdeväťstodeväťdesiatdeväť,"sto, dvesto… are invariable (stého/stá are ordinals)"
sk,cardinal,9999999999999,neuter,instrumental,deväťbiliónovdeväťstodeväťdesiatdeväťmiliárddeväťstodeväťdesiatdeväťmiliónovdeväťstodeväťdesiatdeväťtisícimdeväťstédeväťdesiatymdeviatym,deviatimi biliónmi deväťstodeväťdesiatimi deviatimi miliardami deväťstodeväťdesiatimi deviatimi miliónmi deväťstodeväťdesiatdeväťtisícdeväťstodeväťdesiatimi deviatimi,tisíc and -tisíc compounds are invariable (tisíceho etc. are ordinals)
sk,cardinal,9999999999999,neuter,locative,deväťbiliónovdeväťstodeväťdesiatdeväťmiliárddeväťstodeväťdesiatdeväťmiliónovdeväťstodeväťdesiatdeväťtisícomdeväťstédeväťdesiatomdeviatom,deviatich biliónoch deväťstodeväťdesiatich deviatich miliardách deväťstodeväťdesiatich deviatich miliónoch deväťstodeväťdesiatdeväťtisícdeväťstodeväťdesiatich deviatich,tisíc and -tisíc compounds are invariable (tisíceho etc. are ordinals)
sk,cardinal,10000000000000,masculine,nominative,desaťbiliónov,desať biliónov,spacing only
sk,cardinal,10000000000000,masculine,genitive,desaťbiliónteho,desiatich biliónov,"milión/miliarda are nouns (milióna, dvoch miliónov), not ordinals"
sk,cardinal,10000000000000,masculine,dative,desaťbilióntemu,desiatim biliónom,"milión/miliarda are nouns (milióna, dvoch miliónov), not ordinals"
sk,cardinal,10000000000000,masculine,accusative,desaťbiliónov,desať biliónov,spacing only
sk,cardinal,10000000000000,masculine,instrumental,desaťbilióntym,desiatimi biliónmi,"milión/miliarda are nouns (milióna, dvoch miliónov), not ordinals"
sk,cardinal,10000000000000,masculine,locative,desaťbilióntom,desiatich biliónoch,"milión/miliarda are nouns (milióna, dvoch miliónov), not ordinals"
sk,cardinal,10000000000000,feminine,nominative,desaťbiliónov,desať biliónov,spacing only
sk,cardinal,10000000000000,feminine,genitive,desaťbilióntej,desiatich biliónov,"milión/miliarda are nouns (milióna, dvoch miliónov), not ordinals"
sk,cardinal,10000000000000,feminine,dative,desaťbilióntej,desiatim biliónom,"milión/miliarda are nouns (milióna, dvoch miliónov), not ordinals"
sk,cardinal,10000000000000,feminine,accusative,desaťbiliónov,desať biliónov,spacing only
sk,cardinal,10000000000000,feminine,instrumental,desaťbilióntou,desiatimi biliónmi,"milión/miliarda are nouns (milióna, dvoch miliónov), not ordinals"
sk,cardinal,10000000000000,feminine,locative,desaťbilióntej,desiatich biliónoch,"milión/miliarda are nouns (milióna, dvoch miliónov), not ordinals"
sk,cardinal,10000000000000,neuter,nominative,desaťbiliónov,desať biliónov,spacing only
sk,cardinal,10000000000000,neuter,genitive,desaťbiliónteho,desiatich biliónov,"milión/miliarda are nouns (milióna, dvoch miliónov), not ordinals"
sk,cardinal,10000000000000,neuter,dative,desaťbilióntemu,desiatim biliónom,"milión/miliarda are nouns (milióna, dvoch miliónov), not ordinals"
sk,cardinal,10000000000000,neuter,accusative,desaťbiliónov,desať biliónov,spacing only
sk,cardinal,10000000000000,neuter,instrumental,desaťbilióntym,desiatimi biliónmi,"milión/miliarda are nouns (milióna, dvoch miliónov), not ordinals"
sk,cardinal,10000000000000,neuter,locative,desaťbilióntom,desiatich biliónoch,"milión/miliarda are nouns (milióna, dvoch miliónov), not ordinals"
sk,cardinal,50000000000000,masculine,nominative,päťdesiatbiliónov,päťdesiat biliónov,spacing only
sk,cardinal,50000000000000,masculine,genitive,päťdesiatbiliónteho,päťdesiatich biliónov,"milión/miliarda are nouns (milióna, dvoch miliónov), not ordinals"
sk,cardinal,50000000000000,masculine,dative,päťdesiatbilióntemu,päťdesiatim biliónom,"milión/miliarda are nouns (milióna, dvoch miliónov), not ordinals"
sk,cardinal,50000000000000,masculine,accusative,päťdesiatbiliónov,päťdesiat biliónov,spacing only
sk,cardinal,50000000000000,masculine,instrumental,päťdesiatbilióntym,päťdesiatimi biliónmi,"milión/miliarda are nouns (milióna, dvoch miliónov), not ordinals"
sk,cardinal,50000000000000,masculine,locative,päťdesiatbilióntom,päťdesiatich biliónoch,"milión/miliarda are nouns (milióna, dvoch miliónov), not ordinals"
sk,cardinal,50000000000000,feminine,nominative,päťdesiatbiliónov,päťdesiat biliónov,spacing only
sk,cardinal,50000000000000,feminine,genitive,päťdesiatbilióntej,päťdesiatich biliónov,"milión/miliarda are nouns (milióna, dvoch miliónov), not ordinals"
sk,cardinal,50000000000000,feminine,dative,päťdesiatbilióntej,päťdesiatim biliónom,"milión/miliarda are nouns (milióna, dvoch miliónov), not ordinals"
sk,cardinal,50000000000000,feminine,accusative,päťdesiatbiliónov,päťdesiat biliónov,spacing only
sk,cardinal,50000000000000,feminine,instrumental,päťdesiatbilióntou,päťdesiatimi biliónmi,"milión/miliarda are nouns (milióna, dvoch miliónov), not ordinals"
sk,cardinal,50000000000000,feminine,locative,päťdesiatbilióntej,päťdesiatich biliónoch,"milión/miliarda are nouns (milióna, dvoch miliónov), not ordinals"
sk,cardinal,50000000000000,neuter,nominative,päťdesiatbiliónov,päťdesiat biliónov,spacing only
sk,cardinal,50000000000000,neuter,genitive,päťdesiatbiliónteho,päťdesiatich biliónov,"milión/miliarda are nouns (milióna, dvoch miliónov), not ordinals"
sk,cardinal,50000000000000,neuter,dative,päťdesiatbilióntemu,päťdesiatim biliónom,"milión/miliarda are nouns (milióna, dvoch miliónov), not ordinals"
sk,cardinal,50000000000000,neuter,accusative,päťdesiatbiliónov,päťdesiat biliónov,spacing only
sk,cardinal,50000000000000,neuter,instrumental,päťdesiatbilióntym,päťdesiatimi biliónmi,"milión/miliarda are nouns (milióna, dvoch miliónov), not ordinals"
sk,cardinal,50000000000000,neuter,locative,päťdesiatbilióntom,päťdesiatich biliónoch,"milión/miliarda are nouns (milióna, dvoch miliónov), not ordinals"
sk,cardinal,99999999999999,masculine,nominative,deväťdesiatdeväťbiliónovdeväťstodeväťdesiatdeväťmiliárddeväťstodeväťdesiatdeväťmiliónovdeväťstodeväťdesiatdeväťtisícdeväťstodeväťdesiatdeväť,deväťdesiatdeväť biliónov deväťstodeväťdesiatdeväť miliárd deväťstodeväťdesiatdeväť miliónov deväťstodeväťdesiatdeväťtisícdeväťstodeväťdesiatdeväť,spacing only
sk,cardinal,99999999999999,masculine,genitive,deväťdesiatdeväťbiliónovdeväťstodeväťdesiatdeväťmiliárddeväťstodeväťdesiatdeväťmiliónovdeväťstodeväťdesiatdeväťtisícehodeväťstodeväťdesiatehodeviateho,deväťdesiatich deviatich biliónov deväťstodeväťdesiatich deviatich miliárd deväťstodeväťdesiatich deviatich miliónov deväťstodeväťdesiatdeväťtisícdeväťstodeväťdesiatich deviatich,tisíc and -tisíc compounds are invariable (tisíceho etc. are ordinals)
sk,cardinal,99999999999999,masculine,dative,deväťdesiatdeväťbiliónovdeväťstodeväťdesiatdeväťmiliárddeväťstodeväťdesiatdeväťmiliónovdeväťstodeväťdesiatdeväťtisícemudeväťstodeväťdesiatemudeviatemu,deväťdesiatim deviatim biliónom deväťstodeväťdesiatim deviatim miliardám deväťstodeväťdesiatim deviatim miliónom deväťstodeväťdesiatdeväťtisícdeväťstodeväťdesiatim deviatim,tisíc and -tisíc compounds are invariable (tisíceho etc. are ordinals)
sk,cardinal,99999999999999,masculine,accusative,deväťdesiatdeväťbiliónovdeväťstodeväťdesiatdeväťmiliárddeväťstodeväťdesiatdeväťmiliónovdeväťstodeväťdesiatdeväťtisícdeväťstodeväťdesiatdeväť,deväťdesiatdeväť biliónov deväťstodeväťdesiatdeväť miliárd deväťstodeväťdesiatdeväť miliónov deväťstodeväťdesiatdeväťtisícdeväťstodeväťdesiatdeväť,spacing only
sk,cardinal,99999999999999,masculine,instrumental,deväťdesiatdeväťbiliónovdeväťstodeväťdesiatdeväťmiliárddeväťstodeväťdesiatdeväťmiliónovdeväťstodeväťdesiatdeväťtisícimdeväťstodeväťdesiatymdeviatym,deväťdesiatimi deviatimi biliónmi deväťstodeväťdesiatimi deviatimi miliardami deväťstodeväťdesiatimi deviatimi miliónmi deväťstodeväťdesiatdeväťtisícdeväťstodeväťdesiatimi deviatimi,tisíc and -tisíc compounds are invariable (tisíceho etc. are ordinals)
sk,cardinal,99999999999999,masculine,locative,deväťdesiatdeväťbiliónovdeväťstodeväťdesiatdeväťmiliárddeväťstodeväťdesiatdeväťmiliónovdeväťstodeväťdesiatdeväťtisícomdeväťstodeväťdesiatomdeviatom,deväťdesiatich deviatich biliónoch deväťstodeväťdesiatich deviatich miliardách deväťstodeväťdesiatich deviatich miliónoch deväťstodeväťdesiatdeväťtisícdeväťstodeväťdesiatich deviatich,tisíc and -tisíc compounds are invariable (tisíceho etc. are ordinals)
sk,cardinal,99999999999999,feminine,nominative,deväťdesiatdeväťbiliónovdeväťstodeväťdesiatdeväťmiliárddeväťstodeväťdesiatdeväťmiliónovdeväťstodeväťdesiatdeväťtisícdeväťstádeväťdesiatdeväť,deväťdesiatdeväť biliónov deväťstodeväťdesiatdeväť miliárd deväťstodeväťdesiatdeväť miliónov deväťstodeväťdesiatdeväťtisícdeväťstodeväťdesiatdeväť,"sto, dvesto… are invariable (stého/stá are ordinals)"
sk,cardinal,99999999999999,feminine,genitive,deväťdesiatdeväťbiliónovdeväťstodeväťdesiatdeväťmiliárddeväťstodeväťdesiatdeväťmiliónovdeväťstodeväťdesiatdeväťtisícejdeväťstádeväťdesiatehodeviatej,deväťdesiatich deviatich biliónov deväťstodeväťdesiatich deviatich miliárd deväťstodeväťdesiatich deviatich miliónov deväťstodeväťdesiatdeväťtisícdeväťstodeväťdesiatich deviatich,tisíc and -tisíc compounds are invariable (tisíceho etc. are ordinals)
sk,cardinal,99999999999999,feminine,dative,deväťdesiatdeväťbiliónovdeväťstodeväťdesiatdeväťmiliárddeväťstodeväťdesiatdeväťmiliónovdeväťstodeväťdesiatdeväťtisícejdeväťstádeväťdesiatemudeviatej,deväťdesiatim deviatim biliónom deväťstodeväťdesiatim deviatim miliardám deväťstodeväťdesiatim deviatim miliónom deväťstodeväťdesiatdeväťtisícdeväťstodeväťdesiatim deviatim,tisíc and -tisíc compounds are invariable (tisíceho etc. are ordinals)
sk,cardinal,99999999999999,feminine,accusative,deväťdesiatdeväťbiliónovdeväťstodeväťdesiatdeväťmiliárddeväťstodeväťdesiatdeväťmiliónovdeväťstodeväťdesiatdeväťtisícdeväťstádeväťdesiatdeväť,deväťdesiatdeväť biliónov deväťstodeväťdesiatdeväť miliárd deväťstodeväťdesiatdeväť miliónov deväťstodeväťdesiatdeväťtisícdeväťstodeväťdesiatdeväť,"sto, dvesto… are invariable (stého/stá are ordinals)"
sk,cardinal,99999999999999,feminine,instrumental,deväťdesiatdeväťbiliónovdeväťstodeväťdesiatdeväťmiliárddeväťstodeväťdesiatdeväťmiliónovdeväťstodeväťdesiatdeväťtisícoudeväťstádeväťdesiatymdeviatou,deväťdesiatimi deviatimi biliónmi deväťstodeväťdesiatimi deviatimi miliardami deväťstodeväťdesiatimi deviatimi miliónmi deväťstodeväťdesiatdeväťtisícdeväťstodeväťdesiatimi deviatimi,tisíc and -tisíc compounds are invariable (tisíceho etc. are ordinals)
sk,cardinal,99999999999999,feminine,locative,deväťdesiatdeväťbiliónovdeväťstodeväťdesiatdeväťmiliárddeväťstodeväťdesiatdeväťmiliónovdeväťstodeväťdesiatdeväťtisícejdeväťstádeväťdesiatomdeviatej,deväťdesiatich deviatich biliónoch deväťstodeväťdesiatich deviatich miliardách deväťstodeväťdesiatich deviatich miliónoch deväťstodeväťdesiatdeväťtisícdeväťstodeväťdesiatich deviatich,tisíc and -tisíc compounds are invariable (tisíceho etc. are ordinals)
sk,cardinal,99999999999999,neuter,nominative,deväťdesiatdeväťbiliónovdeväťstodeväťdesiatdeväťmiliárddeväťstodeväťdesiatdeväťmiliónovdeväťstodeväťdesiatdeväťtisícdeväťstédeväťdesiatdeväť,deväťdesiatdeväť biliónov deväťstodeväťdesiatdeväť miliárd deväťstodeväťdesiatdeväť miliónov deväťstodeväťdesiatdeväťtisícdeväťstodeväťdesiatdeväť,"sto, dvesto… are invariable (stého/stá are ordinals)"
sk,cardinal,99999999999999,neuter,genitive,deväťdesiatdeväťbiliónovdeväťstodeväťdesiatdeväťmiliárddeväťstodeväťdesiatdeväťmiliónovdeväťstodeväťdesiatdeväťtisícehodeväťstédeväťdesiatehodeviateho,deväťdesiatich deviatich biliónov deväťstodeväťdesiatich deviatich miliárd deväťstodeväťdesiatich deviatich miliónov deväťstodeväťdesiatdeväťtisícdeväťstodeväťdesiatich deviatich,tisíc and -tisíc compounds are invariable (tisíceho etc. are ordinals)
sk,cardinal,99999999999999,neuter,dative,deväťdesiatdeväťbiliónovdeväťstodeväťdesiatdeväťmiliárddeväťstodeväťdesiatdeväťmiliónovdeväťstodeväťdesiatdeväťtisícemudeväťstédeväťdesiatemudeviatemu,deväťdesiatim deviatim biliónom deväťstodeväťdesiatim deviatim miliardám deväťstodeväťdesiatim deviatim miliónom deväťstodeväťdesiatdeväťtisícdeväťstodeväťdesiatim deviatim,tisíc and -tisíc compounds are invariable (tisíceho etc. are ordinals)
sk,cardinal,99999999999999,neuter,accusative,deväťdesiatdeväťbiliónovdeväťstodeväťdesiatdeväťmiliárddeväťstodeväťdesiatdeväťmiliónovdeväťstodeväťdesiatdeväťtisícdeväťstédeväťdesiatdeväť,deväťdesiatdeväť biliónov deväťstodeväťdesiatdeväť miliárd deväťstodeväťdesiatdeväť miliónov deväťstodeväťdesiatdeväťtisícdeväťstodeväťdesiatdeväť,"sto, dvesto… are invariable (stého/stá are ordinals)"
sk,cardinal,99999999999999,neuter,instrumental,deväťdesiatdeväťbiliónovdeväťstodeväťdesiatdeväťmiliárddeväťstodeväťdesiatdeväťmiliónovdeväťstodeväťdesiatdeväťtisícimdeväťstédeväťdesiatymdeviatym,deväťdesiatimi deviatimi biliónmi deväťstodeväťdesiatimi deviatimi miliardami deväťstodeväťdesiatimi deviatimi miliónmi deväťstodeväťdesiatdeväťtisícdeväťstodeväťdesiatimi deviatimi,tisíc and -tisíc compounds are invariable (tisíceho etc. are ordinals)
sk,cardinal,99999999999999,neuter,locative,deväťdesiatdeväťbiliónovdeväťstodeväťdesiatdeväťmiliárddeväťstodeväťdesiatdeväťmiliónovdeväťstodeväťdesiatdeväťtisícomdeväťstédeväťdesiatomdeviatom,deväťdesiatich deviatich biliónoch deväťstodeväťdesiatich deviatich miliardách deväťstodeväťdesiatich deviatich miliónoch deväťstodeväťdesiatdeväťtisícdeväťstodeväťdesiatich deviatich,tisíc and -tisíc compounds are invariable (tisíceho etc. are ordinals)
sk,cardinal,100000000000000,masculine,nominative,stobiliónov,sto biliónov,spacing only
sk,cardinal,100000000000000,masculine,genitive,stobiliónteho,sto biliónov,"milión/miliarda are nouns (milióna, dvoch miliónov), not ordinals"
sk,cardinal,100000000000000,masculine,dative,stobilióntemu,sto biliónom,"milión/miliarda are nouns (milióna, dvoch miliónov), not ordinals"
sk,cardinal,100000000000000,masculine,accusative,stobiliónov,sto biliónov,spacing only
sk,cardinal,100000000000000,masculine,instrumental,stobilióntym,sto biliónmi,"milión/miliarda are nouns (milióna, dvoch miliónov), not ordinals"
sk,cardinal,100000000000000,masculine,locative,stobilióntom,sto biliónoch,"milión/miliarda are nouns (milióna, dvoch miliónov), not ordinals"
sk,cardinal,100000000000000,feminine,nominative,stobiliónov,sto biliónov,spacing only
sk,cardinal,100000000000000,feminine,genitive,stobilióntej,sto biliónov,"milión/miliarda are nouns (milióna, dvoch miliónov), not ordinals"
sk,cardinal,100000000000000,feminine,dative,stobilióntej,sto biliónom,"milión/miliarda are nouns (milióna, dvoch miliónov), not ordinals"
sk,cardinal,100000000000000,feminine,accusative,stobiliónov,sto biliónov,spacing only
sk,cardinal,100000000000000,feminine,instrumental,stobilióntou,sto biliónmi,"milión/miliarda are nouns (milióna, dvoch miliónov), not ordinals"
sk,cardinal,100000000000000,feminine,locative,stobilióntej,sto biliónoch,"milión/miliarda are nouns (milióna, dvoch miliónov), not ordinals"
sk,cardinal,100000000000000,neuter,nominative,stobiliónov,sto biliónov,spacing only
sk,cardinal,100000000000000,neuter,genitive,stobiliónteho,sto biliónov,"milión/miliarda are nouns (milióna, dvoch miliónov), not ordinals"
sk,cardinal,100000000000000,neuter,dative,stobilióntemu,sto biliónom,"milión/miliarda are nouns (milióna, dvoch miliónov), not ordinals"
sk,cardinal,100000000000000,neuter,accusative,stobiliónov,sto biliónov,spacing only
sk,cardinal,100000000000000,neuter,instrumental,stobilióntym,sto biliónmi,"milión/miliarda are nouns (milióna, dvoch miliónov), not ordinals"
sk,cardinal,100000000000000,neuter,locative,stobilióntom,sto biliónoch,"milión/miliarda are nouns (milióna, dvoch miliónov), not ordinals"
sk,cardinal,500000000000000,masculine,nominative,päťstobiliónov,päťsto biliónov,spacing only
sk,cardinal,500000000000000,masculine,genitive,päťstobiliónteho,päťsto biliónov,"milión/miliarda are nouns (milióna, dvoch miliónov), not ordinals"
sk,cardinal,500000000000000,masculine,dative,päťstobilióntemu,päťsto biliónom,"milión/miliarda are nouns (milióna, dvoch miliónov), not ordinals"
sk,cardinal,500000000000000,masculine,accusative,päťstobiliónov,päťsto biliónov,spacing only
sk,cardinal,500000000000000,masculine,instrumental,päťstobilióntym,päťsto biliónmi,"milión/miliarda are nouns (milióna, dvoch miliónov), not ordinals"
sk,cardinal,500000000000000,masculine,locative,päťstobilióntom,päťsto biliónoch,"milión/miliarda are nouns (milióna, dvoch miliónov), not ordinals"
sk,cardinal,500000000000000,feminine,nominative,päťstobiliónov,päťsto biliónov,spacing only
sk,cardinal,500000000000000,feminine,genitive,päťstobilióntej,päťsto biliónov,"milión/miliarda are nouns (milióna, dvoch miliónov), not ordinals"
sk,cardinal,500000000000000,feminine,dative,päťstobilióntej,päťsto biliónom,"milión/miliarda are nouns (milióna, dvoch miliónov), not ordinals"
sk,cardinal,500000000000000,feminine,accusative,päťstobiliónov,päťsto biliónov,spacing only
sk,cardinal,500000000000000,feminine,instrumental,päťstobilióntou,päťsto biliónmi,"milión/miliarda are nouns (milióna, dvoch miliónov), not ordinals"
sk,cardinal,500000000000000,feminine,locative,päťstobilióntej,päťsto biliónoch,"milión/miliarda are nouns (milióna, dvoch miliónov), not ordinals"
sk,cardinal,500000000000000,neuter,nominative,päťstobiliónov,päťsto biliónov,spacing only
sk,cardinal,500000000000000,neuter,genitive,päťstobiliónteho,päťsto biliónov,"milión/miliarda are nouns (milióna, dvoch miliónov), not ordinals"
sk,cardinal,500000000000000,neuter,dative,päťstobilióntemu,päťsto biliónom,"milión/miliarda are nouns (milióna, dvoch miliónov), not ordinals"
sk,cardinal,500000000000000,neuter,accusative,päťstobiliónov,päťsto biliónov,spacing only
sk,cardinal,500000000000000,neuter,instrumental,päťstobilióntym,päťsto biliónmi,"milión/miliarda are nouns (milióna, dvoch miliónov), not ordinals"
sk,cardinal,500000000000000,neuter,locative,päťstobilióntom,päťsto biliónoch,"milión/miliarda are nouns (milióna, dvoch miliónov), not ordinals"
sk,cardinal,999999999999999,masculine,nominative,deväťstodeväťdesiatdeväťbiliónovdeväťstodeväťdesiatdeväťmiliárddeväťstodeväťdesiatdeväťmiliónovdeväťstodeväťdesiatdeväťtisícdeväťstodeväťdesiatdeväť,deväťstodeväťdesiatdeväť biliónov deväťstodeväťdesiatdeväť miliárd deväťstodeväťdesiatdeväť miliónov deväťstodeväťdesiatdeväťtisícdeväťstodeväťdesiatdeväť,spacing only
sk,cardinal,999999999999999,masculine,genitive,deväťstodeväťdesiatdeväťbiliónovdeväťstodeväťdesiatdeväťmiliárddeväťstodeväťdesiatdeväťmiliónovdeväťstodeväťdesiatdeväťtisícehodeväťstodeväťdesiatehodeviateho,deväťstodeväťdesiatich deviatich biliónov deväťstodeväťdesiatich deviatich miliárd deväťstodeväťdesiatich deviatich miliónov deväťstodeväťdesiatdeväťtisícdeväťstodeväťdesiatich deviatich,tisíc and -tisíc compounds are invariable (tisíceho etc. are ordinals)
sk,cardinal,999999999999999,masculine,dative,deväťstodeväťdesiatdeväťbiliónovdeväťstodeväťdesiatdeväťmiliárddeväťstodeväťdesiatdeväťmiliónovdeväťstodeväťdesiatdeväťtisícemudeväťstodeväťdesiatemudeviatemu,deväťstodeväťdesiatim deviatim biliónom deväťstodeväťdesiatim deviatim miliardám deväťstodeväťdesiatim deviatim miliónom deväťstodeväťdesiatdeväťtisícdeväťstodeväťdesiatim deviatim,tisíc and -tisíc compounds are invariable (tisíceho etc. are ordinals)
sk,cardinal,999999999999999,masculine,accusative,deväťstodeväťdesiatdeväťbiliónovdeväťstodeväťdesiatdeväťmiliárddeväťstodeväťdesiatdeväťmiliónovdeväťstodeväťdesiatdeväťtisícdeväťstodeväťdesiatdeväť,deväťstodeväťdesiatdeväť biliónov deväťstodeväťdesiatdeväť miliárd deväťstodeväťdesiatdeväť miliónov deväťstodeväťdesiatdeväťtisícdeväťstodeväťdesiatdeväť,spacing only
sk,cardinal,999999999999999,masculine,instrumental,deväťstodeväťdesiatdeväťbiliónovdeväťstodeväťdesiatdeväťmiliárddeväťstodeväťdesiatdeväťmiliónovdeväťstodeväťdesiatdeväťtisícimdeväťstodeväťdesiatymdeviatym,deväťstodeväťdesiatimi deviatimi biliónmi deväťstodeväťdesiatimi deviatimi miliardami deväťstodeväťdesiatimi deviatimi miliónmi deväťstodeväťdesiatdeväťtisícdeväťstodeväťdesiatimi deviatimi,tisíc and -tisíc compounds are invariable (tisíceho etc. are ordinals)
sk,cardinal,999999999999999,masculine,locative,deväťstodeväťdesiatdeväťbiliónovdeväťstodeväťdesiatdeväťmiliárddeväťstodeväťdesiatdeväťmiliónovdeväťstodeväťdesiatdeväťtisícomdeväťstodeväťdesiatomdeviatom,deväťstodeväťdesiatich deviatich biliónoch deväťstodeväťdesiatich deviatich miliardách deväťstodeväťdesiatich deviatich miliónoch deväťstodeväťdesiatdeväťtisícdeväťstodeväťdesiatich deviatich,tisíc and -tisíc compounds are invariable (tisíceho etc. are ordinals)
sk,cardinal,999999999999999,feminine,nominative,deväťstodeväťdesiatdeväťbiliónovdeväťstodeväťdesiatdeväťmiliárddeväťstodeväťdesiatdeväťmiliónovdeväťstodeväťdesiatdeväťtisícdeväťstádeväťdesiatdeväť,deväťstodeväťdesiatdeväť biliónov deväťstodeväťdesiatdeväť miliárd deväťstodeväťdesiatdeväť miliónov deväťstodeväťdesiatdeväťtisícdeväťstodeväťdesiatdeväť,"sto, dvesto… are invariable (stého/stá are ordinals)"
sk,cardinal,999999999999999,feminine,genitive,deväťstodeväťdesiatdeväťbiliónovdeväťstodeväťdesiatdeväťmiliárddeväťstodeväťdesiatdeväťmiliónovdeväťstodeväťdesiatdeväťtisícejdeväťstádeväťdesiatehodeviatej,deväťstodeväťdesiatich deviatich biliónov deväťstodeväťdesiatich deviatich miliárd deväťstodeväťdesiatich deviatich miliónov deväťstodeväťdesiatdeväťtisícdeväťstodeväťdesiatich deviatich,tisíc and -tisíc compounds are invariable (tisíceho etc. are ordinals)
sk,cardinal,999999999999999,feminine,dative,deväťstodeväťdesiatdeväťbiliónovdeväťstodeväťdesiatdeväťmiliárddeväťstodeväťdesiatdeväťmiliónovdeväťstodeväťdesiatdeväťtisícejdeväťstádeväťdesiatemudeviatej,deväťstodeväťdesiatim deviatim biliónom deväťstodeväťdesiatim deviatim miliardám deväťstodeväťdesiatim deviatim miliónom deväťstodeväťdesiatdeväťtisícdeväťstodeväťdesiatim deviatim,tisíc and -tisíc compounds are invariable (tisíceho etc. are ordinals)
sk,cardinal,999999999999999,feminine,accusative,deväťstodeväťdesiatdeväťbiliónovdeväťstodeväťdesiatdeväťmiliárddeväťstodeväťdesiatdeväťmiliónovdeväťstodeväťdesiatdeväťtisícdeväťstádeväťdesiatdeväť,deväťstodeväťdesiatdeväť biliónov deväťstodeväťdesiatdeväť miliárd deväťstodeväťdesiatdeväť miliónov deväťstodeväťdesiatdeväťtisícdeväťstodeväťdesiatdeväť,"sto, dvesto… are invariable (stého/stá are ordinals)"
sk,cardinal,999999999999999,feminine,instrumental,deväťstodeväťdesiatdeväťbiliónovdeväťstodeväťdesiatdeväťmiliárddeväťstodeväťdesiatdeväťmiliónovdeväťstodeväťdesiatdeväťtisícoudeväťstádeväťdesiatymdeviatou,deväťstodeväťdesiatimi deviatimi biliónmi deväťstodeväťdesiatimi deviatimi miliardami deväťstodeväťdesiatimi deviatimi miliónmi deväťstodeväťdesiatdeväťtisícdeväťstodeväťdesiatimi deviatimi,tisíc and -tisíc compounds are invariable (tisíceho etc. are ordinals)
sk,cardinal,999999999999999,feminine,locative,deväťstodeväťdesiatdeväťbiliónovdeväťstodeväťdesiatdeväťmiliárddeväťstodeväťdesiatdeväťmiliónovdeväťstodeväťdesiatdeväťtisícejdeväťstádeväťdesiatomdeviatej,deväťstodeväťdesiatich deviatich biliónoch deväťstodeväťdesiatich deviatich miliardách deväťstodeväťdesiatich deviatich miliónoch deväťstodeväťdesiatdeväťtisícdeväťstodeväťdesiatich deviatich,tisíc and -tisíc compounds are invariable (tisíceho etc. are ordinals)
sk,cardinal,999999999999999,neuter,nominative,deväťstodeväťdesiatdeväťbiliónovdeväťstodeväťdesiatdeväťmiliárddeväťstodeväťdesiatdeväťmiliónovdeväťstodeväťdesiatdeväťtisícdeväťstédeväťdesiatdeväť,deväťstodeväťdesiatdeväť biliónov deväťstodeväťdesiatdeväť miliárd deväťstodeväťdesiatdeväť miliónov deväťstodeväťdesiatdeväťtisícdeväťstodeväťdesiatdeväť,"sto, dvesto… are invariable (stého/stá are ordinals)"
sk,cardinal,999999999999999,neuter,genitive,deväťstodeväťdesiatdeväťbiliónovdeväťstodeväťdesiatdeväťmiliárddeväťstodeväťdesiatdeväťmiliónovdeväťstodeväťdesiatdeväťtisícehodeväťstédeväťdesiatehodeviateho,deväťstodeväťdesiatich deviatich biliónov deväťstodeväťdesiatich deviatich miliárd deväťstodeväťdesiatich deviatich miliónov deväťstodeväťdesiatdeväťtisícdeväťstodeväťdesiatich deviatich,tisíc and -tisíc compounds are invariable (tisíceho etc. are ordinals)
sk,cardinal,999999999999999,neuter,dative,deväťstodeväťdesiatdeväťbiliónovdeväťstodeväťdesiatdeväťmiliárddeväťstodeväťdesiatdeväťmiliónovdeväťstodeväťdesiatdeväťtisícemudeväťstédeväťdesiatemudeviatemu,deväťstodeväťdesiatim deviatim biliónom deväťstodeväťdesiatim deviatim miliardám deväťstodeväťdesiatim deviatim miliónom deväťstodeväťdesiatdeväťtisícdeväťstodeväťdesiatim deviatim,tisíc and -tisíc compounds are invariable (tisíceho etc. are ordinals)
sk,cardinal,999999999999999,neuter,accusative,deväťstodeväťdesiatdeväťbiliónovdeväťstodeväťdesiatdeväťmiliárddeväťstodeväťdesiatdeväťmiliónovdeväťstodeväťdesiatdeväťtisícdeväťstédeväťdesiatdeväť,deväťstodeväťdesiatdeväť biliónov deväťstodeväťdesiatdeväť miliárd deväťstodeväťdesiatdeväť miliónov deväťstodeväťdesiatdeväťtisícdeväťstodeväťdesiatdeväť,"sto, dvesto… are invariable (stého/stá are ordinals)"
sk,cardinal,999999999999999,neuter,instrumental,deväťstodeväťdesiatdeväťbiliónovdeväťstodeväťdesiatdeväťmiliárddeväťstodeväťdesiatdeväťmiliónovdeväťstodeväťdesiatdeväťtisícimdeväťstédeväťdesiatymdeviatym,deväťstodeväťdesiatimi deviatimi biliónmi deväťstodeväťdesiatimi deviatimi miliardami deväťstodeväťdesiatimi deviatimi miliónmi deväťstodeväťdesiatdeväťtisícdeväťstodeväťdesiatimi deviatimi,tisíc and -tisíc compounds are invariable (tisíceho etc. are ordinals)
sk,cardinal,999999999999999,neuter,locative,deväťstodeväťdesiatdeväťbiliónovdeväťstodeväťdesiatdeväťmiliárddeväťstodeväťdesiatdeväťmiliónovdeväťstodeväťdesiatdeväťtisícomdeväťstédeväťdesiatomdeviatom,deväťstodeväťdesiatich deviatich biliónoch deväťstodeväťdesiatich deviatich miliardách deväťstodeväťdesiatich deviatich miliónoch deväťstodeväťdesiatdeväťtisícdeväťstodeväťdesiatich deviatich,tisíc and -tisíc compounds are invariable (tisíceho etc. are ordinals)
sk,cardinal,1000000000000000,masculine,genitive,biliardtého,biliardy,"milión/miliarda are nouns (milióna, dvoch miliónov), not ordinals"
sk,cardinal,1000000000000000,masculine,dative,biliardtému,biliarde,"milión/miliarda are nouns (milióna, dvoch miliónov), not ordinals"
sk,cardinal,1000000000000000,masculine,accusative,biliarda,biliardu,miliarda: accusative miliardu
sk,cardinal,1000000000000000,masculine,instrumental,biliardtým,biliardou,"milión/miliarda are nouns (milióna, dvoch miliónov), not ordinals"
sk,cardinal,1000000000000000,masculine,locative,biliardtom,biliarde,"milión/miliarda are nouns (milióna, dvoch miliónov), not ordinals"
sk,cardinal,1000000000000000,feminine,genitive,biliardtej,biliardy,"milión/miliarda are nouns (milióna, dvoch miliónov), not ordinals"
sk,cardinal,1000000000000000,feminine,dative,biliardtej,biliarde,"milión/miliarda are nouns (milióna, dvoch miliónov), not ordinals"
sk,cardinal,1000000000000000,feminine,accusative,biliarda,biliardu,miliarda: accusative miliardu
sk,cardinal,1000000000000000,feminine,instrumental,biliardtou,biliardou,"milión/miliarda are nouns (milióna, dvoch miliónov), not ordinals"
sk,cardinal,1000000000000000,feminine,locative,biliardtej,biliarde,"milión/miliarda are nouns (milióna, dvoch miliónov), not ordinals"
sk,cardinal,1000000000000000,neuter,genitive,biliardtého,biliardy,"milión/miliarda are nouns (milióna, dvoch miliónov), not ordinals"
sk,cardinal,1000000000000000,neuter,dative,biliardtému,biliarde,"milión/miliarda are nouns (milióna, dvoch miliónov), not ordinals"
sk,cardinal,1000000000000000,neuter,accusative,biliarda,biliardu,miliarda: accusative miliardu
sk,cardinal,1000000000000000,neuter,instrumental,biliardtým,biliardou,"milión/miliarda are nouns (milióna, dvoch miliónov), not ordinals"
sk,cardinal,1000000000000000,neuter,locative,biliardtom,biliarde,"milión/miliarda are nouns (milióna, dvoch miliónov), not ordinals"
sk,cardinal,5000000000000000,masculine,nominative,päťbiliárd,päť biliárd,spacing only
sk,cardinal,5000000000000000,masculine,genitive,päťbiliardtého,piatich biliárd,"milión/miliarda are nouns (milióna, dvoch miliónov), not ordinals"
sk,cardinal,5000000000000000,masculine,dative,päťbiliardtému,piatim biliardám,"milión/miliarda are nouns (milióna, dvoch miliónov), not ordinals"
sk,cardinal,5000000000000000,masculine,accusative,päťbiliárd,päť biliárd,spacing only
sk,cardinal,5000000000000000,masculine,instrumental,päťbiliardtým,piatimi biliardami,"milión/miliarda are nouns (milióna, dvoch miliónov), not ordinals"
sk,cardinal,5000000000000000,masculine,locative,päťbiliardtom,piatich biliardách,"milión/miliarda are nouns (milióna, dvoch miliónov), not ordinals"
sk,cardinal,5000000000000000,feminine,nominative,päťbiliárd,päť biliárd,spacing only
sk,cardinal,5000000000000000,feminine,genitive,päťbiliardtej,piatich biliárd,"milión/miliarda are nouns (milióna, dvoch miliónov), not ordinals"
sk,cardinal,5000000000000000,feminine,dative,päťbiliardtej,piatim biliardám,"milión/miliarda are nouns (milióna, dvoch miliónov), not ordinals"
sk,cardinal,5000000000000000,feminine,accusative,päťbiliárd,päť biliárd,spacing only
sk,cardinal,5000000000000000,feminine,instrumental,päťbiliardtou,piatimi biliardami,"milión/miliarda are nouns (milióna, dvoch miliónov), not ordinals"
sk,cardinal,5000000000000000,feminine,locative,päťbiliardtej,piatich biliardách,"milión/miliarda are nouns (milióna, dvoch miliónov), not ordinals"
sk,cardinal,5000000000000000,neuter,nominative,päťbiliárd,päť biliárd,spacing only
sk,cardinal,5000000000000000,neuter,genitive,päťbiliardtého,piatich biliárd,"milión/miliarda are nouns (milióna, dvoch miliónov), not ordinals"
sk,cardinal,5000000000000000,neuter,dative,päťbiliardtému,piatim biliardám,"milión/miliarda are nouns (milióna, dvoch miliónov), not ordinals"
sk,cardinal,5000000000000000,neuter,accusative,päťbiliárd,päť biliárd,spacing only
sk,cardinal,5000000000000000,neuter,instrumental,päťbiliardtým,piatimi biliardami,"milión/miliarda are nouns (milióna, dvoch miliónov), not ordinals"
sk,cardinal,5000000000000000,neuter,locative,päťbiliardtom,piatich biliardách,"milión/miliarda are nouns (milióna, dvoch miliónov), not ordinals"
sk,cardinal,9999999999999999,masculine,nominative,deväťbiliárddeväťstodeväťdesiatdeväťbiliónovdeväťstodeväťdesiatdeväťmiliárddeväťstodeväťdesiatdeväťmiliónovdeväťstodeväťdesiatdeväťtisícdeväťstodeväťdesiatdeväť,deväť biliárd deväťstodeväťdesiatdeväť biliónov deväťstodeväťdesiatdeväť miliárd deväťstodeväťdesiatdeväť miliónov deväťstodeväťdesiatdeväťtisícdeväťstodeväťdesiatdeväť,spacing only
sk,cardinal,9999999999999999,masculine,genitive,deväťbiliárddeväťstodeväťdesiatdeväťbiliónovdeväťstodeväťdesiatdeväťmiliárddeväťstodeväťdesiatdeväťmiliónovdeväťstodeväťdesiatdeväťtisícehodeväťstodeväťdesiatehodeviateho,deviatich biliárd deväťstodeväťdesiatich deviatich biliónov deväťstodeväťdesiatich deviatich miliárd deväťstodeväťdesiatich deviatich miliónov deväťstodeväťdesiatdeväťtisícdeväťstodeväťdesiatich deviatich,tisíc and -tisíc compounds are invariable (tisíceho etc. are ordinals)
sk,cardinal,9999999999999999,masculine,dative,deväťbiliárddeväťstodeväťdesiatdeväťbiliónovdeväťstodeväťdesiatdeväťmiliárddeväťstodeväťdesiatdeväťmiliónovdeväťstodeväťdesiatdeväťtisícemudeväťstodeväťdesiatemudeviatemu,deviatim biliardám deväťstodeväťdesiatim deviatim biliónom deväťstodeväťdesiatim deviatim miliardám deväťstodeväťdesiatim deviatim miliónom deväťstodeväťdesiatdeväťtisícdeväťstodeväťdesiatim deviatim,tisíc and -tisíc compounds are invariable (tisíceho etc. are ordinals)
sk,cardinal,9999999999999999,masculine,accusative,deväťbiliárddeväťstodeväťdesiatdeväťbiliónovdeväťstodeväťdesiatdeväťmiliárddeväťstodeväťdesiatdeväťmiliónovdeväťstodeväťdesiatdeväťtisícdeväťstodeväťdesiatdeväť,deväť biliárd deväťstodeväťdesiatdeväť biliónov deväťstodeväťdesiatdeväť miliárd deväťstodeväťdesiatdeväť miliónov deväťstodeväťdesiatdeväťtisícdeväťstodeväťdesiatdeväť,spacing only
sk,cardinal,9999999999999999,masculine,instrumental,deväťbiliárddeväťstodeväťdesiatdeväťbiliónovdeväťstodeväťdesiatdeväťmiliárddeväťstodeväťdesiatdeväťmiliónovdeväťstodeväťdesiatdeväťtisícimdeväťstodeväťdesiatymdeviatym,deviatimi biliardami deväťstodeväťdesiatimi deviatimi biliónmi deväťstodeväťdesiatimi deviatimi miliardami deväťstodeväťdesiatimi deviatimi miliónmi deväťstodeväťdesiatdeväťtisícdeväťstodeväťdesiatimi deviatimi,tisíc and -tisíc compounds are invariable (tisíceho etc. are ordinals)
sk,cardinal,9999999999999999,masculine,locative,deväťbiliárddeväťstodeväťdesiatdeväťbiliónovdeväťstodeväťdesiatdeväťmiliárddeväťstodeväťdesiatdeväťmiliónovdeväťstodeväťdesiatdeväťtisícomdeväťstodeväťdesiatomdeviatom,deviatich biliardách deväťstodeväťdesiatich deviatich biliónoch deväťstodeväťdesiatich deviatich miliardách deväťstodeväťdesiatich deviatich miliónoch deväťstodeväťdesiatdeväťtisícdeväťstodeväťdesiatich deviatich,tisíc and -tisíc compounds are invariable (tisíceho etc. are ordinals)
sk,cardinal,9999999999999999,feminine,nominative,deväťbiliárddeväťstodeväťdesiatdeväťbiliónovdeväťstodeväťdesiatdeväťmiliárddeväťstodeväťdesiatdeväťmiliónovdeväťstodeväťdesiatdeväťtisícdeväťstádeväťdesiatdeväť,deväť biliárd deväťstodeväťdesiatdeväť biliónov deväťstodeväťdesiatdeväť miliárd deväťstodeväťdesiatdeväť miliónov deväťstodeväťdesiatdeväťtisícdeväťstodeväťdesiatdeväť,"sto, dvesto… are invariable (stého/stá are ordinals)"
sk,cardinal,9999999999999999,feminine,genitive,deväťbiliárddeväťstodeväťdesiatdeväťbiliónovdeväťstodeväťdesiatdeväťmiliárddeväťstodeväťdesiatdeväťmiliónovdeväťstodeväťdesiatdeväťtisícejdeväťstádeväťdesiatehodeviatej,deviatich biliárd deväťstodeväťdesiatich deviatich biliónov deväťstodeväťdesiatich deviatich miliárd deväťstodeväťdesiatich deviatich miliónov deväťstodeväťdesiatdeväťtisícdeväťstodeväťdesiatich deviatich,tisíc and -tisíc compounds are invariable (tisíceho etc. are ordinals)
sk,cardinal,9999999999999999,feminine,dative,deväťbiliárddeväťstodeväťdesiatdeväťbiliónovdeväťstodeväťdesiatdeväťmiliárddeväťstodeväťdesiatdeväťmiliónovdeväťstodeväťdesiatdeväťtisícejdeväťstádeväťdesiatemudeviatej,deviatim biliardám deväťstodeväťdesiatim deviatim biliónom deväťstodeväťdesiatim deviatim miliardám deväťstodeväťdesiatim deviatim miliónom deväťstodeväťdesiatdeväťtisícdeväťstodeväťdesiatim deviatim,tisíc and -tisíc compounds are invariable (tisíceho etc. are ordinals)
sk,cardinal,9999999999999999,feminine,accusative,deväťbiliárddeväťstodeväťdesiatdeväťbiliónovdeväťstodeväťdesiatdeväťmiliárddeväťstodeväťdesiatdeväťmiliónovdeväťstodeväťdesiatdeväťtisícdeväťstádeväťdesiatdeväť,deväť biliárd deväťstodeväťdesiatdeväť biliónov deväťstodeväťdesiatdeväť miliárd deväťstodeväťdesiatdeväť miliónov deväťstodeväťdesiatdeväťtisícdeväťstodeväťdesiatdeväť,"sto, dvesto… are invariable (stého/stá are ordinals)"
sk,cardinal,9999999999999999,feminine,instrumental,deväťbiliárddeväťstodeväťdesiatdeväťbiliónovdeväťstodeväťdesiatdeväťmiliárddeväťstodeväťdesiatdeväťmiliónovdeväťstodeväťdesiatdeväťtisícoudeväťstádeväťdesiatymdeviatou,deviatimi biliardami deväťstodeväťdesiatimi deviatimi biliónmi deväťstodeväťdesiatimi deviatimi miliardami deväťstodeväťdesiatimi deviatimi miliónmi deväťstodeväťdesiatdeväťtisícdeväťstodeväťdesiatimi deviatimi,tisíc and -tisíc compounds are invariable (tisíceho etc. are ordinals)
sk,cardinal,9999999999999999,feminine,locative,deväťbiliárddeväťstodeväťdesiatdeväťbiliónovdeväťstodeväťdesiatdeväťmiliárddeväťstodeväťdesiatdeväťmiliónovdeväťstodeväťdesiatdeväťtisícejdeväťstádeväťdesiatomdeviatej,deviatich biliardách deväťstodeväťdesiatich deviatich biliónoch deväťstodeväťdesiatich deviatich miliardách deväťstodeväťdesiatich deviatich miliónoch deväťstodeväťdesiatdeväťtisícdeväťstodeväťdesiatich deviatich,tisíc and -tisíc compounds are invariable (tisíceho etc. are ordinals)
sk,cardinal,9999999999999999,neuter,nominative,deväťbiliárddeväťstodeväťdesiatdeväťbiliónovdeväťstodeväťdesiatdeväťmiliárddeväťstodeväťdesiatdeväťmiliónovdeväťstodeväťdesiatdeväťtisícdeväťstédeväťdesiatdeväť,deväť biliárd deväťstodeväťdesiatdeväť biliónov deväťstodeväťdesiatdeväť miliárd deväťstodeväťdesiatdeväť miliónov deväťstodeväťdesiatdeväťtisícdeväťstodeväťdesiatdeväť,"sto, dvesto… are invariable (stého/stá are ordinals)"
sk,cardinal,9999999999999999,neuter,genitive,deväťbiliárddeväťstodeväťdesiatdeväťbiliónovdeväťstodeväťdesiatdeväťmiliárddeväťstodeväťdesiatdeväťmiliónovdeväťstodeväťdesiatdeväťtisícehodeväťstédeväťdesiatehodeviateho,deviatich biliárd deväťstodeväťdesiatich deviatich biliónov deväťstodeväťdesiatich deviatich miliárd deväťstodeväťdesiatich deviatich miliónov deväťstodeväťdesiatdeväťtisícdeväťstodeväťdesiatich deviatich,tisíc and -tisíc compounds are invariable (tisíceho etc. are ordinals)
sk,cardinal,9999999999999999,neuter,dative,deväťbiliárddeväťstodeväťdesiatdeväťbiliónovdeväťstodeväťdesiatdeväťmiliárddeväťstodeväťdesiatdeväťmiliónovdeväťstodeväťdesiatdeväťtisícemudeväťstédeväťdesiatemudeviatemu,deviatim biliardám deväťstodeväťdesiatim deviatim biliónom deväťstodeväťdesiatim deviatim miliardám deväťstodeväťdesiatim deviatim miliónom deväťstodeväťdesiatdeväťtisícdeväťstodeväťdesiatim deviatim,tisíc and -tisíc compounds are invariable (tisíceho etc. are ordinals)
sk,cardinal,9999999999999999,neuter,accusative,deväťbiliárddeväťstodeväťdesiatdeväťbiliónovdeväťstodeväťdesiatdeväťmiliárddeväťstodeväťdesiatdeväťmiliónovdeväťstodeväťdesiatdeväťtisícdeväťstédeväťdesiatdeväť,deväť biliárd deväťstodeväťdesiatdeväť biliónov deväťstodeväťdesiatdeväť miliárd deväťstodeväťdesiatdeväť miliónov deväťstodeväťdesiatdeväťtisícdeväťstodeväťdesiatdeväť,"sto, dvesto… are invariable (stého/stá are ordinals)"
sk,cardinal,9999999999999999,neuter,instrumental,deväťbiliárddeväťstodeväťdesiatdeväťbiliónovdeväťstodeväťdesiatdeväťmiliárddeväťstodeväťdesiatdeväťmiliónovdeväťstodeväťdesiatdeväťtisícimdeväťstédeväťdesiatymdeviatym,deviatimi biliardami deväťstodeväťdesiatimi deviatimi biliónmi deväťstodeväťdesiatimi deviatimi miliardami deväťstodeväťdesiatimi deviatimi miliónmi deväťstodeväťdesiatdeväťtisícdeväťstodeväťdesiatimi deviatimi,tisíc and -tisíc compounds are invariable (tisíceho etc. are ordinals)
sk,cardinal,9999999999999999,neuter,locative,deväťbiliárddeväťstodeväťdesiatdeväťbiliónovdeväťstodeväťdesiatdeväťmiliárddeväťstodeväťdesiatdeväťmiliónovdeväťstodeväťdesiatdeväťtisícomdeväťstédeväťdesiatomdeviatom,deviatich biliardách deväťstodeväťdesiatich deviatich biliónoch deväťstodeväťdesiatich deviatich miliardách deväťstodeväťdesiatich deviatich miliónoch deväťstodeväťdesiatdeväťtisícdeväťstodeväťdesiatich deviatich,tisíc and -tisíc compounds are invariable (tisíceho etc. are ordinals)
sk,cardinal,10000000000000000,masculine,nominative,desaťbiliárd,desať biliárd,spacing only
sk,cardinal,10000000000000000,masculine,genitive,desaťbiliardtého,desiatich biliárd,"milión/miliarda are nouns (milióna, dvoch miliónov), not ordinals"
sk,cardinal,10000000000000000,masculine,dative,desaťbiliardtému,desiatim biliardám,"milión/miliarda are nouns (milióna, dvoch miliónov), not ordinals"
sk,cardinal,10000000000000000,masculine,accusative,desaťbiliárd,desať biliárd,spacing only
sk,cardinal,10000000000000000,masculine,instrumental,desaťbiliardtým,desiatimi biliardami,"milión/miliarda are nouns (milióna, dvoch miliónov), not ordinals"
sk,cardinal,10000000000000000,masculine,locative,desaťbiliardtom,desiatich biliardách,"milión/miliarda are nouns (milióna, dvoch miliónov), not ordinals"
sk,cardinal,10000000000000000,feminine,nominative,desaťbiliárd,desať biliárd,spacing only
sk,cardinal,10000000000000000,feminine,genitive,desaťbiliardtej,desiatich biliárd,"milión/miliarda are nouns (milióna, dvoch miliónov), not ordinals"
sk,cardinal,10000000000000000,feminine,dative,desaťbiliardtej,desiatim biliardám,"milión/miliarda are nouns (milióna, dvoch miliónov), not ordinals"
sk,cardinal,10000000000000000,feminine,accusative,desaťbiliárd,desať biliárd,spacing only
sk,cardinal,10000000000000000,feminine,instrumental,desaťbiliardtou,desiatimi biliardami,"milión/miliarda are nouns (milióna, dvoch miliónov), not ordinals"
sk,cardinal,10000000000000000,feminine,locative,desaťbiliardtej,desiatich biliardách,"milión/miliarda are nouns (milióna, dvoch miliónov), not ordinals"
sk,cardinal,10000000000000000,neuter,nominative,desaťbiliárd,desať biliárd,spacing only
sk,cardinal,10000000000000000,neuter,genitive,desaťbiliardtého,desiatich biliárd,"milión/miliarda are nouns (milióna, dvoch miliónov), not ordinals"
sk,cardinal,10000000000000000,neuter,dative,desaťbiliardtému,desiatim biliardám,"milión/miliarda are nouns (milióna, dvoch miliónov), not ordinals"
sk,cardinal,10000000000000000,neuter,accusative,desaťbiliárd,desať biliárd,spacing only
sk,cardinal,10000000000000000,neuter,instrumental,desaťbiliardtým,desiatimi biliardami,"milión/miliarda are nouns (milióna, dvoch miliónov), not ordinals"
sk,cardinal,10000000000000000,neuter,locative,desaťbiliardtom,desiatich biliardách,"milión/miliarda are nouns (milióna, dvoch miliónov), not ordinals"
sk,cardinal,50000000000000000,masculine,nominative,päťdesiatbiliárd,päťdesiat biliárd,spacing only
sk,cardinal,50000000000000000,masculine,genitive,päťdesiatbiliardtého,päťdesiatich biliárd,"milión/miliarda are nouns (milióna, dvoch miliónov), not ordinals"
sk,cardinal,50000000000000000,masculine,dative,päťdesiatbiliardtému,päťdesiatim biliardám,"milión/miliarda are nouns (milióna, dvoch miliónov), not ordinals"
sk,cardinal,50000000000000000,masculine,accusative,päťdesiatbiliárd,päťdesiat biliárd,spacing only
sk,cardinal,50000000000000000,masculine,instrumental,päťdesiatbiliardtým,päťdesiatimi biliardami,"milión/miliarda are nouns (milióna, dvoch miliónov), not ordinals"
sk,cardinal,50000000000000000,masculine,locative,päťdesiatbiliardtom,päťdesiatich biliardách,"milión/miliarda are nouns (milióna, dvoch miliónov), not ordinals"
sk,cardinal,50000000000000000,feminine,nominative,päťdesiatbiliárd,päťdesiat biliárd,spacing only
sk,cardinal,50000000000000000,feminine,genitive,päťdesiatbiliardtej,päťdesiatich biliárd,"milión/miliarda are nouns (milióna, dvoch miliónov), not ordinals"
sk,cardinal,50000000000000000,feminine,dative,päťdesiatbiliardtej,päťdesiatim biliardám,"milión/miliarda are nouns (milióna, dvoch miliónov), not ordinals"
sk,cardinal,50000000000000000,feminine,accusative,päťdesiatbiliárd,päťdesiat biliárd,spacing only
sk,cardinal,50000000000000000,feminine,instrumental,päťdesiatbiliardtou,päťdesiatimi biliardami,"milión/miliarda are nouns (milióna, dvoch miliónov), not ordinals"
sk,cardinal,50000000000000000,feminine,locative,päťdesiatbiliardtej,päťdesiatich biliardách,"milión/miliarda are nouns (milióna, dvoch miliónov), not ordinals"
sk,cardinal,50000000000000000,neuter,nominative,päťdesiatbiliárd,päťdesiat biliárd,spacing only
sk,cardinal,50000000000000000,neuter,genitive,päťdesiatbiliardtého,päťdesiatich biliárd,"milión/miliarda are nouns (milióna, dvoch miliónov), not ordinals"
sk,cardinal,50000000000000000,neuter,dative,päťdesiatbiliardtému,päťdesiatim biliardám,"milión/miliarda are nouns (milióna, dvoch miliónov), not ordinals"
sk,cardinal,50000000000000000,neuter,accusative,päťdesiatbiliárd,päťdesiat biliárd,spacing only
sk,cardinal,50000000000000000,neuter,instrumental,päťdesiatbiliardtým,päťdesiatimi biliardami,"milión/miliarda are nouns (milióna, dvoch miliónov), not ordinals"
sk,cardinal,50000000000000000,neuter,locative,päťdesiatbiliardtom,päťdesiatich biliardách,"milión/miliarda are nouns (milióna, dvoch miliónov), not ordinals"
sk,cardinal,99999999999999999,masculine,nominative,deväťdesiatdeväťbiliárddeväťstodeväťdesiatdeväťbiliónovdeväťstodeväťdesiatdeväťmiliárddeväťstodeväťdesiatdeväťmiliónovdeväťstodeväťdesiatdeväťtisícdeväťstodeväťdesiatdeväť,deväťdesiatdeväť biliárd deväťstodeväťdesiatdeväť biliónov deväťstodeväťdesiatdeväť miliárd deväťstodeväťdesiatdeväť miliónov deväťstodeväťdesiatdeväťtisícdeväťstodeväťdesiatdeväť,spacing only
sk,cardinal,99999999999999999,masculine,genitive,deväťdesiatdeväťbiliárddeväťstodeväťdesiatdeväťbiliónovdeväťstodeväťdesiatdeväťmiliárddeväťstodeväťdesiatdeväťmiliónovdeväťstodeväťdesiatdeväťtisícehodeväťstodeväťdesiatehodeviateho,deväťdesiatich deviatich biliárd deväťstodeväťdesiatich deviatich biliónov deväťstodeväťdesiatich deviatich miliárd deväťstodeväťdesiatich deviatich miliónov deväťstodeväťdesiatdeväťtisícdeväťstodeväťdesiatich deviatich,tisíc and -tisíc compounds are invariable (tisíceho etc. are ordinals)
sk,cardinal,99999999999999999,masculine,dative,deväťdesiatdeväťbiliárddeväťstodeväťdesiatdeväťbiliónovdeväťstodeväťdesiatdeväťmiliárddeväťstodeväťdesiatdeväťmiliónovdeväťstodeväťdesiatdeväťtisícemudeväťstodeväťdesiatemudeviatemu,deväťdesiatim deviatim biliardám deväťstodeväťdesiatim deviatim biliónom deväťstodeväťdesiatim deviatim miliardám deväťstodeväťdesiatim deviatim miliónom deväťstodeväťdesiatdeväťtisícdeväťstodeväťdesiatim deviatim,tisíc and -tisíc compounds are invariable (tisíceho etc. are ordinals)
sk,cardinal,99999999999999999,masculine,accusative,deväťdesiatdeväťbiliárddeväťstodeväťdesiatdeväťbiliónovdeväťstodeväťdesiatdeväťmiliárddeväťstodeväťdesiatdeväťmiliónovdeväťstodeväťdesiatdeväťtisícdeväťstodeväťdesiatdeväť,deväťdesiatdeväť biliárd deväťstodeväťdesiatdeväť biliónov deväťstodeväťdesiatdeväť miliárd deväťstodeväťdesiatdeväť miliónov deväťstodeväťdesiatdeväťtisícdeväťstodeväťdesiatdeväť,spacing only
sk,cardinal,99999999999999999,masculine,instrumental,deväťdesiatdeväťbiliárddeväťstodeväťdesiatdeväťbiliónovdeväťstodeväťdesiatdeväťmiliárddeväťstodeväťdesiatdeväťmiliónovdeväťstodeväťdesiatdeväťtisícimdeväťstodeväťdesiatymdeviatym,deväťdesiatimi deviatimi biliardami deväťstodeväťdesiatimi deviatimi biliónmi deväťstodeväťdesiatimi deviatimi miliardami deväťstodeväťdesiatimi deviatimi miliónmi deväťstodeväťdesiatdeväťtisícdeväťstodeväťdesiatimi deviatimi,tisíc and -tisíc compounds are invariable (tisíceho etc. are ordinals)
sk,cardinal,99999999999999999,masculine,locative,deväťdesiatdeväťbiliárddeväťstodeväťdesiatdeväťbiliónovdeväťstodeväťdesiatdeväťmiliárddeväťstodeväťdesiatdeväťmiliónovdeväťstodeväťdesiatdeväťtisícomdeväťstodeväťdesiatomdeviatom,deväťdesiatich deviatich biliardách deväťstodeväťdesiatich deviatich biliónoch deväťstodeväťdesiatich deviatich miliardách deväťstodeväťdesiatich deviatich miliónoch deväťstodeväťdesiatdeväťtisícdeväťstodeväťdesiatich deviatich,tisíc and -tisíc compounds are invariable (tisíceho etc. are ordinals)
sk,cardinal,99999999999999999,feminine,nominative,deväťdesiatdeväťbiliárddeväťstodeväťdesiatdeväťbiliónovdeväťstodeväťdesiatdeväťmiliárddeväťstodeväťdesiatdeväťmiliónovdeväťstodeväťdesiatdeväťtisícdeväťstádeväťdesiatdeväť,deväťdesiatdeväť biliárd deväťstodeväťdesiatdeväť biliónov deväťstodeväťdesiatdeväť miliárd deväťstodeväťdesiatdeväť miliónov deväťstodeväťdesiatdeväťtisícdeväťstodeväťdesiatdeväť,"sto, dvesto… are invariable (stého/stá are ordinals)"
sk,cardinal,99999999999999999,feminine,genitive,deväťdesiatdeväťbiliárddeväťstodeväťdesiatdeväťbiliónovdeväťstodeväťdesiatdeväťmiliárddeväťstodeväťdesiatdeväťmiliónovdeväťstodeväťdesiatdeväťtisícejdeväťstádeväťdesiatehodeviatej,deväťdesiatich deviatich biliárd deväťstodeväťdesiatich deviatich biliónov deväťstodeväťdesiatich deviatich miliárd deväťstodeväťdesiatich deviatich miliónov deväťstodeväťdesiatdeväťtisícdeväťstodeväťdesiatich deviatich,tisíc and -tisíc compounds are invariable (tisíceho etc. are ordinals)
sk,cardinal,99999999999999999,feminine,dative,deväťdesiatdeväťbiliárddeväťstodeväťdesiatdeväťbiliónovdeväťstodeväťdesiatdeväťmiliárddeväťstodeväťdesiatdeväťmiliónovdeväťstodeväťdesiatdeväťtisícejdeväťstádeväťdesiatemudeviatej,deväťdesiatim deviatim biliardám deväťstodeväťdesiatim deviatim biliónom deväťstodeväťdesiatim deviatim miliardám deväťstodeväťdesiatim deviatim miliónom deväťstodeväťdesiatdeväťtisícdeväťstodeväťdesiatim deviatim,tisíc and -tisíc compounds are invariable (tisíceho etc. are ordinals)
sk,cardinal,99999999999999999,feminine,accusative,deväťdesiatdeväťbiliárddeväťstodeväťdesiatdeväťbiliónovdeväťstodeväťdesiatdeväťmiliárddeväťstodeväťdesiatdeväťmiliónovdeväťstodeväťdesiatdeväťtisícdeväťstádeväťdesiatdeväť,deväťdesiatdeväť biliárd deväťstodeväťdesiatdeväť biliónov deväťstodeväťdesiatdeväť miliárd deväťstodeväťdesiatdeväť miliónov deväťstodeväťdesiatdeväťtisícdeväťstodeväťdesiatdeväť,"sto, dvesto… are invariable (stého/stá are ordinals)"
sk,cardinal,99999999999999999,feminine,instrumental,deväťdesiatdeväťbiliárddeväťstodeväťdesiatdeväťbiliónovdeväťstodeväťdesiatdeväťmiliárddeväťstodeväťdesiatdeväťmiliónovdeväťstodeväťdesiatdeväťtisícoudeväťstádeväťdesiatymdeviatou,deväťdesiatimi deviatimi biliardami deväťstodeväťdesiatimi deviatimi biliónmi deväťstodeväťdesiatimi deviatimi miliardami deväťstodeväťdesiatimi deviatimi miliónmi deväťstodeväťdesiatdeväťtisícdeväťstodeväťdesiatimi deviatimi,tisíc and -tisíc compounds are invariable (tisíceho etc. are ordinals)
sk,cardinal,99999999999999999,feminine,locative,deväťdesiatdeväťbiliárddeväťstodeväťdesiatdeväťbiliónovdeväťstodeväťdesiatdeväťmiliárddeväťstodeväťdesiatdeväťmiliónovdeväťstodeväťdesiatdeväťtisícejdeväťstádeväťdesiatomdeviatej,deväťdesiatich deviatich biliardách deväťstodeväťdesiatich deviatich biliónoch deväťstodeväťdesiatich deviatich miliardách deväťstodeväťdesiatich deviatich miliónoch deväťstodeväťdesiatdeväťtisícdeväťstodeväťdesiatich deviatich,tisíc and -tisíc compounds are invariable (tisíceho etc. are ordinals)
sk,cardinal,99999999999999999,neuter,nominative,deväťdesiatdeväťbiliárddeväťstodeväťdesiatdeväťbiliónovdeväťstodeväťdesiatdeväťmiliárddeväťstodeväťdesiatdeväťmiliónovdeväťstodeväťdesiatdeväťtisícdeväťstédeväťdesiatdeväť,deväťdesiatdeväť biliárd deväťstodeväťdesiatdeväť biliónov deväťstodeväťdesiatdeväť miliárd deväťstodeväťdesiatdeväť miliónov deväťstodeväťdesiatdeväťtisícdeväťstodeväťdesiatdeväť,"sto, dvesto… are invariable (stého/stá are ordinals)"
sk,cardinal,99999999999999999,neuter,genitive,deväťdesiatdeväťbiliárddeväťstodeväťdesiatdeväťbiliónovdeväťstodeväťdesiatdeväťmiliárddeväťstodeväťdesiatdeväťmiliónovdeväťstodeväťdesiatdeväťtisícehodeväťstédeväťdesiatehodeviateho,deväťdesiatich deviatich biliárd deväťstodeväťdesiatich deviatich biliónov deväťstodeväťdesiatich deviatich miliárd deväťstodeväťdesiatich deviatich miliónov deväťstodeväťdesiatdeväťtisícdeväťstodeväťdesiatich deviatich,tisíc and -tisíc compounds are invariable (tisíceho etc. are ordinals)
sk,cardinal,99999999999999999,neuter,dative,deväťdesiatdeväťbiliárddeväťstodeväťdesiatdeväťbiliónovdeväťstodeväťdesiatdeväťmiliárddeväťstodeväťdesiatdeväťmiliónovdeväťstodeväťdesiatdeväťtisícemudeväťstédeväťdesiatemudeviatemu,deväťdesiatim deviatim biliardám deväťstodeväťdesiatim deviatim biliónom deväťstodeväťdesiatim deviatim miliardám deväťstodeväťdesiatim deviatim miliónom deväťstodeväťdesiatdeväťtisícdeväťstodeväťdesiatim deviatim,tisíc and -tisíc compounds are invariable (tisíceho etc. are ordinals)
sk,cardinal,99999999999999999,neuter,accusative,deväťdesiatdeväťbiliárddeväťstodeväťdesiatdeväťbiliónovdeväťstodeväťdesiatdeväťmiliárddeväťstodeväťdesiatdeväťmiliónovdeväťstodeväťdesiatdeväťtisícdeväťstédeväťdesiatdeväť,deväťdesiatdeväť biliárd deväťstodeväťdesiatdeväť biliónov deväťstodeväťdesiatdeväť miliárd deväťstodeväťdesiatdeväť miliónov deväťstodeväťdesiatdeväťtisícdeväťstodeväťdesiatdeväť,"sto, dvesto… are invariable (stého/stá are ordinals)"
sk,cardinal,99999999999999999,neuter,instrumental,deväťdesiatdeväťbiliárddeväťstodeväťdesiatdeväťbiliónovdeväťstodeväťdesiatdeväťmiliárddeväťstodeväťdesiatdeväťmiliónovdeväťstodeväťdesiatdeväťtisícimdeväťstédeväťdesiatymdeviatym,deväťdesiatimi deviatimi biliardami deväťstodeväťdesiatimi deviatimi biliónmi deväťstodeväťdesiatimi deviatimi miliardami deväťstodeväťdesiatimi deviatimi miliónmi deväťstodeväťdesiatdeväťtisícdeväťstodeväťdesiatimi deviatimi,tisíc and -tisíc compounds are invariable (tisíceho etc. are ordinals)
sk,cardinal,99999999999999999,neuter,locative,deväťdesiatdeväťbiliárddeväťstodeväťdesiatdeväťbiliónovdeväťstodeväťdesiatdeväťmiliárddeväťstodeväťdesiatdeväťmiliónovdeväťstodeväťdesiatdeväťtisícomdeväťstédeväťdesiatomdeviatom,deväťdesiatich deviatich biliardách deväťstodeväťdesiatich deviatich biliónoch deväťstodeväťdesiatich deviatich miliardách deväťstodeväťdesiatich deviatich miliónoch deväťstodeväťdesiatdeväťtisícdeväťstodeväťdesiatich deviatich,tisíc and -tisíc compounds are invariable (tisíceho etc. are ordinals)
sk,cardinal,100000000000000000,masculine,nominative,stobiliárd,sto biliárd,spacing only
sk,cardinal,100000000000000000,masculine,genitive,stobiliardtého,sto biliárd,"milión/miliarda are nouns (milióna, dvoch miliónov), not ordinals"
sk,cardinal,100000000000000000,masculine,dative,stobiliardtému,sto biliardám,"milión/miliarda are nouns (milióna, dvoch miliónov), not ordinals"
sk,cardinal,100000000000000000,masculine,accusative,stobiliárd,sto biliárd,spacing only
sk,cardinal,100000000000000000,masculine,instrumental,stobiliardtým,sto biliardami,"milión/miliarda are nouns (milióna, dvoch miliónov), not ordinals"
sk,cardinal,100000000000000000,masculine,locative,stobiliardtom,sto biliardách,"milión/miliarda are nouns (milióna, dvoch miliónov), not ordinals"
sk,cardinal,100000000000000000,feminine,nominative,stobiliárd,sto biliárd,spacing only
sk,cardinal,100000000000000000,feminine,genitive,stobiliardtej,sto biliárd,"milión/miliarda are nouns (milióna, dvoch miliónov), not ordinals"
sk,cardinal,100000000000000000,feminine,dative,stobiliardtej,sto biliardám,"milión/miliarda are nouns (milióna, dvoch miliónov), not ordinals"
sk,cardinal,100000000000000000,feminine,accusative,stobiliárd,sto biliárd,spacing only
sk,cardinal,100000000000000000,feminine,instrumental,stobiliardtou,sto biliardami,"milión/miliarda are nouns (milióna, dvoch miliónov), not ordinals"
sk,cardinal,100000000000000000,feminine,locative,stobiliardtej,sto biliardách,"milión/miliarda are nouns (milióna, dvoch miliónov), not ordinals"
sk,cardinal,100000000000000000,neuter,nominative,stobiliárd,sto biliárd,spacing only
sk,cardinal,100000000000000000,neuter,genitive,stobiliardtého,sto biliárd,"milión/miliarda are nouns (milióna, dvoch miliónov), not ordinals"
sk,cardinal,100000000000000000,neuter,dative,stobiliardtému,sto biliardám,"milión/miliarda are nouns (milióna, dvoch miliónov), not ordinals"
sk,cardinal,100000000000000000,neuter,accusative,stobiliárd,sto biliárd,spacing only
sk,cardinal,100000000000000000,neuter,instrumental,stobiliardtým,sto biliardami,"milión/miliarda are nouns (milióna, dvoch miliónov), not ordinals"
sk,cardinal,100000000000000000,neuter,locative,stobiliardtom,sto biliardách,"milión/miliarda are nouns (milióna, dvoch miliónov), not ordinals"
sk,cardinal,500000000000000000,masculine,nominative,päťstobiliárd,päťsto biliárd,spacing only
sk,cardinal,500000000000000000,masculine,genitive,päťstobiliardtého,päťsto biliárd,"milión/miliarda are nouns (milióna, dvoch miliónov), not ordinals"
sk,cardinal,500000000000000000,masculine,dative,päťstobiliardtému,päťsto biliardám,"milión/miliarda are nouns (milióna, dvoch miliónov), not ordinals"
sk,cardinal,500000000000000000,masculine,accusative,päťstobiliárd,päťsto biliárd,spacing only
sk,cardinal,500000000000000000,masculine,instrumental,päťstobiliardtým,päťsto biliardami,"milión/miliarda are nouns (milióna, dvoch miliónov), not ordinals"
sk,cardinal,500000000000000000,masculine,locative,päťstobiliardtom,päťsto biliardách,"milión/miliarda are nouns (milióna, dvoch miliónov), not ordinals"
sk,cardinal,500000000000000000,feminine,nominative,päťstobiliárd,päťsto biliárd,spacing only
sk,cardinal,500000000000000000,feminine,genitive,päťstobiliardtej,päťsto biliárd,"milión/miliarda are nouns (milióna, dvoch miliónov), not ordinals"
sk,cardinal,500000000000000000,feminine,dative,päťstobiliardtej,päťsto biliardám,"milión/miliarda are nouns (milióna, dvoch miliónov), not ordinals"
sk,cardinal,500000000000000000,feminine,accusative,päťstobiliárd,päťsto biliárd,spacing only
sk,cardinal,500000000000000000,feminine,instrumental,päťstobiliardtou,päťsto biliardami,"milión/miliarda are nouns (milióna, dvoch miliónov), not ordinals"
sk,cardinal,500000000000000000,feminine,locative,päťstobiliardtej,päťsto biliardách,"milión/miliarda are nouns (milióna, dvoch miliónov), not ordinals"
sk,cardinal,500000000000000000,neuter,nominative,päťstobiliárd,päťsto biliárd,spacing only
sk,cardinal,500000000000000000,neuter,genitive,päťstobiliardtého,päťsto biliárd,"milión/miliarda are nouns (milióna, dvoch miliónov), not ordinals"
sk,cardinal,500000000000000000,neuter,dative,päťstobiliardtému,päťsto biliardám,"milión/miliarda are nouns (milióna, dvoch miliónov), not ordinals"
sk,cardinal,500000000000000000,neuter,accusative,päťstobiliárd,päťsto biliárd,spacing only
sk,cardinal,500000000000000000,neuter,instrumental,päťstobiliardtým,päťsto biliardami,"milión/miliarda are nouns (milióna, dvoch miliónov), not ordinals"
sk,cardinal,500000000000000000,neuter,locative,päťstobiliardtom,päťsto biliardách,"milión/miliarda are nouns (milióna, dvoch miliónov), not ordinals"
sk,cardinal,999999999999999999,masculine,nominative,deväťstodeväťdesiatdeväťbiliárddeväťstodeväťdesiatdeväťbiliónovdeväťstodeväťdesiatdeväťmiliárddeväťstodeväťdesiatdeväťmiliónovdeväťstodeväťdesiatdeväťtisícdeväťstodeväťdesiatdeväť,deväťstodeväťdesiatdeväť biliárd deväťstodeväťdesiatdeväť biliónov deväťstodeväťdesiatdeväť miliárd deväťstodeväťdesiatdeväť miliónov deväťstodeväťdesiatdeväťtisícdeväťstodeväťdesiatdeväť,spacing only
sk,cardinal,999999999999999999,masculine,genitive,deväťstodeväťdesiatdeväťbiliárddeväťstodeväťdesiatdeväťbiliónovdeväťstodeväťdesiatdeväťmiliárddeväťstodeväťdesiatdeväťmiliónovdeväťstodeväťdesiatdeväťtisícehodeväťstodeväťdesiatehodeviateho,deväťstodeväťdesiatich deviatich biliárd deväťstodeväťdesiatich deviatich biliónov deväťstodeväťdesiatich deviatich miliárd deväťstodeväťdesiatich deviatich miliónov deväťstodeväťdesiatdeväťtisícdeväťstodeväťdesiatich deviatich,tisíc and -tisíc compounds are invariable (tisíceho etc. are ordinals)
sk,cardinal,999999999999999999,masculine,dative,deväťstodeväťdesiatdeväťbiliárddeväťstodeväťdesiatdeväťbiliónovdeväťstodeväťdesiatdeväťmiliárddeväťstodeväťdesiatdeväťmiliónovdeväťstodeväťdesiatdeväťtisícemudeväťstodeväťdesiatemudeviatemu,deväťstodeväťdesiatim deviatim biliardám deväťstodeväťdesiatim deviatim biliónom deväťstodeväťdesiatim deviatim miliardám deväťstodeväťdesiatim deviatim miliónom deväťstodeväťdesiatdeväťtisícdeväťstodeväťdesiatim deviatim,tisíc and -tisíc compounds are invariable (tisíceho etc. are ordinals)
sk,cardinal,999999999999999999,masculine,accusative,deväťstodeväťdesiatdeväťbiliárddeväťstodeväťdesiatdeväťbiliónovdeväťstodeväťdesiatdeväťmiliárddeväťstodeväťdesiatdeväťmiliónovdeväťstodeväťdesiatdeväťtisícdeväťstodeväťdesiatdeväť,deväťstodeväťdesiatdeväť biliárd deväťstodeväťdesiatdeväť biliónov deväťstodeväťdesiatdeväť miliárd deväťstodeväťdesiatdeväť miliónov deväťstodeväťdesiatdeväťtisícdeväťstodeväťdesiatdeväť,spacing only
sk,cardinal,999999999999999999,masculine,instrumental,deväťstodeväťdesiatdeväťbiliárddeväťstodeväťdesiatdeväťbiliónovdeväťstodeväťdesiatdeväťmiliárddeväťstodeväťdesiatdeväťmiliónovdeväťstodeväťdesiatdeväťtisícimdeväťstodeväťdesiatymdeviatym,deväťstodeväťdesiatimi deviatimi biliardami deväťstodeväťdesiatimi deviatimi biliónmi deväťstodeväťdesiatimi deviatimi miliardami deväťstodeväťdesiatimi deviatimi miliónmi deväťstodeväťdesiatdeväťtisícdeväťstodeväťdesiatimi deviatimi,tisíc and -tisíc compounds are invariable (tisíceho etc. are ordinals)
sk,cardinal,999999999999999999,masculine,locative,deväťstodeväťdesiatdeväťbiliárddeväťstodeväťdesiatdeväťbiliónovdeväťstodeväťdesiatdeväťmiliárddeväťstodeväťdesiatdeväťmiliónovdeväťstodeväťdesiatdeväťtisícomdeväťstodeväťdesiatomdeviatom,deväťstodeväťdesiatich deviatich biliardách deväťstodeväťdesiatich deviatich biliónoch deväťstodeväťdesiatich deviatich miliardách deväťstodeväťdesiatich deviatich miliónoch deväťstodeväťdesiatdeväťtisícdeväťstodeväťdesiatich deviatich,tisíc and -tisíc compounds are invariable (tisíceho etc. are ordinals)
sk,cardinal,999999999999999999,feminine,nominative,deväťstodeväťdesiatdeväťbiliárddeväťstodeväťdesiatdeväťbiliónovdeväťstodeväťdesiatdeväťmiliárddeväťstodeväťdesiatdeväťmiliónovdeväťstodeväťdesiatdeväťtisícdeväťstádeväťdesiatdeväť,deväťstodeväťdesiatdeväť biliárd deväťstodeväťdesiatdeväť biliónov deväťstodeväťdesiatdeväť miliárd deväťstodeväťdesiatdeväť miliónov deväťstodeväťdesiatdeväťtisícdeväťstodeväťdesiatdeväť,"sto, dvesto… are invariable (stého/stá are ordinals)"
sk,cardinal,999999999999999999,feminine,genitive,deväťstodeväťdesiatdeväťbiliárddeväťstodeväťdesiatdeväťbiliónovdeväťstodeväťdesiatdeväťmiliárddeväťstodeväťdesiatdeväťmiliónovdeväťstodeväťdesiatdeväťtisícejdeväťstádeväťdesiatehodeviatej,deväťstodeväťdesiatich deviatich biliárd deväťstodeväťdesiatich deviatich biliónov deväťstodeväťdesiatich deviatich miliárd deväťstodeväťdesiatich deviatich miliónov deväťstodeväťdesiatdeväťtisícdeväťstodeväťdesiatich deviatich,tisíc and -tisíc compounds are invariable (tisíceho etc. are ordinals)
sk,cardinal,999999999999999999,feminine,dative,deväťstodeväťdesiatdeväťbiliárddeväťstodeväťdesiatdeväťbiliónovdeväťstodeväťdesiatdeväťmiliárddeväťstodeväťdesiatdeväťmiliónovdeväťstodeväťdesiatdeväťtisícejdeväťstádeväťdesiatemudeviatej,deväťstodeväťdesiatim deviatim biliardám deväťstodeväťdesiatim deviatim biliónom deväťstodeväťdesiatim deviatim miliardám deväťstodeväťdesiatim deviatim miliónom deväťstodeväťdesiatdeväťtisícdeväťstodeväťdesiatim deviatim,tisíc and -tisíc compounds are invariable (tisíceho etc. are ordinals)
sk,cardinal,999999999999999999,feminine,accusative,deväťstodeväťdesiatdeväťbiliárddeväťstodeväťdesiatdeväťbiliónovdeväťstodeväťdesiatdeväťmiliárddeväťstodeväťdesiatdeväťmiliónovdeväťstodeväťdesiatdeväťtisícdeväťstádeväťdesiatdeväť,deväťstodeväťdesiatdeväť biliárd deväťstodeväťdesiatdeväť biliónov deväťstodeväťdesiatdeväť miliárd deväťstodeväťdesiatdeväť miliónov deväťstodeväťdesiatdeväťtisícdeväťstodeväťdesiatdeväť,"sto, dvesto… are invariable (stého/stá are ordinals)"
sk,cardinal,999999999999999999,feminine,instrumental,deväťstodeväťdesiatdeväťbiliárddeväťstodeväťdesiatdeväťbiliónovdeväťstodeväťdesiatdeväťmiliárddeväťstodeväťdesiatdeväťmiliónovdeväťstodeväťdesiatdeväťtisícoudeväťstádeväťdesiatymdeviatou,deväťstodeväťdesiatimi deviatimi biliardami deväťstodeväťdesiatimi deviatimi biliónmi deväťstodeväťdesiatimi deviatimi miliardami deväťstodeväťdesiatimi deviatimi miliónmi deväťstodeväťdesiatdeväťtisícdeväťstodeväťdesiatimi deviatimi,tisíc and -tisíc compounds are invariable (tisíceho etc. are ordinals)
sk,cardinal,999999999999999999,feminine,locative,deväťstodeväťdesiatdeväťbiliárddeväťstodeväťdesiatdeväťbiliónovdeväťstodeväťdesiatdeväťmiliárddeväťstodeväťdesiatdeväťmiliónovdeväťstodeväťdesiatdeväťtisícejdeväťstádeväťdesiatomdeviatej,deväťstodeväťdesiatich deviatich biliardách deväťstodeväťdesiatich deviatich biliónoch deväťstodeväťdesiatich deviatich miliardách deväťstodeväťdesiatich deviatich miliónoch deväťstodeväťdesiatdeväťtisícdeväťstodeväťdesiatich deviatich,tisíc and -tisíc compounds are invariable (tisíceho etc. are ordinals)
sk,cardinal,999999999999999999,neuter,nominative,deväťstodeväťdesiatdeväťbiliárddeväťstodeväťdesiatdeväťbiliónovdeväťstodeväťdesiatdeväťmiliárddeväťstodeväťdesiatdeväťmiliónovdeväťstodeväťdesiatdeväťtisícdeväťstédeväťdesiatdeväť,deväťstodeväťdesiatdeväť biliárd deväťstodeväťdesiatdeväť biliónov deväťstodeväťdesiatdeväť miliárd deväťstodeväťdesiatdeväť miliónov deväťstodeväťdesiatdeväťtisícdeväťstodeväťdesiatdeväť,"sto, dvesto… are invariable (stého/stá are ordinals)"
sk,cardinal,999999999999999999,neuter,genitive,deväťstodeväťdesiatdeväťbiliárddeväťstodeväťdesiatdeväťbiliónovdeväťstodeväťdesiatdeväťmiliárddeväťstodeväťdesiatdeväťmiliónovdeväťstodeväťdesiatdeväťtisícehodeväťstédeväťdesiatehodeviateho,deväťstodeväťdesiatich deviatich biliárd deväťstodeväťdesiatich deviatich biliónov deväťstodeväťdesiatich deviatich miliárd deväťstodeväťdesiatich deviatich miliónov deväťstodeväťdesiatdeväťtisícdeväťstodeväťdesiatich deviatich,tisíc and -tisíc compounds are invariable (tisíceho etc. are ordinals)
sk,cardinal,999999999999999999,neuter,dative,deväťstodeväťdesiatdeväťbiliárddeväťstodeväťdesiatdeväťbiliónovdeväťstodeväťdesiatdeväťmiliárddeväťstodeväťdesiatdeväťmiliónovdeväťstodeväťdesiatdeväťtisícemudeväťstédeväťdesiatemudeviatemu,deväťstodeväťdesiatim deviatim biliardám deväťstodeväťdesiatim deviatim biliónom deväťstodeväťdesiatim deviatim miliardám deväťstodeväťdesiatim deviatim miliónom deväťstodeväťdesiatdeväťtisícdeväťstodeväťdesiatim deviatim,tisíc and -tisíc compounds are invariable (tisíceho etc. are ordinals)
sk,cardinal,999999999999999999,neuter,accusative,deväťstodeväťdesiatdeväťbiliárddeväťstodeväťdesiatdeväťbiliónovdeväťstodeväťdesiatdeväťmiliárddeväťstodeväťdesiatdeväťmiliónovdeväťstodeväťdesiatdeväťtisícdeväťstédeväťdesiatdeväť,deväťstodeväťdesiatdeväť biliárd deväťstodeväťdesiatdeväť biliónov deväťstodeväťdesiatdeväť miliárd deväťstodeväťdesiatdeväť miliónov deväťstodeväťdesiatdeväťtisícdeväťstodeväťdesiatdeväť,"sto, dvesto… are invariable (stého/stá are ordinals)"
sk,cardinal,999999999999999999,neuter,instrumental,deväťstodeväťdesiatdeväťbiliárddeväťstodeväťdesiatdeväťbiliónovdeväťstodeväťdesiatdeväťmiliárddeväťstodeväťdesiatdeväťmiliónovdeväťstodeväťdesiatdeväťtisícimdeväťstédeväťdesiatymdeviatym,deväťstodeväťdesiatimi deviatimi biliardami deväťstodeväťdesiatimi deviatimi biliónmi deväťstodeväťdesiatimi deviatimi miliardami deväťstodeväťdesiatimi deviatimi miliónmi deväťstodeväťdesiatdeväťtisícdeväťstodeväťdesiatimi deviatimi,tisíc and -tisíc compounds are invariable (tisíceho etc. are ordinals)
sk,cardinal,999999999999999999,neuter,locative,deväťstodeväťdesiatdeväťbiliárddeväťstodeväťdesiatdeväťbiliónovdeväťstodeväťdesiatdeväťmiliárddeväťstodeväťdesiatdeväťmiliónovdeväťstodeväťdesiatdeväťtisícomdeväťstédeväťdesiatomdeviatom,deväťstodeväťdesiatich deviatich biliardách deväťstodeväťdesiatich deviatich biliónoch deväťstodeväťdesiatich deviatich miliardách deväťstodeväťdesiatich deviatich miliónoch deväťstodeväťdesiatdeväťtisícdeväťstodeväťdesiatich deviatich,tisíc and -tisíc compounds are invariable (tisíceho etc. are ordinals)
sk,cardinal,1000000000000000000,masculine,genitive,triliónteho,trilióna,"milión/miliarda are nouns (milióna, dvoch miliónov), not ordinals"
sk,cardinal,1000000000000000000,masculine,dative,trilióntemu,triliónu,"milión/miliarda are nouns (milióna, dvoch miliónov), not ordinals"
sk,cardinal,1000000000000000000,masculine,instrumental,trilióntym,triliónom,"milión/miliarda are nouns (milióna, dvoch miliónov), not ordinals"
sk,cardinal,1000000000000000000,masculine,locative,trilióntom,trilióne,"milión/miliarda are nouns (milióna, dvoch miliónov), not ordinals"
sk,cardinal,1000000000000000000,feminine,genitive,trilióntej,trilióna,"milión/miliarda are nouns (milióna, dvoch miliónov), not ordinals"
sk,cardinal,1000000000000000000,feminine,dative,trilióntej,triliónu,"milión/miliarda are nouns (milióna, dvoch miliónov), not ordinals"
sk,cardinal,1000000000000000000,feminine,instrumental,trilióntou,triliónom,"milión/miliarda are nouns (milióna, dvoch miliónov), not ordinals"
sk,cardinal,1000000000000000000,feminine,locative,trilióntej,trilióne,"milión/miliarda are nouns (milióna, dvoch miliónov), not ordinals"
sk,cardinal,1000000000000000000,neuter,genitive,triliónteho,trilióna,"milión/miliarda are nouns (milióna, dvoch miliónov), not ordinals"
sk,cardinal,1000000000000000000,neuter,dative,trilióntemu,triliónu,"milión/miliarda are nouns (milióna, dvoch miliónov), not ordinals"
sk,cardinal,1000000000000000000,neuter,instrumental,trilióntym,triliónom,"milión/miliarda are nouns (milióna, dvoch miliónov), not ordinals"
sk,cardinal,1000000000000000000,neuter,locative,trilióntom,trilióne,"milión/miliarda are nouns (milióna, dvoch miliónov), not ordinals"
sk,cardinal,5000000000000000000,masculine,nominative,päťtriliónov,päť triliónov,spacing only
sk,cardinal,5000000000000000000,masculine,genitive,päťtriliónteho,piatich triliónov,"milión/miliarda are nouns (milióna, dvoch miliónov), not ordinals"
sk,cardinal,5000000000000000000,masculine,dative,päťtrilióntemu,piatim triliónom,"milión/miliarda are nouns (milióna, dvoch miliónov), not ordinals"
sk,cardinal,5000000000000000000,masculine,accusative,päťtriliónov,päť triliónov,spacing only
sk,cardinal,5000000000000000000,masculine,instrumental,päťtrilióntym,piatimi triliónmi,"milión/miliarda are nouns (milióna, dvoch miliónov), not ordinals"
sk,cardinal,5000000000000000000,masculine,locative,päťtrilióntom,piatich triliónoch,"milión/miliarda are nouns (milióna, dvoch miliónov), not ordinals"
sk,cardinal,5000000000000000000,feminine,nominative,päťtriliónov,päť triliónov,spacing only
sk,cardinal,5000000000000000000,feminine,genitive,päťtrilióntej,piatich triliónov,"milión/miliarda are nouns (milióna, dvoch miliónov), not ordinals"
sk,cardinal,5000000000000000000,feminine,dative,päťtrilióntej,piatim triliónom,"milión/miliarda are nouns (milióna, dvoch miliónov), not ordinals"
sk,cardinal,5000000000000000000,feminine,accusative,päťtriliónov,päť triliónov,spacing only
sk,cardinal,5000000000000000000,feminine,instrumental,päťtrilióntou,piatimi triliónmi,"milión/miliarda are nouns (milióna, dvoch miliónov), not ordinals"
sk,cardinal,5000000000000000000,feminine,locative,päťtrilióntej,piatich triliónoch,"milión/miliarda are nouns (milióna, dvoch miliónov), not ordinals"
sk,cardinal,5000000000000000000,neuter,nominative,päťtriliónov,päť triliónov,spacing only
sk,cardinal,5000000000000000000,neuter,genitive,päťtriliónteho,piatich triliónov,"milión/miliarda are nouns (milióna, dvoch miliónov), not ordinals"
sk,cardinal,5000000000000000000,neuter,dative,päťtrilióntemu,piatim triliónom,"milión/miliarda are nouns (milióna, dvoch miliónov), not ordinals"
sk,cardinal,5000000000000000000,neuter,accusative,päťtriliónov,päť triliónov,spacing only
sk,cardinal,5000000000000000000,neuter,instrumental,päťtrilióntym,piatimi triliónmi,"milión/miliarda are nouns (milióna, dvoch miliónov), not ordinals"
sk,cardinal,5000000000000000000,neuter,locative,päťtrilióntom,piatich triliónoch,"milión/miliarda are nouns (milióna, dvoch miliónov), not ordinals"
sk,cardinal,9999999999999999999,masculine,nominative,deväťtriliónovdeväťstodeväťdesiatdeväťbiliárddeväťstodeväťdesiatdeväťbiliónovdeväťstodeväťdesiatdeväťmiliárddeväťstodeväťdesiatdeväťmiliónovdeväťstodeväťdesiatdeväťtisícdeväťstodeväťdesiatdeväť,deväť triliónov deväťstodeväťdesiatdeväť biliárd deväťstodeväťdesiatdeväť biliónov deväťstodeväťdesiatdeväť miliárd deväťstodeväťdesiatdeväť miliónov deväťstodeväťdesiatdeväťtisícdeväťstodeväťdesiatdeväť,spacing only
sk,cardinal,9999999999999999999,masculine,genitive,deväťtriliónovdeväťstodeväťdesiatdeväťbiliárddeväťstodeväťdesiatdeväťbiliónovdeväťstodeväťdesiatdeväťmiliárddeväťstodeväťdesiatdeväťmiliónovdeväťstodeväťdesiatdeväťtisícehodeväťstodeväťdesiatehodeviateho,deviatich triliónov deväťstodeväťdesiatich deviatich biliárd deväťstodeväťdesiatich deviatich biliónov deväťstodeväťdesiatich deviatich miliárd deväťstodeväťdesiatich deviatich miliónov deväťstodeväťdesiatdeväťtisícdeväťstodeväťdesiatich deviatich,tisíc and -tisíc compounds are invariable (tisíceho etc. are ordinals)
sk,cardinal,9999999999999999999,masculine,dative,deväťtriliónovdeväťstodeväťdesiatdeväťbiliárddeväťstodeväťdesiatdeväťbiliónovdeväťstodeväťdesiatdeväťmiliárddeväťstodeväťdesiatdeväťmiliónovdeväťstodeväťdesiatdeväťtisícemudeväťstodeväťdesiatemudeviatemu,deviatim triliónom deväťstodeväťdesiatim deviatim biliardám deväťstodeväťdesiatim deviatim biliónom deväťstodeväťdesiatim deviatim miliardám deväťstodeväťdesiatim deviatim miliónom deväťstodeväťdesiatdeväťtisícdeväťstodeväťdesiatim deviatim,tisíc and -tisíc compounds are invariable (tisíceho etc. are ordinals)
sk,cardinal,9999999999999999999,masculine,accusative,deväťtriliónovdeväťstodeväťdesiatdeväťbiliárddeväťstodeväťdesiatdeväťbiliónovdeväťstodeväťdesiatdeväťmiliárddeväťstodeväťdesiatdeväťmiliónovdeväťstodeväťdesiatdeväťtisícdeväťstodeväťdesiatdeväť,deväť triliónov deväťstodeväťdesiatdeväť biliárd deväťstodeväťdesiatdeväť biliónov deväťstodeväťdesiatdeväť miliárd deväťstodeväťdesiatdeväť miliónov deväťstodeväťdesiatdeväťtisícdeväťstodeväťdesiatdeväť,spacing only
sk,cardinal,9999999999999999999,masculine,instrumental,deväťtriliónovdeväťstodeväťdesiatdeväťbiliárddeväťstodeväťdesiatdeväťbiliónovdeväťstodeväťdesiatdeväťmiliárddeväťstodeväťdesiatdeväťmiliónovdeväťstodeväťdesiatdeväťtisícimdeväťstodeväťdesiatymdeviatym,deviatimi triliónmi deväťstodeväťdesiatimi deviatimi biliardami deväťstodeväťdesiatimi deviatimi biliónmi deväťstodeväťdesiatimi deviatimi miliardami deväťstodeväťdesiatimi deviatimi miliónmi deväťstodeväťdesiatdeväťtisícdeväťstodeväťdesiatimi deviatimi,tisíc and -tisíc compounds are invariable (tisíceho etc. are ordinals)
sk,cardinal,9999999999999999999,masculine,locative,deväťtriliónovdeväťstodeväťdesiatdeväťbiliárddeväťstodeväťdesiatdeväťbiliónovdeväťstodeväťdesiatdeväťmiliárddeväťstodeväťdesiatdeväťmiliónovdeväťstodeväťdesiatdeväťtisícomdeväťstodeväťdesiatomdeviatom,deviatich triliónoch deväťstodeväťdesiatich deviatich biliardách deväťstodeväťdesiatich deviatich biliónoch deväťstodeväťdesiatich deviatich miliardách deväťstodeväťdesiatich deviatich miliónoch deväťstodeväťdesiatdeväťtisícdeväťstodeväťdesiatich deviatich,tisíc and -tisíc compounds are invariable (tisíceho etc. are ordinals)
sk,cardinal,9999999999999999999,feminine,nominative,deväťtriliónovdeväťstodeväťdesiatdeväťbiliárddeväťstodeväťdesiatdeväťbiliónovdeväťstodeväťdesiatdeväťmiliárddeväťstodeväťdesiatdeväťmiliónovdeväťstodeväťdesiatdeväťtisícdeväťstádeväťdesiatdeväť,deväť triliónov deväťstodeväťdesiatdeväť biliárd deväťstodeväťdesiatdeväť biliónov deväťstodeväťdesiatdeväť miliárd deväťstodeväťdesiatdeväť miliónov deväťstodeväťdesiatdeväťtisícdeväťstodeväťdesiatdeväť,"sto, dvesto… are invariable (stého/stá are ordinals)"
sk,cardinal,9999999999999999999,feminine,genitive,deväťtriliónovdeväťstodeväťdesiatdeväťbiliárddeväťstodeväťdesiatdeväťbiliónovdeväťstodeväťdesiatdeväťmiliárddeväťstodeväťdesiatdeväťmiliónovdeväťstodeväťdesiatdeväťtisícejdeväťstádeväťdesiatehodeviatej,deviatich triliónov deväťstodeväťdesiatich deviatich biliárd deväťstodeväťdesiatich deviatich biliónov deväťstodeväťdesiatich deviatich miliárd deväťstodeväťdesiatich deviatich miliónov deväťstodeväťdesiatdeväťtisícdeväťstodeväťdesiatich deviatich,tisíc and -tisíc compounds are invariable (tisíceho etc. are ordinals)
sk,cardinal,9999999999999999999,feminine,dative,deväťtriliónovdeväťstodeväťdesiatdeväťbiliárddeväťstodeväťdesiatdeväťbiliónovdeväťstodeväťdesiatdeväťmiliárddeväťstodeväťdesiatdeväťmiliónovdeväťstodeväťdesiatdeväťtisícejdeväťstádeväťdesiatemudeviatej,deviatim triliónom deväťstodeväťdesiatim deviatim biliardám deväťstodeväťdesiatim deviatim biliónom deväťstodeväťdesiatim deviatim miliardám deväťstodeväťdesiatim deviatim miliónom deväťstodeväťdesiatdeväťtisícdeväťstodeväťdesiatim deviatim,tisíc and -tisíc compounds are invariable (tisíceho etc. are ordinals)
sk,cardinal,9999999999999999999,feminine,accusative,deväťtriliónovdeväťstodeväťdesiatdeväťbiliárddeväťstodeväťdesiatdeväťbiliónovdeväťstodeväťdesiatdeväťmiliárddeväťstodeväťdesiatdeväťmiliónovdeväťstodeväťdesiatdeväťtisícdeväťstádeväťdesiatdeväť,deväť triliónov deväťstodeväťdesiatdeväť biliárd deväťstodeväťdesiatdeväť biliónov deväťstodeväťdesiatdeväť miliárd deväťstodeväťdesiatdeväť miliónov deväťstodeväťdesiatdeväťtisícdeväťstodeväťdesiatdeväť,"sto, dvesto… are invariable (stého/stá are ordinals)"
sk,cardinal,9999999999999999999,feminine,instrumental,deväťtriliónovdeväťstodeväťdesiatdeväťbiliárddeväťstodeväťdesiatdeväťbiliónovdeväťstodeväťdesiatdeväťmiliárddeväťstodeväťdesiatdeväťmiliónovdeväťstodeväťdesiatdeväťtisícoudeväťstádeväťdesiatymdeviatou,deviatimi triliónmi deväťstodeväťdesiatimi deviatimi biliardami deväťstodeväťdesiatimi deviatimi biliónmi deväťstodeväťdesiatimi deviatimi miliardami deväťstodeväťdesiatimi deviatimi miliónmi deväťstodeväťdesiatdeväťtisícdeväťstodeväťdesiatimi deviatimi,tisíc and -tisíc compounds are invariable (tisíceho etc. are ordinals)
sk,cardinal,9999999999999999999,feminine,locative,deväťtriliónovdeväťstodeväťdesiatdeväťbiliárddeväťstodeväťdesiatdeväťbiliónovdeväťstodeväťdesiatdeväťmiliárddeväťstodeväťdesiatdeväťmiliónovdeväťstodeväťdesiatdeväťtisícejdeväťstádeväťdesiatomdeviatej,deviatich triliónoch deväťstodeväťdesiatich deviatich biliardách deväťstodeväťdesiatich deviatich biliónoch deväťstodeväťdesiatich deviatich miliardách deväťstodeväťdesiatich deviatich miliónoch deväťstodeväťdesiatdeväťtisícdeväťstodeväťdesiatich deviatich,tisíc and -tisíc compounds are invariable (tisíceho etc. are ordinals)
sk,cardinal,9999999999999999999,neuter,nominative,deväťtriliónovdeväťstodeväťdesiatdeväťbiliárddeväťstodeväťdesiatdeväťbiliónovdeväťstodeväťdesiatdeväťmiliárddeväťstodeväťdesiatdeväťmiliónovdeväťstodeväťdesiatdeväťtisícdeväťstédeväťdesiatdeväť,deväť triliónov deväťstodeväťdesiatdeväť biliárd deväťstodeväťdesiatdeväť biliónov deväťstodeväťdesiatdeväť miliárd deväťstodeväťdesiatdeväť miliónov deväťstodeväťdesiatdeväťtisícdeväťstodeväťdesiatdeväť,"sto, dvesto… are invariable (stého/stá are ordinals)"
sk,cardinal,9999999999999999999,neuter,genitive,deväťtriliónovdeväťstodeväťdesiatdeväťbiliárddeväťstodeväťdesiatdeväťbiliónovdeväťstodeväťdesiatdeväťmiliárddeväťstodeväťdesiatdeväťmiliónovdeväťstodeväťdesiatdeväťtisícehodeväťstédeväťdesiatehodeviateho,deviatich triliónov deväťstodeväťdesiatich deviatich biliárd deväťstodeväťdesiatich deviatich biliónov deväťstodeväťdesiatich deviatich miliárd deväťstodeväťdesiatich deviatich miliónov deväťstodeväťdesiatdeväťtisícdeväťstodeväťdesiatich deviatich,tisíc and -tisíc compounds are invariable (tisíceho etc. are ordinals)
sk,cardinal,9999999999999999999,neuter,dative,deväťtriliónovdeväťstodeväťdesiatdeväťbiliárddeväťstodeväťdesiatdeväťbiliónovdeväťstodeväťdesiatdeväťmiliárddeväťstodeväťdesiatdeväťmiliónovdeväťstodeväťdesiatdeväťtisícemudeväťstédeväťdesiatemudeviatemu,deviatim triliónom deväťstodeväťdesiatim deviatim biliardám deväťstodeväťdesiatim deviatim biliónom deväťstodeväťdesiatim deviatim miliardám deväťstodeväťdesiatim deviatim miliónom deväťstodeväťdesiatdeväťtisícdeväťstodeväťdesiatim deviatim,tisíc and -tisíc compounds are invariable (tisíceho etc. are ordinals)
sk,cardinal,9999999999999999999,neuter,accusative,deväťtriliónovdeväťstodeväťdesiatdeväťbiliárddeväťstodeväťdesiatdeväťbiliónovdeväťstodeväťdesiatdeväťmiliárddeväťstodeväťdesiatdeväťmiliónovdeväťstodeväťdesiatdeväťtisícdeväťstédeväťdesiatdeväť,deväť triliónov deväťstodeväťdesiatdeväť biliárd deväťstodeväťdesiatdeväť biliónov deväťstodeväťdesiatdeväť miliárd deväťstodeväťdesiatdeväť miliónov deväťstodeväťdesiatdeväťtisícdeväťstodeväťdesiatdeväť,"sto, dvesto… are invariable (stého/stá are ordinals)"
sk,cardinal,9999999999999999999,neuter,instrumental,deväťtriliónovdeväťstodeväťdesiatdeväťbiliárddeväťstodeväťdesiatdeväťbiliónovdeväťstodeväťdesiatdeväťmiliárddeväťstodeväťdesiatdeväťmiliónovdeväťstodeväťdesiatdeväťtisícimdeväťstédeväťdesiatymdeviatym,deviatimi triliónmi deväťstodeväťdesiatimi deviatimi biliardami deväťstodeväťdesiatimi deviatimi biliónmi deväťstodeväťdesiatimi deviatimi miliardami deväťstodeväťdesiatimi deviatimi miliónmi deväťstodeväťdesiatdeväťtisícdeväťstodeväťdesiatimi deviatimi,tisíc and -tisíc compounds are invariable (tisíceho etc. are ordinals)
sk,cardinal,9999999999999999999,neuter,locative,deväťtriliónovdeväťstodeväťdesiatdeväťbiliárddeväťstodeväťdesiatdeväťbiliónovdeväťstodeväťdesiatdeväťmiliárddeväťstodeväťdesiatdeväťmiliónovdeväťstodeväťdesiatdeväťtisícomdeväťstédeväťdesiatomdeviatom,deviatich triliónoch deväťstodeväťdesiatich deviatich biliardách deväťstodeväťdesiatich deviatich biliónoch deväťstodeväťdesiatich deviatich miliardách deväťstodeväťdesiatich deviatich miliónoch deväťstodeväťdesiatdeväťtisícdeväťstodeväťdesiatich deviatich,tisíc and -tisíc compounds are invariable (tisíceho etc. are ordinals)
sk,ordinal,1,masculine,accusative,prvého,prvý,masc. accusative: inanimate by default (animacy= gives the old form)
sk,ordinal,2,masculine,accusative,druhého,druhý,masc. accusative: inanimate by default (animacy= gives the old form)
sk,ordinal,3,masculine,accusative,tretieho,tretí,masc. accusative: inanimate by default (animacy= gives the old form)
sk,ordinal,4,masculine,accusative,štvrtého,štvrtý,masc. accusative: inanimate by default (animacy= gives the old form)
sk,ordinal,5,masculine,accusative,piateho,piaty,masc. accusative: inanimate by default (animacy= gives the old form)
sk,ordinal,6,masculine,accusative,šiesteho,šiesty,masc. accusative: inanimate by default (animacy= gives the old form)
sk,ordinal,7,masculine,accusative,siedmeho,siedmy,masc. accusative: inanimate by default (animacy= gives the old form)
sk,ordinal,8,masculine,accusative,ôsmeho,ôsmy,masc. accusative: inanimate by default (animacy= gives the old form)
sk,ordinal,9,masculine,accusative,deviateho,deviaty,masc. accusative: inanimate by default (animacy= gives the old form)
sk,ordinal,10,masculine,accusative,desiateho,desiaty,masc. accusative: inanimate by default (animacy= gives the old form)
sk,ordinal,11,masculine,accusative,jedenásteho,jedenásty,masc. accusative: inanimate by default (animacy= gives the old form)
sk,ordinal,12,masculine,accusative,dvanásteho,dvanásty,masc. accusative: inanimate by default (animacy= gives the old form)
sk,ordinal,13,masculine,accusative,trinásteho,trinásty,masc. accusative: inanimate by default (animacy= gives the old form)
sk,ordinal,14,masculine,accusative,štrnásteho,štrnásty,masc. accusative: inanimate by default (animacy= gives the old form)
sk,ordinal,15,masculine,accusative,pätnásteho,pätnásty,masc. accusative: inanimate by default (animacy= gives the old form)
sk,ordinal,16,masculine,accusative,šestnásteho,šestnásty,masc. accusative: inanimate by default (animacy= gives the old form)
sk,ordinal,17,masculine,accusative,sedemnásteho,sedemnásty,masc. accusative: inanimate by default (animacy= gives the old form)
sk,ordinal,18,masculine,accusative,osemnásteho,osemnásty,masc. accusative: inanimate by default (animacy= gives the old form)
sk,ordinal,19,masculine,accusative,devätnásteho,devätnásty,masc. accusative: inanimate by default (animacy= gives the old form)
sk,ordinal,20,masculine,accusative,dvadsiateho,dvadsiaty,masc. accusative: inanimate by default (animacy= gives the old form)
sk,ordinal,21,masculine,nominative,dvadsiatyprvý,dvadsiaty prvý,spacing only
sk,ordinal,21,masculine,genitive,dvadsiatehoprvého,dvadsiateho prvého,spacing only
sk,ordinal,21,masculine,dative,dvadsiatemuprvému,dvadsiatemu prvému,spacing only
sk,ordinal,21,masculine,accusative,dvadsiatehoprvého,dvadsiaty prvý,masc. accusative: inanimate by default (animacy= gives the old form)
sk,ordinal,21,masculine,instrumental,dvadsiatymprvým,dvadsiatym prvým,spacing only
sk,ordinal,21,masculine,locative,dvadsiatomprvom,dvadsiatom prvom,spacing only
sk,ordinal,21,feminine,nominative,dvadsiataprvá,dvadsiata prvá,spacing only
sk,ordinal,21,feminine,genitive,dvadsiatejprvej,dvadsiatej prvej,spacing only
sk,ordinal,21,feminine,dative,dvadsiatejprvej,dvadsiatej prvej,spacing only
sk,ordinal,21,feminine,accusative,dvadsiatuprvú,dvadsiatu prvú,spacing only
sk,ordinal,21,feminine,instrumental,dvadsiatouprvou,dvadsiatou prvou,spacing only
sk,ordinal,21,feminine,locative,dvadsiatejprvej,dvadsiatej prvej,spacing only
sk,ordinal,21,neuter,nominative,dvadsiateprvé,dvadsiate prvé,spacing only
sk,ordinal,21,neuter,genitive,dvadsiatehoprvého,dvadsiateho prvého,spacing only
sk,ordinal,21,neuter,dative,dvadsiatemuprvému,dvadsiatemu prvému,spacing only
sk,ordinal,21,neuter,accusative,dvadsiateprvé,dvadsiate prvé,spacing only
sk,ordinal,21,neuter,instrumental,dvadsiatymprvým,dvadsiatym prvým,spacing only
sk,ordinal,21,neuter,locative,dvadsiatomprvom,dvadsiatom prvom,spacing only
sk,ordinal,22,masculine,nominative,dvadsiatydruhý,dvadsiaty druhý,spacing only
sk,ordinal,22,masculine,genitive,dvadsiatehodruhého,dvadsiateho druhého,spacing only
sk,ordinal,22,masculine,dative,dvadsiatemudruhému,dvadsiatemu druhému,spacing only
sk,ordinal,22,masculine,accusative,dvadsiatehodruhého,dvadsiaty druhý,masc. accusative: inanimate by default (animacy= gives the old form)
sk,ordinal,22,masculine,instrumental,dvadsiatymdruhým,dvadsiatym druhým,spacing only
sk,ordinal,22,masculine,locative,dvadsiatomdruhom,dvadsiatom druhom,spacing only
sk,ordinal,22,feminine,nominative,dvadsiatadruhá,dvadsiata druhá,spacing only
sk,ordinal,22,feminine,genitive,dvadsiatejdruhej,dvadsiatej druhej,spacing only
sk,ordinal,22,feminine,dative,dvadsiatejdruhej,dvadsiatej druhej,spacing only
sk,ordinal,22,feminine,accusative,dvadsiatudruhú,dvadsiatu druhú,spacing only
sk,ordinal,22,feminine,instrumental,dvadsiatoudruhou,dvadsiatou druhou,spacing only
sk,ordinal,22,feminine,locative,dvadsiatejdruhej,dvadsiatej druhej,spacing only
sk,ordinal,22,neuter,nominative,dvadsiatedruhé,dvadsiate druhé,spacing only
sk,ordinal,22,neuter,genitive,dvadsiatehodruhého,dvadsiateho druhého,spacing only
sk,ordinal,22,neuter,dative,dvadsiatemudruhému,dvadsiatemu druhému,spacing only
sk,ordinal,22,neuter,accusative,dvadsiatedruhé,dvadsiate druhé,spacing only
sk,ordinal,22,neuter,instrumental,dvadsiatymdruhým,dvadsiatym druhým,spacing only
sk,ordinal,22,neuter,locative,dvadsiatomdruhom,dvadsiatom druhom,spacing only
sk,ordinal,30,masculine,accusative,tridsiateho,tridsiaty,masc. accusative: inanimate by default (animacy= gives the old form)
sk,ordinal,33,masculine,nominative,tridsiatytretí,tridsiaty tretí,spacing only
sk,ordinal,33,masculine,genitive,tridsiatehotretieho,tridsiateho tretieho,spacing only
sk,ordinal,33,masculine,dative,tridsiatemutretiemu,tridsiatemu tretiemu,spacing only
sk,ordinal,33,masculine,accusative,tridsiatehotretieho,tridsiaty tretí,masc. accusative: inanimate by default (animacy= gives the old form)
sk,ordinal,33,masculine,instrumental,tridsiatymtretím,tridsiatym tretím,spacing only
sk,ordinal,33,masculine,locative,tridsiatomtreťom,tridsiatom treťom,spacing only
sk,ordinal,33,feminine,nominative,tridsiatatretia,tridsiata tretia,spacing only
sk,ordinal,33,feminine,genitive,tridsiatejtretej,tridsiatej tretej,spacing only
sk,ordinal,33,feminine,dative,tridsiatejtretej,tridsiatej tretej,spacing only
sk,ordinal,33,feminine,accusative,tridsiatutretiu,tridsiatu tretiu,spacing only
sk,ordinal,33,feminine,instrumental,tridsiatoutreťou,tridsiatou treťou,spacing only
sk,ordinal,33,feminine,locative,tridsiatejtretej,tridsiatej tretej,spacing only
sk,ordinal,33,neuter,nominative,tridsiatetretie,tridsiate tretie,spacing only
sk,ordinal,33,neuter,genitive,tridsiatehotretieho,tridsiateho tretieho,spacing only
sk,ordinal,33,neuter,dative,tridsiatemutretiemu,tridsiatemu tretiemu,spacing only
sk,ordinal,33,neuter,accusative,tridsiatetretie,tridsiate tretie,spacing only
sk,ordinal,33,neuter,instrumental,tridsiatymtretím,tridsiatym tretím,spacing only
sk,ordinal,33,neuter,locative,tridsiatomtreťom,tridsiatom treťom,spacing only
sk,ordinal,40,masculine,accusative,štyridsiateho,štyridsiaty,masc. accusative: inanimate by default (animacy= gives the old form)
sk,ordinal,44,masculine,nominative,štyridsiatyštvrtý,štyridsiaty štvrtý,spacing only
sk,ordinal,44,masculine,genitive,štyridsiatehoštvrtého,štyridsiateho štvrtého,spacing only
sk,ordinal,44,masculine,dative,štyridsiatemuštvrtému,štyridsiatemu štvrtému,spacing only
sk,ordinal,44,masculine,accusative,štyridsiatehoštvrtého,štyridsiaty štvrtý,masc. accusative: inanimate by default (animacy= gives the old form)
sk,ordinal,44,masculine,instrumental,štyridsiatymštvrtým,štyridsiatym štvrtým,spacing only
sk,ordinal,44,masculine,locative,štyridsiatomštvrtom,štyridsiatom štvrtom,spacing only
sk,ordinal,44,feminine,nominative,štyridsiataštvrtá,štyridsiata štvrtá,spacing only
sk,ordinal,44,feminine,genitive,štyridsiatejštvrtej,štyridsiatej štvrtej,spacing only
sk,ordinal,44,feminine,dative,štyridsiatejštvrtej,štyridsiatej štvrtej,spacing only
sk,ordinal,44,feminine,accusative,štyridsiatuštvrtú,štyridsiatu štvrtú,spacing only
sk,ordinal,44,feminine,instrumental,štyridsiatouštvrtou,štyridsiatou štvrtou,spacing only
sk,ordinal,44,feminine,locative,štyridsiatejštvrtej,štyridsiatej štvrtej,spacing only
sk,ordinal,44,neuter,nominative,štyridsiateštvrté,štyridsiate štvrté,spacing only
sk,ordinal,44,neuter,genitive,štyridsiatehoštvrtého,štyridsiateho štvrtého,spacing only
sk,ordinal,44,neuter,dative,štyridsiatemuštvrtému,štyridsiatemu štvrtému,spacing only
sk,ordinal,44,neuter,accusative,štyridsiateštvrté,štyridsiate štvrté,spacing only
sk,ordinal,44,neuter,instrumental,štyridsiatymštvrtým,štyridsiatym štvrtým,spacing only
sk,ordinal,44,neuter,locative,štyridsiatomštvrtom,štyridsiatom štvrtom,spacing only
sk,ordinal,50,masculine,accusative,päťdesiateho,päťdesiaty,masc. accusative: inanimate by default (animacy= gives the old form)
sk,ordinal,55,masculine,nominative,päťdesiatypiaty,päťdesiaty piaty,spacing only
sk,ordinal,55,masculine,genitive,päťdesiatehopiateho,päťdesiateho piateho,spacing only
sk,ordinal,55,masculine,dative,päťdesiatemupiatemu,päťdesiatemu piatemu,spacing only
sk,ordinal,55,masculine,accusative,päťdesiatehopiateho,päťdesiaty piaty,masc. accusative: inanimate by default (animacy= gives the old form)
sk,ordinal,55,masculine,instrumental,päťdesiatympiatym,päťdesiatym piatym,spacing only
sk,ordinal,55,masculine,locative,päťdesiatompiatom,päťdesiatom piatom,spacing only
sk,ordinal,55,feminine,nominative,päťdesiatapiata,päťdesiata piata,spacing only
sk,ordinal,55,feminine,genitive,päťdesiatejpiatej,päťdesiatej piatej,spacing only
sk,ordinal,55,feminine,dative,päťdesiatejpiatej,päťdesiatej piatej,spacing only
sk,ordinal,55,feminine,accusative,päťdesiatupiatu,päťdesiatu piatu,spacing only
sk,ordinal,55,feminine,instrumental,päťdesiatoupiatou,päťdesiatou piatou,spacing only
sk,ordinal,55,feminine,locative,päťdesiatejpiatej,päťdesiatej piatej,spacing only
sk,ordinal,55,neuter,nominative,päťdesiatepiate,päťdesiate piate,spacing only
sk,ordinal,55,neuter,genitive,päťdesiatehopiateho,päťdesiateho piateho,spacing only
sk,ordinal,55,neuter,dative,päťdesiatemupiatemu,päťdesiatemu piatemu,spacing only
sk,ordinal,55,neuter,accusative,päťdesiatepiate,päťdesiate piate,spacing only
sk,ordinal,55,neuter,instrumental,päťdesiatympiatym,päťdesiatym piatym,spacing only
sk,ordinal,55,neuter,locative,päťdesiatompiatom,päťdesiatom piatom,spacing only
sk,ordinal,60,masculine,accusative,šesťdesiateho,šesťdesiaty,masc. accusative: inanimate by default (animacy= gives the old form)
sk,ordinal,70,masculine,accusative,sedemdesiateho,sedemdesiaty,masc. accusative: inanimate by default (animacy= gives the old form)
sk,ordinal,80,masculine,accusative,osemdesiateho,osemdesiaty,masc. accusative: inanimate by default (animacy= gives the old form)
sk,ordinal,90,masculine,accusative,deväťdesiateho,deväťdesiaty,masc. accusative: inanimate by default (animacy= gives the old form)
sk,ordinal,99,masculine,nominative,deväťdesiatydeviaty,deväťdesiaty deviaty,spacing only
sk,ordinal,99,masculine,genitive,deväťdesiatehodeviateho,deväťdesiateho deviateho,spacing only
sk,ordinal,99,masculine,dative,deväťdesiatemudeviatemu,deväťdesiatemu deviatemu,spacing only
sk,ordinal,99,masculine,accusative,deväťdesiatehodeviateho,deväťdesiaty deviaty,masc. accusative: inanimate by default (animacy= gives the old form)
sk,ordinal,99,masculine,instrumental,deväťdesiatymdeviatym,deväťdesiatym deviatym,spacing only
sk,ordinal,99,masculine,locative,deväťdesiatomdeviatom,deväťdesiatom deviatom,spacing only
sk,ordinal,99,feminine,nominative,deväťdesiatadeviata,deväťdesiata deviata,spacing only
sk,ordinal,99,feminine,genitive,deväťdesiatejdeviatej,deväťdesiatej deviatej,spacing only
sk,ordinal,99,feminine,dative,deväťdesiatejdeviatej,deväťdesiatej deviatej,spacing only
sk,ordinal,99,feminine,accusative,deväťdesiatudeviatu,deväťdesiatu deviatu,spacing only
sk,ordinal,99,feminine,instrumental,deväťdesiatoudeviatou,deväťdesiatou deviatou,spacing only
sk,ordinal,99,feminine,locative,deväťdesiatejdeviatej,deväťdesiatej deviatej,spacing only
sk,ordinal,99,neuter,nominative,deväťdesiatedeviate,deväťdesiate deviate,spacing only
sk,ordinal,99,neuter,genitive,deväťdesiatehodeviateho,deväťdesiateho deviateho,spacing only
sk,ordinal,99,neuter,dative,deväťdesiatemudeviatemu,deväťdesiatemu deviatemu,spacing only
sk,ordinal,99,neuter,accusative,deväťdesiatedeviate,deväťdesiate deviate,spacing only
sk,ordinal,99,neuter,instrumental,deväťdesiatymdeviatym,deväťdesiatym deviatym,spacing only
sk,ordinal,99,neuter,locative,deväťdesiatomdeviatom,deväťdesiatom deviatom,spacing only
sk,ordinal,100,masculine,accusative,stého,stý,masc. accusative: inanimate by default (animacy= gives the old form)
sk,ordinal,101,masculine,nominative,stýprvý,stoprvý,"compound ordinals: cardinal prefixes, tens and units apart (stoprvý, stodvadsiaty prvý)"
sk,ordinal,101,masculine,genitive,stýprvého,stoprvého,"compound ordinals: cardinal prefixes, tens and units apart (stoprvý, stodvadsiaty prvý)"
sk,ordinal,101,masculine,dative,stýprvému,stoprvému,"compound ordinals: cardinal prefixes, tens and units apart (stoprvý, stodvadsiaty prvý)"
sk,ordinal,101,masculine,accusative,stýprvého,stoprvý,"compound ordinals: cardinal prefixes, tens and units apart (stoprvý, stodvadsiaty prvý)"
sk,ordinal,101,masculine,instrumental,stýprvým,stoprvým,"compound ordinals: cardinal prefixes, tens and units apart (stoprvý, stodvadsiaty prvý)"
sk,ordinal,101,masculine,locative,stýprvom,stoprvom,"compound ordinals: cardinal prefixes, tens and units apart (stoprvý, stodvadsiaty prvý)"
sk,ordinal,101,feminine,nominative,stáprvá,stoprvá,"compound ordinals: cardinal prefixes, tens and units apart (stoprvý, stodvadsiaty prvý)"
sk,ordinal,101,feminine,genitive,stáprvej,stoprvej,"compound ordinals: cardinal prefixes, tens and units apart (stoprvý, stodvadsiaty prvý)"
sk,ordinal,101,feminine,dative,stáprvej,stoprvej,"compound ordinals: cardinal prefixes, tens and units apart (stoprvý, stodvadsiaty prvý)"
sk,ordinal,101,feminine,accusative,stáprvú,stoprvú,"compound ordinals: cardinal prefixes, tens and units apart (stoprvý, stodvadsiaty prvý)"
sk,ordinal,101,feminine,instrumental,stáprvou,stoprvou,"compound ordinals: cardinal prefixes, tens and units apart (stoprvý, stodvadsiaty prvý)"
sk,ordinal,101,feminine,locative,stáprvej,stoprvej,"compound ordinals: cardinal prefixes, tens and units apart (stoprvý, stodvadsiaty prvý)"
sk,ordinal,101,neuter,nominative,stéprvé,stoprvé,"compound ordinals: cardinal prefixes, tens and units apart (stoprvý, stodvadsiaty prvý)"
sk,ordinal,101,neuter,genitive,stéprvého,stoprvého,"compound ordinals: cardinal prefixes, tens and units apart (stoprvý, stodvadsiaty prvý)"
sk,ordinal,101,neuter,dative,stéprvému,stoprvému,"compound ordinals: cardinal prefixes, tens and units apart (stoprvý, stodvadsiaty prvý)"
sk,ordinal,101,neuter,accusative,stéprvé,stoprvé,"compound ordinals: cardinal prefixes, tens and units apart (stoprvý, stodvadsiaty prvý)"
sk,ordinal,101,neuter,instrumental,stéprvým,stoprvým,"compound ordinals: cardinal prefixes, tens and units apart (stoprvý, stodvadsiaty prvý)"
sk,ordinal,101,neuter,locative,stéprvom,stoprvom,"compound ordinals: cardinal prefixes, tens and units apart (stoprvý, stodvadsiaty prvý)"
sk,ordinal,111,masculine,nominative,stýjedenásty,stojedenásty,"compound ordinals: cardinal prefixes, tens and units apart (stoprvý, stodvadsiaty prvý)"
sk,ordinal,111,masculine,genitive,stýjedenásteho,stojedenásteho,"compound ordinals: cardinal prefixes, tens and units apart (stoprvý, stodvadsiaty prvý)"
sk,ordinal,111,masculine,dative,stýjedenástemu,stojedenástemu,"compound ordinals: cardinal prefixes, tens and units apart (stoprvý, stodvadsiaty prvý)"
sk,ordinal,111,masculine,accusative,stýjedenásteho,stojedenásty,"compound ordinals: cardinal prefixes, tens and units apart (stoprvý, stodvadsiaty prvý)"
sk,ordinal,111,masculine,instrumental,stýjedenástym,stojedenástym,"compound ordinals: cardinal prefixes, tens and units apart (stoprvý, stodvadsiaty prvý)"
sk,ordinal,111,masculine,locative,stýjedenástom,stojedenástom,"compound ordinals: cardinal prefixes, tens and units apart (stoprvý, stodvadsiaty prvý)"
sk,ordinal,111,feminine,nominative,stájedenásta,stojedenásta,"compound ordinals: cardinal prefixes, tens and units apart (stoprvý, stodvadsiaty prvý)"
sk,ordinal,111,feminine,genitive,stájedenástej,stojedenástej,"compound ordinals: cardinal prefixes, tens and units apart (stoprvý, stodvadsiaty prvý)"
sk,ordinal,111,feminine,dative,stájedenástej,stojedenástej,"compound ordinals: cardinal prefixes, tens and units apart (stoprvý, stodvadsiaty prvý)"
sk,ordinal,111,feminine,accusative,stájedenástu,stojedenástu,"compound ordinals: cardinal prefixes, tens and units apart (stoprvý, stodvadsiaty prvý)"
sk,ordinal,111,feminine,instrumental,stájedenástou,stojedenástou,"compound ordinals: cardinal prefixes, tens and units apart (stoprvý, stodvadsiaty prvý)"
sk,ordinal,111,feminine,locative,stájedenástej,stojedenástej,"compound ordinals: cardinal prefixes, tens and units apart (stoprvý, stodvadsiaty prvý)"
sk,ordinal,111,neuter,nominative,stéjedenáste,stojedenáste,"compound ordinals: cardinal prefixes, tens and units apart (stoprvý, stodvadsiaty prvý)"
sk,ordinal,111,neuter,genitive,stéjedenásteho,stojedenásteho,"compound ordinals: cardinal prefixes, tens and units apart (stoprvý, stodvadsiaty prvý)"
sk,ordinal,111,neuter,dative,stéjedenástemu,stojedenástemu,"compound ordinals: cardinal prefixes, tens and units apart (stoprvý, stodvadsiaty prvý)"
sk,ordinal,111,neuter,accusative,stéjedenáste,stojedenáste,"compound ordinals: cardinal prefixes, tens and units apart (stoprvý, stodvadsiaty prvý)"
sk,ordinal,111,neuter,instrumental,stéjedenástym,stojedenástym,"compound ordinals: cardinal prefixes, tens and units apart (stoprvý, stodvadsiaty prvý)"
sk,ordinal,111,neuter,locative,stéjedenástom,stojedenástom,"compound ordinals: cardinal prefixes, tens and units apart (stoprvý, stodvadsiaty prvý)"
sk,ordinal,121,masculine,nominative,stýdvadsiatyprvý,stodvadsiaty prvý,"compound ordinals: cardinal prefixes, tens and units apart (stoprvý, stodvadsiaty prvý)"
sk,ordinal,121,masculine,genitive,stýdvadsiatehoprvého,stodvadsiateho prvého,"compound ordinals: cardinal prefixes, tens and units apart (stoprvý, stodvadsiaty prvý)"
sk,ordinal,121,masculine,dative,stýdvadsiatemuprvému,stodvadsiatemu prvému,"compound ordinals: cardinal prefixes, tens and units apart (stoprvý, stodvadsiaty prvý)"
sk,ordinal,121,masculine,accusative,stýdvadsiatehoprvého,stodvadsiaty prvý,"compound ordinals: cardinal prefixes, tens and units apart (stoprvý, stodvadsiaty prvý)"
sk,ordinal,121,masculine,instrumental,stýdvadsiatymprvým,stodvadsiatym prvým,"compound ordinals: cardinal prefixes, tens and units apart (stoprvý, stodvadsiaty prvý)"
sk,ordinal,121,masculine,locative,stýdvadsiatomprvom,stodvadsiatom prvom,"compound ordinals: cardinal prefixes, tens and units apart (stoprvý, stodvadsiaty prvý)"
sk,ordinal,121,feminine,nominative,stádvadsiataprvá,stodvadsiata prvá,"compound ordinals: cardinal prefixes, tens and units apart (stoprvý, stodvadsiaty prvý)"
sk,ordinal,121,feminine,genitive,stádvadsiatejprvej,stodvadsiatej prvej,"compound ordinals: cardinal prefixes, tens and units apart (stoprvý, stodvadsiaty prvý)"
sk,ordinal,121,feminine,dative,stádvadsiatejprvej,stodvadsiatej prvej,"compound ordinals: cardinal prefixes, tens and units apart (stoprvý, stodvadsiaty prvý)"
sk,ordinal,121,feminine,accusative,stádvadsiatuprvú,stodvadsiatu prvú,"compound ordinals: cardinal prefixes, tens and units apart (stoprvý, stodvadsiaty prvý)"
sk,ordinal,121,feminine,instrumental,stádvadsiatouprvou,stodvadsiatou prvou,"compound ordinals: cardinal prefixes, tens and units apart (stoprvý, stodvadsiaty prvý)"
sk,ordinal,121,feminine,locative,stádvadsiatejprvej,stodvadsiatej prvej,"compound ordinals: cardinal prefixes, tens and units apart (stoprvý, stodvadsiaty prvý)"
sk,ordinal,121,neuter,nominative,stédvadsiateprvé,stodvadsiate prvé,"compound ordinals: cardinal prefixes, tens and units apart (stoprvý, stodvadsiaty prvý)"
sk,ordinal,121,neuter,genitive,stédvadsiatehoprvého,stodvadsiateho prvého,"compound ordinals: cardinal prefixes, tens and units apart (stoprvý, stodvadsiaty prvý)"
sk,ordinal,121,neuter,dative,stédvadsiatemuprvému,stodvadsiatemu prvému,"compound ordinals: cardinal prefixes, tens and units apart (stoprvý, stodvadsiaty prvý)"
sk,ordinal,121,neuter,accusative,stédvadsiateprvé,stodvadsiate prvé,"compound ordinals: cardinal prefixes, tens and units apart (stoprvý, stodvadsiaty prvý)"
sk,ordinal,121,neuter,instrumental,stédvadsiatymprvým,stodvadsiatym prvým,"compound ordinals: cardinal prefixes, tens and units apart (stoprvý, stodvadsiaty prvý)"
sk,ordinal,121,neuter,locative,stédvadsiatomprvom,stodvadsiatom prvom,"compound ordinals: cardinal prefixes, tens and units apart (stoprvý, stodvadsiaty prvý)"
sk,ordinal,200,masculine,nominative,dvojstý,dvestý,"200th, 2000th, …: the frequent dvestý, dvetisíci (native review)"
sk,ordinal,200,masculine,genitive,dvojstého,dvestého,"200th, 2000th, …: the frequent dvestý, dvetisíci (native review)"
sk,ordinal,200,masculine,dative,dvojstému,dvestému,"200th, 2000th, …: the frequent dvestý, dvetisíci (native review)"
sk,ordinal,200,masculine,accusative,dvojstého,dvestý,"200th, 2000th, …: the frequent dvestý, dvetisíci (native review)"
sk,ordinal,200,masculine,instrumental,dvojstým,dvestým,"200th, 2000th, …: the frequent dvestý, dvetisíci (native review)"
sk,ordinal,200,masculine,locative,dvojstom,dvestom,"200th, 2000th, …: the frequent dvestý, dvetisíci (native review)"
sk,ordinal,200,feminine,nominative,dvojstá,dvestá,"200th, 2000th, …: the frequent dvestý, dvetisíci (native review)"
sk,ordinal,200,feminine,genitive,dvojstej,dvestej,"200th, 2000th, …: the frequent dvestý, dvetisíci (native review)"
sk,ordinal,200,feminine,dative,dvojstej,dvestej,"200th, 2000th, …: the frequent dvestý, dvetisíci (native review)"
sk,ordinal,200,feminine,accusative,dvojstú,dvestú,"200th, 2000th, …: the frequent dvestý, dvetisíci (native review)"
sk,ordinal,200,feminine,instrumental,dvojstou,dvestou,"200th, 2000th, …: the frequent dvestý, dvetisíci (native review)"
sk,ordinal,200,feminine,locative,dvojstej,dvestej,"200th, 2000th, …: the frequent dvestý, dvetisíci (native review)"
sk,ordinal,200,neuter,nominative,dvojsté,dvesté,"200th, 2000th, …: the frequent dvestý, dvetisíci (native review)"
sk,ordinal,200,neuter,genitive,dvojstého,dvestého,"200th, 2000th, …: the frequent dvestý, dvetisíci (native review)"
sk,ordinal,200,neuter,dative,dvojstému,dvestému,"200th, 2000th, …: the frequent dvestý, dvetisíci (native review)"
sk,ordinal,200,neuter,accusative,dvojsté,dvesté,"200th, 2000th, …: the frequent dvestý, dvetisíci (native review)"
sk,ordinal,200,neuter,instrumental,dvojstým,dvestým,"200th, 2000th, …: the frequent dvestý, dvetisíci (native review)"
sk,ordinal,200,neuter,locative,dvojstom,dvestom,"200th, 2000th, …: the frequent dvestý, dvetisíci (native review)"
sk,ordinal,222,masculine,nominative,dvojstýdvadsiatydruhý,dvestodvadsiaty druhý,"compound ordinals: cardinal prefixes, tens and units apart (stoprvý, stodvadsiaty prvý)"
sk,ordinal,222,masculine,genitive,dvojstýdvadsiatehodruhého,dvestodvadsiateho druhého,"compound ordinals: cardinal prefixes, tens and units apart (stoprvý, stodvadsiaty prvý)"
sk,ordinal,222,masculine,dative,dvojstýdvadsiatemudruhému,dvestodvadsiatemu druhému,"compound ordinals: cardinal prefixes, tens and units apart (stoprvý, stodvadsiaty prvý)"
sk,ordinal,222,masculine,accusative,dvojstýdvadsiatehodruhého,dvestodvadsiaty druhý,"compound ordinals: cardinal prefixes, tens and units apart (stoprvý, stodvadsiaty prvý)"
sk,ordinal,222,masculine,instrumental,dvojstýdvadsiatymdruhým,dvestodvadsiatym druhým,"compound ordinals: cardinal prefixes, tens and units apart (stoprvý, stodvadsiaty prvý)"
sk,ordinal,222,masculine,locative,dvojstýdvadsiatomdruhom,dvestodvadsiatom druhom,"compound ordinals: cardinal prefixes, tens and units apart (stoprvý, stodvadsiaty prvý)"
sk,ordinal,222,feminine,nominative,dvojstádvadsiatadruhá,dvestodvadsiata druhá,"compound ordinals: cardinal prefixes, tens and units apart (stoprvý, stodvadsiaty prvý)"
sk,ordinal,222,feminine,genitive,dvojstádvadsiatejdruhej,dvestodvadsiatej druhej,"compound ordinals: cardinal prefixes, tens and units apart (stoprvý, stodvadsiaty prvý)"
sk,ordinal,222,feminine,dative,dvojstádvadsiatejdruhej,dvestodvadsiatej druhej,"compound ordinals: cardinal prefixes, tens and units apart (stoprvý, stodvadsiaty prvý)"
sk,ordinal,222,feminine,accusative,dvojstádvadsiatudruhú,dvestodvadsiatu druhú,"compound ordinals: cardinal prefixes, tens and units apart (stoprvý, stodvadsiaty prvý)"
sk,ordinal,222,feminine,instrumental,dvojstádvadsiatoudruhou,dvestodvadsiatou druhou,"compound ordinals: cardinal prefixes, tens and units apart (stoprvý, stodvadsiaty prvý)"
sk,ordinal,222,feminine,locative,dvojstádvadsiatejdruhej,dvestodvadsiatej druhej,"compound ordinals: cardinal prefixes, tens and units apart (stoprvý, stodvadsiaty prvý)"
sk,ordinal,222,neuter,nominative,dvojstédvadsiatedruhé,dvestodvadsiate druhé,"compound ordinals: cardinal prefixes, tens and units apart (stoprvý, stodvadsiaty prvý)"
sk,ordinal,222,neuter,genitive,dvojstédvadsiatehodruhého,dvestodvadsiateho druhého,"compound ordinals: cardinal prefixes, tens and units apart (stoprvý, stodvadsiaty prvý)"
sk,ordinal,222,neuter,dative,dvojstédvadsiatemudruhému,dvestodvadsiatemu druhému,"compound ordinals: cardinal prefixes, tens and units apart (stoprvý, stodvadsiaty prvý)"
sk,ordinal,222,neuter,accusative,dvojstédvadsiatedruhé,dvestodvadsiate druhé,"compound ordinals: cardinal prefixes, tens and units apart (stoprvý, stodvadsiaty prvý)"
sk,ordinal,222,neuter,instrumental,dvojstédvadsiatymdruhým,dvestodvadsiatym druhým,"compound ordinals: cardinal prefixes, tens and units apart (stoprvý, stodvadsiaty prvý)"
sk,ordinal,222,neuter,locative,dvojstédvadsiatomdruhom,dvestodvadsiatom druhom,"compound ordinals: cardinal prefixes, tens and units apart (stoprvý, stodvadsiaty prvý)"
sk,ordinal,300,masculine,accusative,trojstého,trojstý,masc. accusative: inanimate by default (animacy= gives the old form)
sk,ordinal,333,masculine,nominative,trojstýtridsiatytretí,tristotridsiaty tretí,"compound ordinals: cardinal prefixes, tens and units apart (stoprvý, stodvadsiaty prvý)"
sk,ordinal,333,masculine,genitive,trojstýtridsiatehotretieho,tristotridsiateho tretieho,"compound ordinals: cardinal prefixes, tens and units apart (stoprvý, stodvadsiaty prvý)"
sk,ordinal,333,masculine,dative,trojstýtridsiatemutretiemu,tristotridsiatemu tretiemu,"compound ordinals: cardinal prefixes, tens and units apart (stoprvý, stodvadsiaty prvý)"
sk,ordinal,333,masculine,accusative,trojstýtridsiatehotretieho,tristotridsiaty tretí,"compound ordinals: cardinal prefixes, tens and units apart (stoprvý, stodvadsiaty prvý)"
sk,ordinal,333,masculine,instrumental,trojstýtridsiatymtretím,tristotridsiatym tretím,"compound ordinals: cardinal prefixes, tens and units apart (stoprvý, stodvadsiaty prvý)"
sk,ordinal,333,masculine,locative,trojstýtridsiatomtreťom,tristotridsiatom treťom,"compound ordinals: cardinal prefixes, tens and units apart (stoprvý, stodvadsiaty prvý)"
sk,ordinal,333,feminine,nominative,trojstátridsiatatretia,tristotridsiata tretia,"compound ordinals: cardinal prefixes, tens and units apart (stoprvý, stodvadsiaty prvý)"
sk,ordinal,333,feminine,genitive,trojstátridsiatejtretej,tristotridsiatej tretej,"compound ordinals: cardinal prefixes, tens and units apart (stoprvý, stodvadsiaty prvý)"
sk,ordinal,333,feminine,dative,trojstátridsiatejtretej,tristotridsiatej tretej,"compound ordinals: cardinal prefixes, tens and units apart (stoprvý, stodvadsiaty prvý)"
sk,ordinal,333,feminine,accusative,trojstátridsiatutretiu,tristotridsiatu tretiu,"compound ordinals: cardinal prefixes, tens and units apart (stoprvý, stodvadsiaty prvý)"
sk,ordinal,333,feminine,instrumental,trojstátridsiatoutreťou,tristotridsiatou treťou,"compound ordinals: cardinal prefixes, tens and units apart (stoprvý, stodvadsiaty prvý)"
sk,ordinal,333,feminine,locative,trojstátridsiatejtretej,tristotridsiatej tretej,"compound ordinals: cardinal prefixes, tens and units apart (stoprvý, stodvadsiaty prvý)"
sk,ordinal,333,neuter,nominative,trojstétridsiatetretie,tristotridsiate tretie,"compound ordinals: cardinal prefixes, tens and units apart (stoprvý, stodvadsiaty prvý)"
sk,ordinal,333,neuter,genitive,trojstétridsiatehotretieho,tristotridsiateho tretieho,"compound ordinals: cardinal prefixes, tens and units apart (stoprvý, stodvadsiaty prvý)"
sk,ordinal,333,neuter,dative,trojstétridsiatemutretiemu,tristotridsiatemu tretiemu,"compound ordinals: cardinal prefixes, tens and units apart (stoprvý, stodvadsiaty prvý)"
sk,ordinal,333,neuter,accusative,trojstétridsiatetretie,tristotridsiate tretie,"compound ordinals: cardinal prefixes, tens and units apart (stoprvý, stodvadsiaty prvý)"
sk,ordinal,333,neuter,instrumental,trojstétridsiatymtretím,tristotridsiatym tretím,"compound ordinals: cardinal prefixes, tens and units apart (stoprvý, stodvadsiaty prvý)"
sk,ordinal,333,neuter,locative,trojstétridsiatomtreťom,tristotridsiatom treťom,"compound ordinals: cardinal prefixes, tens and units apart (stoprvý, stodvadsiaty prvý)"
sk,ordinal,400,masculine,accusative,štvorstého,štvorstý,masc. accusative: inanimate by default (animacy= gives the old form)
sk,ordinal,444,masculine,nominative,štvorstýštyridsiatyštvrtý,štyristoštyridsiaty štvrtý,"compound ordinals: cardinal prefixes, tens and units apart (stoprvý, stodvadsiaty prvý)"
sk,ordinal,444,masculine,genitive,štvorstýštyridsiatehoštvrtého,štyristoštyridsiateho štvrtého,"compound ordinals: cardinal prefixes, tens and units apart (stoprvý, stodvadsiaty prvý)"
sk,ordinal,444,masculine,dative,štvorstýštyridsiatemuštvrtému,štyristoštyridsiatemu štvrtému,"compound ordinals: cardinal prefixes, tens and units apart (stoprvý, stodvadsiaty prvý)"
sk,ordinal,444,masculine,accusative,štvorstýštyridsiatehoštvrtého,štyristoštyridsiaty štvrtý,"compound ordinals: cardinal prefixes, tens and units apart (stoprvý, stodvadsiaty prvý)"
sk,ordinal,444,masculine,instrumental,štvorstýštyridsiatymštvrtým,štyristoštyridsiatym štvrtým,"compound ordinals: cardinal prefixes, tens and units apart (stoprvý, stodvadsiaty prvý)"
sk,ordinal,444,masculine,locative,štvorstýštyridsiatomštvrtom,štyristoštyridsiatom štvrtom,"compound ordinals: cardinal prefixes, tens and units apart (stoprvý, stodvadsiaty prvý)"
sk,ordinal,444,feminine,nominative,štvorstáštyridsiataštvrtá,štyristoštyridsiata štvrtá,"compound ordinals: cardinal prefixes, tens and units apart (stoprvý, stodvadsiaty prvý)"
sk,ordinal,444,feminine,genitive,štvorstáštyridsiatejštvrtej,štyristoštyridsiatej štvrtej,"compound ordinals: cardinal prefixes, tens and units apart (stoprvý, stodvadsiaty prvý)"
sk,ordinal,444,feminine,dative,štvorstáštyridsiatejštvrtej,štyristoštyridsiatej štvrtej,"compound ordinals: cardinal prefixes, tens and units apart (stoprvý, stodvadsiaty prvý)"
sk,ordinal,444,feminine,accusative,štvorstáštyridsiatuštvrtú,štyristoštyridsiatu štvrtú,"compound ordinals: cardinal prefixes, tens and units apart (stoprvý, stodvadsiaty prvý)"
sk,ordinal,444,feminine,instrumental,štvorstáštyridsiatouštvrtou,štyristoštyridsiatou štvrtou,"compound ordinals: cardinal prefixes, tens and units apart (stoprvý, stodvadsiaty prvý)"
sk,ordinal,444,feminine,locative,štvorstáštyridsiatejštvrtej,štyristoštyridsiatej štvrtej,"compound ordinals: cardinal prefixes, tens and units apart (stoprvý, stodvadsiaty prvý)"
sk,ordinal,444,neuter,nominative,štvorstéštyridsiateštvrté,štyristoštyridsiate štvrté,"compound ordinals: cardinal prefixes, tens and units apart (stoprvý, stodvadsiaty prvý)"
sk,ordinal,444,neuter,genitive,štvorstéštyridsiatehoštvrtého,štyristoštyridsiateho štvrtého,"compound ordinals: cardinal prefixes, tens and units apart (stoprvý, stodvadsiaty prvý)"
sk,ordinal,444,neuter,dative,štvorstéštyridsiatemuštvrtému,štyristoštyridsiatemu štvrtému,"compound ordinals: cardinal prefixes, tens and units apart (stoprvý, stodvadsiaty prvý)"
sk,ordinal,444,neuter,accusative,štvorstéštyridsiateštvrté,štyristoštyridsiate štvrté,"compound ordinals: cardinal prefixes, tens and units apart (stoprvý, stodvadsiaty prvý)"
sk,ordinal,444,neuter,instrumental,štvorstéštyridsiatymštvrtým,štyristoštyridsiatym štvrtým,"compound ordinals: cardinal prefixes, tens and units apart (stoprvý, stodvadsiaty prvý)"
sk,ordinal,444,neuter,locative,štvorstéštyridsiatomštvrtom,štyristoštyridsiatom štvrtom,"compound ordinals: cardinal prefixes, tens and units apart (stoprvý, stodvadsiaty prvý)"
sk,ordinal,500,masculine,accusative,päťstého,päťstý,masc. accusative: inanimate by default (animacy= gives the old form)
sk,ordinal,600,masculine,accusative,šesťstého,šesťstý,masc. accusative: inanimate by default (animacy= gives the old form)
sk,ordinal,700,masculine,accusative,sedemstého,sedemstý,masc. accusative: inanimate by default (animacy= gives the old form)
sk,ordinal,800,masculine,accusative,osemstého,osemstý,masc. accusative: inanimate by default (animacy= gives the old form)
sk,ordinal,900,masculine,accusative,deväťstého,deväťstý,masc. accusative: inanimate by default (animacy= gives the old form)
sk,ordinal,1000,masculine,accusative,tisíceho,tisíci,masc. accusative: inanimate by default (animacy= gives the old form)
sk,ordinal,1000,feminine,nominative,tisícia,tisíca,"compound ordinals: cardinal prefixes, tens and units apart (stoprvý, stodvadsiaty prvý)"
sk,ordinal,1000,feminine,accusative,tisíciu,tisícu,"compound ordinals: cardinal prefixes, tens and units apart (stoprvý, stodvadsiaty prvý)"
sk,ordinal,1000,neuter,nominative,tisície,tisíce,"compound ordinals: cardinal prefixes, tens and units apart (stoprvý, stodvadsiaty prvý)"
sk,ordinal,1000,neuter,accusative,tisície,tisíce,"compound ordinals: cardinal prefixes, tens and units apart (stoprvý, stodvadsiaty prvý)"
sk,ordinal,1001,masculine,nominative,tisíciprvý,tisícprvý,"compound ordinals: cardinal prefixes, tens and units apart (stoprvý, stodvadsiaty prvý)"
sk,ordinal,1001,masculine,genitive,tisíciprvého,tisícprvého,"compound ordinals: cardinal prefixes, tens and units apart (stoprvý, stodvadsiaty prvý)"
sk,ordinal,1001,masculine,dative,tisíciprvému,tisícprvému,"compound ordinals: cardinal prefixes, tens and units apart (stoprvý, stodvadsiaty prvý)"
sk,ordinal,1001,masculine,accusative,tisíciprvého,tisícprvý,"compound ordinals: cardinal prefixes, tens and units apart (stoprvý, stodvadsiaty prvý)"
sk,ordinal,1001,masculine,instrumental,tisíciprvým,tisícprvým,"compound ordinals: cardinal prefixes, tens and units apart (stoprvý, stodvadsiaty prvý)"
sk,ordinal,1001,masculine,locative,tisíciprvom,tisícprvom,"compound ordinals: cardinal prefixes, tens and units apart (stoprvý, stodvadsiaty prvý)"
sk,ordinal,1001,feminine,nominative,tisíciaprvá,tisícprvá,"compound ordinals: cardinal prefixes, tens and units apart (stoprvý, stodvadsiaty prvý)"
sk,ordinal,1001,feminine,genitive,tisíciaprvej,tisícprvej,"compound ordinals: cardinal prefixes, tens and units apart (stoprvý, stodvadsiaty prvý)"
sk,ordinal,1001,feminine,dative,tisíciaprvej,tisícprvej,"compound ordinals: cardinal prefixes, tens and units apart (stoprvý, stodvadsiaty prvý)"
sk,ordinal,1001,feminine,accusative,tisíciaprvú,tisícprvú,"compound ordinals: cardinal prefixes, tens and units apart (stoprvý, stodvadsiaty prvý)"
sk,ordinal,1001,feminine,instrumental,tisíciaprvou,tisícprvou,"compound ordinals: cardinal prefixes, tens and units apart (stoprvý, stodvadsiaty prvý)"
sk,ordinal,1001,feminine,locative,tisíciaprvej,tisícprvej,"compound ordinals: cardinal prefixes, tens and units apart (stoprvý, stodvadsiaty prvý)"
sk,ordinal,1001,neuter,nominative,tisícieprvé,tisícprvé,"compound ordinals: cardinal prefixes, tens and units apart (stoprvý, stodvadsiaty prvý)"
sk,ordinal,1001,neuter,genitive,tisícieprvého,tisícprvého,"compound ordinals: cardinal prefixes, tens and units apart (stoprvý, stodvadsiaty prvý)"
sk,ordinal,1001,neuter,dative,tisícieprvému,tisícprvému,"compound ordinals: cardinal prefixes, tens and units apart (stoprvý, stodvadsiaty prvý)"
sk,ordinal,1001,neuter,accusative,tisícieprvé,tisícprvé,"compound ordinals: cardinal prefixes, tens and units apart (stoprvý, stodvadsiaty prvý)"
sk,ordinal,1001,neuter,instrumental,tisícieprvým,tisícprvým,"compound ordinals: cardinal prefixes, tens and units apart (stoprvý, stodvadsiaty prvý)"
sk,ordinal,1001,neuter,locative,tisícieprvom,tisícprvom,"compound ordinals: cardinal prefixes, tens and units apart (stoprvý, stodvadsiaty prvý)"
sk,ordinal,1111,masculine,nominative,tisícistýjedenásty,tisícstojedenásty,"compound ordinals: cardinal prefixes, tens and units apart (stoprvý, stodvadsiaty prvý)"
sk,ordinal,1111,masculine,genitive,tisícistýjedenásteho,tisícstojedenásteho,"compound ordinals: cardinal prefixes, tens and units apart (stoprvý, stodvadsiaty prvý)"
sk,ordinal,1111,masculine,dative,tisícistýjedenástemu,tisícstojedenástemu,"compound ordinals: cardinal prefixes, tens and units apart (stoprvý, stodvadsiaty prvý)"
sk,ordinal,1111,masculine,accusative,tisícistýjedenásteho,tisícstojedenásty,"compound ordinals: cardinal prefixes, tens and units apart (stoprvý, stodvadsiaty prvý)"
sk,ordinal,1111,masculine,instrumental,tisícistýjedenástym,tisícstojedenástym,"compound ordinals: cardinal prefixes, tens and units apart (stoprvý, stodvadsiaty prvý)"
sk,ordinal,1111,masculine,locative,tisícistýjedenástom,tisícstojedenástom,"compound ordinals: cardinal prefixes, tens and units apart (stoprvý, stodvadsiaty prvý)"
sk,ordinal,1111,feminine,nominative,tisíciastájedenásta,tisícstojedenásta,"compound ordinals: cardinal prefixes, tens and units apart (stoprvý, stodvadsiaty prvý)"
sk,ordinal,1111,feminine,genitive,tisíciastájedenástej,tisícstojedenástej,"compound ordinals: cardinal prefixes, tens and units apart (stoprvý, stodvadsiaty prvý)"
sk,ordinal,1111,feminine,dative,tisíciastájedenástej,tisícstojedenástej,"compound ordinals: cardinal prefixes, tens and units apart (stoprvý, stodvadsiaty prvý)"
sk,ordinal,1111,feminine,accusative,tisíciastájedenástu,tisícstojedenástu,"compound ordinals: cardinal prefixes, tens and units apart (stoprvý, stodvadsiaty prvý)"
sk,ordinal,1111,feminine,instrumental,tisíciastájedenástou,tisícstojedenástou,"compound ordinals: cardinal prefixes, tens and units apart (stoprvý, stodvadsiaty prvý)"
sk,ordinal,1111,feminine,locative,tisíciastájedenástej,tisícstojedenástej,"compound ordinals: cardinal prefixes, tens and units apart (stoprvý, stodvadsiaty prvý)"
sk,ordinal,1111,neuter,nominative,tisíciestéjedenáste,tisícstojedenáste,"compound ordinals: cardinal prefixes, tens and units apart (stoprvý, stodvadsiaty prvý)"
sk,ordinal,1111,neuter,genitive,tisíciestéjedenásteho,tisícstojedenásteho,"compound ordinals: cardinal prefixes, tens and units apart (stoprvý, stodvadsiaty prvý)"
sk,ordinal,1111,neuter,dative,tisíciestéjedenástemu,tisícstojedenástemu,"compound ordinals: cardinal prefixes, tens and units apart (stoprvý, stodvadsiaty prvý)"
sk,ordinal,1111,neuter,accusative,tisíciestéjedenáste,tisícstojedenáste,"compound ordinals: cardinal prefixes, tens and units apart (stoprvý, stodvadsiaty prvý)"
sk,ordinal,1111,neuter,instrumental,tisíciestéjedenástym,tisícstojedenástym,"compound ordinals: cardinal prefixes, tens and units apart (stoprvý, stodvadsiaty prvý)"
sk,ordinal,1111,neuter,locative,tisíciestéjedenástom,tisícstojedenástom,"compound ordinals: cardinal prefixes, tens and units apart (stoprvý, stodvadsiaty prvý)"
sk,ordinal,2000,masculine,nominative,dvojtisíci,dvetisíci,"200th, 2000th, …: the frequent dvestý, dvetisíci (native review)"
sk,ordinal,2000,masculine,genitive,dvojtisíceho,dvetisíceho,"200th, 2000th, …: the frequent dvestý, dvetisíci (native review)"
sk,ordinal,2000,masculine,dative,dvojtisícemu,dvetisícemu,"200th, 2000th, …: the frequent dvestý, dvetisíci (native review)"
sk,ordinal,2000,masculine,accusative,dvojtisíceho,dvetisíci,"200th, 2000th, …: the frequent dvestý, dvetisíci (native review)"
sk,ordinal,2000,masculine,instrumental,dvojtisícim,dvetisícim,"200th, 2000th, …: the frequent dvestý, dvetisíci (native review)"
sk,ordinal,2000,masculine,locative,dvojtisícom,dvetisícom,"200th, 2000th, …: the frequent dvestý, dvetisíci (native review)"
sk,ordinal,2000,feminine,nominative,dvojtisícia,dvetisíca,"200th, 2000th, …: the frequent dvestý, dvetisíci (native review)"
sk,ordinal,2000,feminine,genitive,dvojtisícej,dvetisícej,"200th, 2000th, …: the frequent dvestý, dvetisíci (native review)"
sk,ordinal,2000,feminine,dative,dvojtisícej,dvetisícej,"200th, 2000th, …: the frequent dvestý, dvetisíci (native review)"
sk,ordinal,2000,feminine,accusative,dvojtisíciu,dvetisícu,"200th, 2000th, …: the frequent dvestý, dvetisíci (native review)"
sk,ordinal,2000,feminine,instrumental,dvojtisícou,dvetisícou,"200th, 2000th, …: the frequent dvestý, dvetisíci (native review)"
sk,ordinal,2000,feminine,locative,dvojtisícej,dvetisícej,"200th, 2000th, …: the frequent dvestý, dvetisíci (native review)"
sk,ordinal,2000,neuter,nominative,dvojtisície,dvetisíce,"200th, 2000th, …: the frequent dvestý, dvetisíci (native review)"
sk,ordinal,2000,neuter,genitive,dvojtisíceho,dvetisíceho,"200th, 2000th, …: the frequent dvestý, dvetisíci (native review)"
sk,ordinal,2000,neuter,dative,dvojtisícemu,dvetisícemu,"200th, 2000th, …: the frequent dvestý, dvetisíci (native review)"
sk,ordinal,2000,neuter,accusative,dvojtisície,dvetisíce,"200th, 2000th, …: the frequent dvestý, dvetisíci (native review)"
sk,ordinal,2000,neuter,instrumental,dvojtisícim,dvetisícim,"200th, 2000th, …: the frequent dvestý, dvetisíci (native review)"
sk,ordinal,2000,neuter,locative,dvojtisícom,dvetisícom,"200th, 2000th, …: the frequent dvestý, dvetisíci (native review)"
sk,ordinal,2222,masculine,nominative,dvojtisícidvojstýdvadsiatydruhý,dvetisícdvestodvadsiaty druhý,"compound ordinals: cardinal prefixes, tens and units apart (stoprvý, stodvadsiaty prvý)"
sk,ordinal,2222,masculine,genitive,dvojtisícidvojstýdvadsiatehodruhého,dvetisícdvestodvadsiateho druhého,"compound ordinals: cardinal prefixes, tens and units apart (stoprvý, stodvadsiaty prvý)"
sk,ordinal,2222,masculine,dative,dvojtisícidvojstýdvadsiatemudruhému,dvetisícdvestodvadsiatemu druhému,"compound ordinals: cardinal prefixes, tens and units apart (stoprvý, stodvadsiaty prvý)"
sk,ordinal,2222,masculine,accusative,dvojtisícidvojstýdvadsiatehodruhého,dvetisícdvestodvadsiaty druhý,"compound ordinals: cardinal prefixes, tens and units apart (stoprvý, stodvadsiaty prvý)"
sk,ordinal,2222,masculine,instrumental,dvojtisícidvojstýdvadsiatymdruhým,dvetisícdvestodvadsiatym druhým,"compound ordinals: cardinal prefixes, tens and units apart (stoprvý, stodvadsiaty prvý)"
sk,ordinal,2222,masculine,locative,dvojtisícidvojstýdvadsiatomdruhom,dvetisícdvestodvadsiatom druhom,"compound ordinals: cardinal prefixes, tens and units apart (stoprvý, stodvadsiaty prvý)"
sk,ordinal,2222,feminine,nominative,dvojtisíciadvojstádvadsiatadruhá,dvetisícdvestodvadsiata druhá,"compound ordinals: cardinal prefixes, tens and units apart (stoprvý, stodvadsiaty prvý)"
sk,ordinal,2222,feminine,genitive,dvojtisíciadvojstádvadsiatejdruhej,dvetisícdvestodvadsiatej druhej,"compound ordinals: cardinal prefixes, tens and units apart (stoprvý, stodvadsiaty prvý)"
sk,ordinal,2222,feminine,dative,dvojtisíciadvojstádvadsiatejdruhej,dvetisícdvestodvadsiatej druhej,"compound ordinals: cardinal prefixes, tens and units apart (stoprvý, stodvadsiaty prvý)"
sk,ordinal,2222,feminine,accusative,dvojtisíciadvojstádvadsiatudruhú,dvetisícdvestodvadsiatu druhú,"compound ordinals: cardinal prefixes, tens and units apart (stoprvý, stodvadsiaty prvý)"
sk,ordinal,2222,feminine,instrumental,dvojtisíciadvojstádvadsiatoudruhou,dvetisícdvestodvadsiatou druhou,"compound ordinals: cardinal prefixes, tens and units apart (stoprvý, stodvadsiaty prvý)"
sk,ordinal,2222,feminine,locative,dvojtisíciadvojstádvadsiatejdruhej,dvetisícdvestodvadsiatej druhej,"compound ordinals: cardinal prefixes, tens and units apart (stoprvý, stodvadsiaty prvý)"
sk,ordinal,2222,neuter,nominative,dvojtisíciedvojstédvadsiatedruhé,dvetisícdvestodvadsiate druhé,"compound ordinals: cardinal prefixes, tens and units apart (stoprvý, stodvadsiaty prvý)"
sk,ordinal,2222,neuter,genitive,dvojtisíciedvojstédvadsiatehodruhého,dvetisícdvestodvadsiateho druhého,"compound ordinals: cardinal prefixes, tens and units apart (stoprvý, stodvadsiaty prvý)"
sk,ordinal,2222,neuter,dative,dvojtisíciedvojstédvadsiatemudruhému,dvetisícdvestodvadsiatemu druhému,"compound ordinals: cardinal prefixes, tens and units apart (stoprvý, stodvadsiaty prvý)"
sk,ordinal,2222,neuter,accusative,dvojtisíciedvojstédvadsiatedruhé,dvetisícdvestodvadsiate druhé,"compound ordinals: cardinal prefixes, tens and units apart (stoprvý, stodvadsiaty prvý)"
sk,ordinal,2222,neuter,instrumental,dvojtisíciedvojstédvadsiatymdruhým,dvetisícdvestodvadsiatym druhým,"compound ordinals: cardinal prefixes, tens and units apart (stoprvý, stodvadsiaty prvý)"
sk,ordinal,2222,neuter,locative,dvojtisíciedvojstédvadsiatomdruhom,dvetisícdvestodvadsiatom druhom,"compound ordinals: cardinal prefixes, tens and units apart (stoprvý, stodvadsiaty prvý)"
sk,ordinal,3000,masculine,accusative,trojtisíceho,trojtisíci,masc. accusative: inanimate by default (animacy= gives the old form)
sk,ordinal,3000,feminine,nominative,trojtisícia,trojtisíca,"compound ordinals: cardinal prefixes, tens and units apart (stoprvý, stodvadsiaty prvý)"
sk,ordinal,3000,feminine,accusative,trojtisíciu,trojtisícu,"compound ordinals: cardinal prefixes, tens and units apart (stoprvý, stodvadsiaty prvý)"
sk,ordinal,3000,neuter,nominative,trojtisície,trojtisíce,"compound ordinals: cardinal prefixes, tens and units apart (stoprvý, stodvadsiaty prvý)"
sk,ordinal,3000,neuter,accusative,trojtisície,trojtisíce,"compound ordinals: cardinal prefixes, tens and units apart (stoprvý, stodvadsiaty prvý)"
sk,ordinal,5000,masculine,accusative,päťtisíceho,päťtisíci,masc. accusative: inanimate by default (animacy= gives the old form)
sk,ordinal,5000,feminine,nominative,päťtisícia,päťtisíca,"compound ordinals: cardinal prefixes, tens and units apart (stoprvý, stodvadsiaty prvý)"
sk,ordinal,5000,feminine,accusative,päťtisíciu,päťtisícu,"compound ordinals: cardinal prefixes, tens and units apart (stoprvý, stodvadsiaty prvý)"
sk,ordinal,5000,neuter,nominative,päťtisície,päťtisíce,"compound ordinals: cardinal prefixes, tens and units apart (stoprvý, stodvadsiaty prvý)"
sk,ordinal,5000,neuter,accusative,päťtisície,päťtisíce,"compound ordinals: cardinal prefixes, tens and units apart (stoprvý, stodvadsiaty prvý)"
sk,ordinal,10000,masculine,accusative,desaťtisíceho,desaťtisíci,masc. accusative: inanimate by default (animacy= gives the old form)
sk,ordinal,10000,feminine,nominative,desaťtisícia,desaťtisíca,"compound ordinals: cardinal prefixes, tens and units apart (stoprvý, stodvadsiaty prvý)"
sk,ordinal,10000,feminine,accusative,desaťtisíciu,desaťtisícu,"compound ordinals: cardinal prefixes, tens and units apart (stoprvý, stodvadsiaty prvý)"
sk,ordinal,10000,neuter,nominative,desaťtisície,desaťtisíce,"compound ordinals: cardinal prefixes, tens and units apart (stoprvý, stodvadsiaty prvý)"
sk,ordinal,10000,neuter,accusative,desaťtisície,desaťtisíce,"compound ordinals: cardinal prefixes, tens and units apart (stoprvý, stodvadsiaty prvý)"
sk,ordinal,100000,masculine,accusative,stotisíceho,stotisíci,masc. accusative: inanimate by default (animacy= gives the old form)
sk,ordinal,100000,feminine,nominative,stotisícia,stotisíca,"compound ordinals: cardinal prefixes, tens and units apart (stoprvý, stodvadsiaty prvý)"
sk,ordinal,100000,feminine,accusative,stotisíciu,stotisícu,"compound ordinals: cardinal prefixes, tens and units apart (stoprvý, stodvadsiaty prvý)"
sk,ordinal,100000,neuter,nominative,stotisície,stotisíce,"compound ordinals: cardinal prefixes, tens and units apart (stoprvý, stodvadsiaty prvý)"
sk,ordinal,100000,neuter,accusative,stotisície,stotisíce,"compound ordinals: cardinal prefixes, tens and units apart (stoprvý, stodvadsiaty prvý)"
sk,ordinal,1000000,masculine,nominative,milióny,miliónty,miliónty / miliardtý paradigm
sk,ordinal,1000000,masculine,genitive,milióntého,miliónteho,miliónty / miliardtý paradigm
sk,ordinal,1000000,masculine,dative,milióntému,milióntemu,miliónty / miliardtý paradigm
sk,ordinal,1000000,masculine,accusative,milióntého,miliónty,miliónty / miliardtý paradigm
sk,ordinal,1000000,masculine,instrumental,milióntým,milióntym,miliónty / miliardtý paradigm
sk,ordinal,1000000,neuter,genitive,milióntého,miliónteho,miliónty / miliardtý paradigm
sk,ordinal,1000000,neuter,dative,milióntému,milióntemu,miliónty / miliardtý paradigm
sk,ordinal,1000000,neuter,instrumental,milióntým,milióntym,miliónty / miliardtý paradigm
sk,ordinal,1000001,masculine,nominative,miliónyprvý,milión prvý,"compound ordinals: cardinal prefixes, tens and units apart (stoprvý, stodvadsiaty prvý)"
sk,ordinal,1000001,masculine,genitive,miliónyprvého,milión prvého,"compound ordinals: cardinal prefixes, tens and units apart (stoprvý, stodvadsiaty prvý)"
sk,ordinal,1000001,masculine,dative,miliónyprvému,milión prvému,"compound ordinals: cardinal prefixes, tens and units apart (stoprvý, stodvadsiaty prvý)"
sk,ordinal,1000001,masculine,accusative,miliónyprvého,milión prvý,"compound ordinals: cardinal prefixes, tens and units apart (stoprvý, stodvadsiaty prvý)"
sk,ordinal,1000001,masculine,instrumental,miliónyprvým,milión prvým,"compound ordinals: cardinal prefixes, tens and units apart (stoprvý, stodvadsiaty prvý)"
sk,ordinal,1000001,masculine,locative,miliónyprvom,milión prvom,"compound ordinals: cardinal prefixes, tens and units apart (stoprvý, stodvadsiaty prvý)"
sk,ordinal,1000001,feminine,nominative,milióntaprvá,milión prvá,"compound ordinals: cardinal prefixes, tens and units apart (stoprvý, stodvadsiaty prvý)"
sk,ordinal,1000001,feminine,genitive,milióntaprvej,milión prvej,"compound ordinals: cardinal prefixes, tens and units apart (stoprvý, stodvadsiaty prvý)"
sk,ordinal,1000001,feminine,dative,milióntaprvej,milión prvej,"compound ordinals: cardinal prefixes, tens and units apart (stoprvý, stodvadsiaty prvý)"
sk,ordinal,1000001,feminine,accusative,milióntaprvú,milión prvú,"compound ordinals: cardinal prefixes, tens and units apart (stoprvý, stodvadsiaty prvý)"
sk,ordinal,1000001,feminine,instrumental,milióntaprvou,milión prvou,"compound ordinals: cardinal prefixes, tens and units apart (stoprvý, stodvadsiaty prvý)"
sk,ordinal,1000001,feminine,locative,milióntaprvej,milión prvej,"compound ordinals: cardinal prefixes, tens and units apart (stoprvý, stodvadsiaty prvý)"
sk,ordinal,1000001,neuter,nominative,miliónteprvé,milión prvé,"compound ordinals: cardinal prefixes, tens and units apart (stoprvý, stodvadsiaty prvý)"
sk,ordinal,1000001,neuter,genitive,miliónteprvého,milión prvého,"compound ordinals: cardinal prefixes, tens and units apart (stoprvý, stodvadsiaty prvý)"
sk,ordinal,1000001,neuter,dative,miliónteprvému,milión prvému,"compound ordinals: cardinal prefixes, tens and units apart (stoprvý, stodvadsiaty prvý)"
sk,ordinal,1000001,neuter,accusative,miliónteprvé,milión prvé,"compound ordinals: cardinal prefixes, tens and units apart (stoprvý, stodvadsiaty prvý)"
sk,ordinal,1000001,neuter,instrumental,miliónteprvým,milión prvým,"compound ordinals: cardinal prefixes, tens and units apart (stoprvý, stodvadsiaty prvý)"
sk,ordinal,1000001,neuter,locative,miliónteprvom,milión prvom,"compound ordinals: cardinal prefixes, tens and units apart (stoprvý, stodvadsiaty prvý)"
sk,ordinal,2000000,masculine,nominative,dvojmilióny,dvemiliónty,"200th, 2000th, …: the frequent dvestý, dvetisíci (native review)"
sk,ordinal,2000000,masculine,genitive,dvojmilióntého,dvemiliónteho,"200th, 2000th, …: the frequent dvestý, dvetisíci (native review)"
sk,ordinal,2000000,masculine,dative,dvojmilióntému,dvemilióntemu,"200th, 2000th, …: the frequent dvestý, dvetisíci (native review)"
sk,ordinal,2000000,masculine,accusative,dvojmilióntého,dvemiliónty,"200th, 2000th, …: the frequent dvestý, dvetisíci (native review)"
sk,ordinal,2000000,masculine,instrumental,dvojmilióntým,dvemilióntym,"200th, 2000th, …: the frequent dvestý, dvetisíci (native review)"
sk,ordinal,2000000,masculine,locative,dvojmilióntom,dvemilióntom,"200th, 2000th, …: the frequent dvestý, dvetisíci (native review)"
sk,ordinal,2000000,feminine,nominative,dvojmiliónta,dvemiliónta,"200th, 2000th, …: the frequent dvestý, dvetisíci (native review)"
sk,ordinal,2000000,feminine,genitive,dvojmilióntej,dvemilióntej,"200th, 2000th, …: the frequent dvestý, dvetisíci (native review)"
sk,ordinal,2000000,feminine,dative,dvojmilióntej,dvemilióntej,"200th, 2000th, …: the frequent dvestý, dvetisíci (native review)"
sk,ordinal,2000000,feminine,accusative,dvojmilióntu,dvemilióntu,"200th, 2000th, …: the frequent dvestý, dvetisíci (native review)"
sk,ordinal,2000000,feminine,instrumental,dvojmilióntou,dvemilióntou,"200th, 2000th, …: the frequent dvestý, dvetisíci (native review)"
sk,ordinal,2000000,feminine,locative,dvojmilióntej,dvemilióntej,"200th, 2000th, …: the frequent dvestý, dvetisíci (native review)"
sk,ordinal,2000000,neuter,nominative,dvojmiliónte,dvemiliónte,"200th, 2000th, …: the frequent dvestý, dvetisíci (native review)"
sk,ordinal,2000000,neuter,genitive,dvojmilióntého,dvemiliónteho,"200th, 2000th, …: the frequent dvestý, dvetisíci (native review)"
sk,ordinal,2000000,neuter,dative,dvojmilióntému,dvemilióntemu,"200th, 2000th, …: the frequent dvestý, dvetisíci (native review)"
sk,ordinal,2000000,neuter,accusative,dvojmiliónte,dvemiliónte,"200th, 2000th, …: the frequent dvestý, dvetisíci (native review)"
sk,ordinal,2000000,neuter,instrumental,dvojmilióntým,dvemilióntym,"200th, 2000th, …: the frequent dvestý, dvetisíci (native review)"
sk,ordinal,2000000,neuter,locative,dvojmilióntom,dvemilióntom,"200th, 2000th, …: the frequent dvestý, dvetisíci (native review)"
sk,ordinal,1000000000,masculine,accusative,miliardtého,miliardtý,masc. accusative: inanimate by default (animacy= gives the old form)
sk,ordinal,1000000000,feminine,nominative,miliardta,miliardtá,miliónty / miliardtý paradigm
sk,ordinal,1000000000,feminine,accusative,miliardtu,miliardtú,miliónty / miliardtý paradigm
sk,ordinal,2000000000,masculine,nominative,dvojmiliardtý,dvemiliardtý,"200th, 2000th, …: the frequent dvestý, dvetisíci (native review)"
sk,ordinal,2000000000,masculine,genitive,dvojmiliardtého,dvemiliardtého,"200th, 2000th, …: the frequent dvestý, dvetisíci (native review)"
sk,ordinal,2000000000,masculine,dative,dvojmiliardtému,dvemiliardtému,"200th, 2000th, …: the frequent dvestý, dvetisíci (native review)"
sk,ordinal,2000000000,masculine,accusative,dvojmiliardtého,dvemiliardtý,"200th, 2000th, …: the frequent dvestý, dvetisíci (native review)"
sk,ordinal,2000000000,masculine,instrumental,dvojmiliardtým,dvemiliardtým,"200th, 2000th, …: the frequent dvestý, dvetisíci (native review)"
sk,ordinal,2000000000,masculine,locative,dvojmiliardtom,dvemiliardtom,"200th, 2000th, …: the frequent dvestý, dvetisíci (native review)"
sk,ordinal,2000000000,feminine,nominative,dvojmiliardta,dvemiliardtá,"200th, 2000th, …: the frequent dvestý, dvetisíci (native review)"
sk,ordinal,2000000000,feminine,genitive,dvojmiliardtej,dvemiliardtej,"200th, 2000th, …: the frequent dvestý, dvetisíci (native review)"
sk,ordinal,2000000000,feminine,dative,dvojmiliardtej,dvemiliardtej,"200th, 2000th, …: the frequent dvestý, dvetisíci (native review)"
sk,ordinal,2000000000,feminine,accusative,dvojmiliardtu,dvemiliardtú,"200th, 2000th, …: the frequent dvestý, dvetisíci (native review)"
sk,ordinal,2000000000,feminine,instrumental,dvojmiliardtou,dvemiliardtou,"200th, 2000th, …: the frequent dvestý, dvetisíci (native review)"
sk,ordinal,2000000000,feminine,locative,dvojmiliardtej,dvemiliardtej,"200th, 2000th, …: the frequent dvestý, dvetisíci (native review)"
sk,ordinal,2000000000,neuter,nominative,dvojmiliardté,dvemiliardté,"200th, 2000th, …: the frequent dvestý, dvetisíci (native review)"
sk,ordinal,2000000000,neuter,genitive,dvojmiliardtého,dvemiliardtého,"200th, 2000th, …: the frequent dvestý, dvetisíci (native review)"
sk,ordinal,2000000000,neuter,dative,dvojmiliardtému,dvemiliardtému,"200th, 2000th, …: the frequent dvestý, dvetisíci (native review)"
sk,ordinal,2000000000,neuter,accusative,dvojmiliardté,dvemiliardté,"200th, 2000th, …: the frequent dvestý, dvetisíci (native review)"
sk,ordinal,2000000000,neuter,instrumental,dvojmiliardtým,dvemiliardtým,"200th, 2000th, …: the frequent dvestý, dvetisíci (native review)"
sk,ordinal,2000000000,neuter,locative,dvojmiliardtom,dvemiliardtom,"200th, 2000th, …: the frequent dvestý, dvetisíci (native review)"
cs,cardinal,1,masculine,accusative,jednoho,jeden,masc. accusative: inanimate by default (animacy= gives the old form)
cs,cardinal,21,masculine,nominative,dvacetjeden,dvacet jedna,"x1 compounds: 'dvacet jedna' in N/A, inverted 'jednadvaceti' in oblique cases"
cs,cardinal,21,masculine,genitive,dvacátéhojednoho,jednadvaceti,"x1 compounds: 'dvacet jedna' in N/A, inverted 'jednadvaceti' in oblique cases"
cs,cardinal,21,masculine,dative,dvacátémujednomu,jednadvaceti,"x1 compounds: 'dvacet jedna' in N/A, inverted 'jednadvaceti' in oblique cases"
cs,cardinal,21,masculine,accusative,dvacetjednoho,dvacet jedna,masc. accusative: inanimate by default (animacy= gives the old form)
cs,cardinal,21,masculine,instrumental,dvacátýmjedním,jednadvaceti,"x1 compounds: 'dvacet jedna' in N/A, inverted 'jednadvaceti' in oblique cases"
cs,cardinal,21,masculine,locative,dvacátémjednom,jednadvaceti,"x1 compounds: 'dvacet jedna' in N/A, inverted 'jednadvaceti' in oblique cases"
cs,cardinal,21,feminine,nominative,dvacetjedna,dvacet jedna,spacing only
cs,cardinal,21,feminine,genitive,dvacátéhojedné,jednadvaceti,"x1 compounds: 'dvacet jedna' in N/A, inverted 'jednadvaceti' in oblique cases"
cs,cardinal,21,feminine,dative,dvacátémujedné,jednadvaceti,"x1 compounds: 'dvacet jedna' in N/A, inverted 'jednadvaceti' in oblique cases"
cs,cardinal,21,feminine,accusative,dvacetjednu,dvacet jedna,"x1 compounds: 'dvacet jedna' in N/A, inverted 'jednadvaceti' in oblique cases"
cs,cardinal,21,feminine,instrumental,dvacátýmjednou,jednadvaceti,"x1 compounds: 'dvacet jedna' in N/A, inverted 'jednadvaceti' in oblique cases"
cs,cardinal,21,feminine,locative,dvacátémjedné,jednadvaceti,"x1 compounds: 'dvacet jedna' in N/A, inverted 'jednadvaceti' in oblique cases"
cs,cardinal,21,neuter,nominative,dvacetjedno,dvacet jedna,"x1 compounds: 'dvacet jedna' in N/A, inverted 'jednadvaceti' in oblique cases"
cs,cardinal,21,neuter,genitive,dvacátéhojednoho,jednadvaceti,"x1 compounds: 'dvacet jedna' in N/A, inverted 'jednadvaceti' in oblique cases"
cs,cardinal,21,neuter,dative,dvacátémujednomu,jednadvaceti,"x1 compounds: 'dvacet jedna' in N/A, inverted 'jednadvaceti' in oblique cases"
cs,cardinal,21,neuter,accusative,dvacetjedno,dvacet jedna,"x1 compounds: 'dvacet jedna' in N/A, inverted 'jednadvaceti' in oblique cases"
cs,cardinal,21,neuter,instrumental,dvacátýmjedním,jednadvaceti,"x1 compounds: 'dvacet jedna' in N/A, inverted 'jednadvaceti' in oblique cases"
cs,cardinal,21,neuter,locative,dvacátémjednom,jednadvaceti,"x1 compounds: 'dvacet jedna' in N/A, inverted 'jednadvaceti' in oblique cases"
cs,cardinal,29,masculine,nominative,dvacetdevět,dvacet devět,spacing only
cs,cardinal,29,masculine,genitive,dvacátéhodevátého,dvaceti devíti,compounds decline as cardinals (v1 used ordinal forms)
cs,cardinal,29,masculine,dative,dvacátémudevátému,dvaceti devíti,compounds decline as cardinals (v1 used ordinal forms)
cs,cardinal,29,masculine,accusative,dvacetdevět,dvacet devět,spacing only
cs,cardinal,29,masculine,instrumental,dvacátýmdevátým,dvaceti devíti,compounds decline as cardinals (v1 used ordinal forms)
cs,cardinal,29,masculine,locative,dvacátémdevátém,dvaceti devíti,compounds decline as cardinals (v1 used ordinal forms)
cs,cardinal,29,feminine,nominative,dvacetdevět,dvacet devět,spacing only
cs,cardinal,29,feminine,genitive,dvacátéhodeváté,dvaceti devíti,compounds decline as cardinals (v1 used ordinal forms)
cs,cardinal,29,feminine,dative,dvacátémudeváté,dvaceti devíti,compounds decline as cardinals (v1 used ordinal forms)
cs,cardinal,29,feminine,accusative,dvacetdevět,dvacet devět,spacing only
cs,cardinal,29,feminine,instrumental,dvacátýmdevátou,dvaceti devíti,compounds decline as cardinals (v1 used ordinal forms)
cs,cardinal,29,feminine,locative,dvacátémdeváté,dvaceti devíti,compounds decline as cardinals (v1 used ordinal forms)
cs,cardinal,29,neuter,nominative,dvacetdevět,dvacet devět,spacing only
cs,cardinal,29,neuter,genitive,dvacátéhodevátého,dvaceti devíti,compounds decline as cardinals (v1 used ordinal forms)
cs,cardinal,29,neuter,dative,dvacátémudevátému,dvaceti devíti,compounds decline as cardinals (v1 used ordinal forms)
cs,cardinal,29,neuter,accusative,dvacetdevět,dvacet devět,spacing only
cs,cardinal,29,neuter,instrumental,dvacátýmdevátým,dvaceti devíti,compounds decline as cardinals (v1 used ordinal forms)
cs,cardinal,29,neuter,locative,dvacátémdevátém,dvaceti devíti,compounds decline as cardinals (v1 used ordinal forms)
cs,cardinal,45,masculine,nominative,čtyřicetpět,čtyřicet pět,spacing only
cs,cardinal,45,masculine,genitive,čtyřicátéhopátého,čtyřiceti pěti,compounds decline as cardinals (v1 used ordinal forms)
cs,cardinal,45,masculine,dative,čtyřicátémupátému,čtyřiceti pěti,compounds decline as cardinals (v1 used ordinal forms)
cs,cardinal,45,masculine,accusative,čtyřicetpět,čtyřicet pět,spacing only
cs,cardinal,45,masculine,instrumental,čtyřicátýmpátým,čtyřiceti pěti,compounds decline as cardinals (v1 used ordinal forms)
cs,cardinal,45,masculine,locative,čtyřicátémpátém,čtyřiceti pěti,compounds decline as cardinals (v1 used ordinal forms)
cs,cardinal,45,feminine,nominative,čtyřicetpět,čtyřicet pět,spacing only
cs,cardinal,45,feminine,genitive,čtyřicátéhopáté,čtyřiceti pěti,compounds decline as cardinals (v1 used ordinal forms)
cs,cardinal,45,feminine,dative,čtyřicátémupáté,čtyřiceti pěti,compounds decline as cardinals (v1 used ordinal forms)
cs,cardinal,45,feminine,accusative,čtyřicetpět,čtyřicet pět,spacing only
cs,cardinal,45,feminine,instrumental,čtyřicátýmpátou,čtyřiceti pěti,compounds decline as cardinals (v1 used ordinal forms)
cs,cardinal,45,feminine,locative,čtyřicátémpáté,čtyřiceti pěti,compounds decline as cardinals (v1 used ordinal forms)
cs,cardinal,45,neuter,nominative,čtyřicetpět,čtyřicet pět,spacing only
cs,cardinal,45,neuter,genitive,čtyřicátéhopátého,čtyřiceti pěti,compounds decline as cardinals (v1 used ordinal forms)
cs,cardinal,45,neuter,dative,čtyřicátémupátému,čtyřiceti pěti,compounds decline as cardinals (v1 used ordinal forms)
cs,cardinal,45,neuter,accusative,čtyřicetpět,čtyřicet pět,spacing only
cs,cardinal,45,neuter,instrumental,čtyřicátýmpátým,čtyřiceti pěti,compounds decline as cardinals (v1 used ordinal forms)
cs,cardinal,45,neuter,locative,čtyřicátémpátém,čtyřiceti pěti,compounds decline as cardinals (v1 used ordinal forms)
cs,cardinal,55,masculine,nominative,padesátpět,padesát pět,spacing only
cs,cardinal,55,masculine,genitive,padesátéhopátého,padesáti pěti,compounds decline as cardinals (v1 used ordinal forms)
cs,cardinal,55,masculine,dative,padesátémupátému,padesáti pěti,compounds decline as cardinals (v1 used ordinal forms)
cs,cardinal,55,masculine,accusative,padesátpět,padesát pět,spacing only
cs,cardinal,55,masculine,instrumental,padesátýmpátým,padesáti pěti,compounds decline as cardinals (v1 used ordinal forms)
cs,cardinal,55,masculine,locative,padesátémpátém,padesáti pěti,compounds decline as cardinals (v1 used ordinal forms)
cs,cardinal,55,feminine,nominative,padesátpět,padesát pět,spacing only
cs,cardinal,55,feminine,genitive,padesátéhopáté,padesáti pěti,compounds decline as cardinals (v1 used ordinal forms)
cs,cardinal,55,feminine,dative,padesátémupáté,padesáti pěti,compounds decline as cardinals (v1 used ordinal forms)
cs,cardinal,55,feminine,accusative,padesátpět,padesát pět,spacing only
cs,cardinal,55,feminine,instrumental,padesátýmpátou,padesáti pěti,compounds decline as cardinals (v1 used ordinal forms)
cs,cardinal,55,feminine,locative,padesátémpáté,padesáti pěti,compounds decline as cardinals (v1 used ordinal forms)
cs,cardinal,55,neuter,nominative,padesátpět,padesát pět,spacing only
cs,cardinal,55,neuter,genitive,padesátéhopátého,padesáti pěti,compounds decline as cardinals (v1 used ordinal forms)
cs,cardinal,55,neuter,dative,padesátémupátému,padesáti pěti,compounds decline as cardinals (v1 used ordinal forms)
cs,cardinal,55,neuter,accusative,padesátpět,padesát pět,spacing only
cs,cardinal,55,neuter,instrumental,padesátýmpátým,padesáti pěti,compounds decline as cardinals (v1 used ordinal forms)
cs,cardinal,55,neuter,locative,padesátémpátém,padesáti pěti,compounds decline as cardinals (v1 used ordinal forms)
cs,cardinal,88,masculine,nominative,osmdesátosm,osmdesát osm,spacing only
cs,cardinal,88,masculine,genitive,osmdesátéhoosmého,osmdesáti osmi,compounds decline as cardinals (v1 used ordinal forms)
cs,cardinal,88,masculine,dative,osmdesátémuosmému,osmdesáti osmi,compounds decline as cardinals (v1 used ordinal forms)
cs,cardinal,88,masculine,accusative,osmdesátosm,osmdesát osm,spacing only
cs,cardinal,88,masculine,instrumental,osmdesátýmosmým,osmdesáti osmi,compounds decline as cardinals (v1 used ordinal forms)
cs,cardinal,88,masculine,locative,osmdesátémosmém,osmdesáti osmi,compounds decline as cardinals (v1 used ordinal forms)
cs,cardinal,88,feminine,nominative,osmdesátosm,osmdesát osm,spacing only
cs,cardinal,88,feminine,genitive,osmdesátéhoosmé,osmdesáti osmi,compounds decline as cardinals (v1 used ordinal forms)
cs,cardinal,88,feminine,dative,osmdesátémuosmé,osmdesáti osmi,compounds decline as cardinals (v1 used ordinal forms)
cs,cardinal,88,feminine,accusative,osmdesátosm,osmdesát osm,spacing only
cs,cardinal,88,feminine,instrumental,osmdesátýmosmou,osmdesáti osmi,compounds decline as cardinals (v1 used ordinal forms)
cs,cardinal,88,feminine,locative,osmdesátémosmé,osmdesáti osmi,compounds decline as cardinals (v1 used ordinal forms)
cs,cardinal,88,neuter,nominative,osmdesátosm,osmdesát osm,spacing only
cs,cardinal,88,neuter,genitive,osmdesátéhoosmého,osmdesáti osmi,compounds decline as cardinals (v1 used ordinal forms)
cs,cardinal,88,neuter,dative,osmdesátémuosmému,osmdesáti osmi,compounds decline as cardinals (v1 used ordinal forms)
cs,cardinal,88,neuter,accusative,osmdesátosm,osmdesát osm,spacing only
cs,cardinal,88,neuter,instrumental,osmdesátýmosmým,osmdesáti osmi,compounds decline as cardinals (v1 used ordinal forms)
cs,cardinal,88,neuter,locative,osmdesátémosmém,osmdesáti osmi,compounds decline as cardinals (v1 used ordinal forms)
cs,cardinal,99,masculine,nominative,devadesátdevět,devadesát devět,spacing only
cs,cardinal,99,masculine,genitive,devadesátéhodevátého,devadesáti devíti,compounds decline as cardinals (v1 used ordinal forms)
cs,cardinal,99,masculine,dative,devadesátémudevátému,devadesáti devíti,compounds decline as cardinals (v1 used ordinal forms)
cs,cardinal,99,masculine,accusative,devadesátdevět,devadesát devět,spacing only
cs,cardinal,99,masculine,instrumental,devadesátýmdevátým,devadesáti devíti,compounds decline as cardinals (v1 used ordinal forms)
cs,cardinal,99,masculine,locative,devadesátémdevátém,devadesáti devíti,compounds decline as cardinals (v1 used ordinal forms)
cs,cardinal,99,feminine,nominative,devadesátdevět,devadesát devět,spacing only
cs,cardinal,99,feminine,genitive,devadesátéhodeváté,devadesáti devíti,compounds decline as cardinals (v1 used ordinal forms)
cs,cardinal,99,feminine,dative,devadesátémudeváté,devadesáti devíti,compounds decline as cardinals (v1 used ordinal forms)
cs,cardinal,99,feminine,accusative,devadesátdevět,devadesát devět,spacing only
cs,cardinal,99,feminine,instrumental,devadesátýmdevátou,devadesáti devíti,compounds decline as cardinals (v1 used ordinal forms)
cs,cardinal,99,feminine,locative,devadesátémdeváté,devadesáti devíti,compounds decline as cardinals (v1 used ordinal forms)
cs,cardinal,99,neuter,nominative,devadesátdevět,devadesát devět,spacing only
cs,cardinal,99,neuter,genitive,devadesátéhodevátého,devadesáti devíti,compounds decline as cardinals (v1 used ordinal forms)
cs,cardinal,99,neuter,dative,devadesátémudevátému,devadesáti devíti,compounds decline as cardinals (v1 used ordinal forms)
cs,cardinal,99,neuter,accusative,devadesátdevět,devadesát devět,spacing only
cs,cardinal,99,neuter,instrumental,devadesátýmdevátým,devadesáti devíti,compounds decline as cardinals (v1 used ordinal forms)
cs,cardinal,99,neuter,locative,devadesátémdevátém,devadesáti devíti,compounds decline as cardinals (v1 used ordinal forms)
cs,cardinal,100,masculine,genitive,stého,sta,"sto is a noun: sta, stu, stem; dvě stě, dvou set (stého/stá are ordinals)"
cs,cardinal,100,masculine,dative,stému,stu,"sto is a noun: sta, stu, stem; dvě stě, dvou set (stého/stá are ordinals)"
cs,cardinal,100,masculine,instrumental,stým,stem,"sto is a noun: sta, stu, stem; dvě stě, dvou set (stého/stá are ordinals)"
cs,cardinal,100,masculine,locative,stém,stu,"sto is a noun: sta, stu, stem; dvě stě, dvou set (stého/stá are ordinals)"
cs,cardinal,100,feminine,nominative,stá,sto,"sto is a noun: sta, stu, stem; dvě stě, dvou set (stého/stá are ordinals)"
cs,cardinal,100,feminine,genitive,sté,sta,"sto is a noun: sta, stu, stem; dvě stě, dvou set (stého/stá are ordinals)"
cs,cardinal,100,feminine,dative,sté,stu,"sto is a noun: sta, stu, stem; dvě stě, dvou set (stého/stá are ordinals)"
cs,cardinal,100,feminine,accusative,stou,sto,"sto is a noun: sta, stu, stem; dvě stě, dvou set (stého/stá are ordinals)"
cs,cardinal,100,feminine,instrumental,stou,stem,"sto is a noun: sta, stu, stem; dvě stě, dvou set (stého/stá are ordinals)"
cs,cardinal,100,feminine,locative,sté,stu,"sto is a noun: sta, stu, stem; dvě stě, dvou set (stého/stá are ordinals)"
cs,cardinal,100,neuter,nominative,sté,sto,"sto is a noun: sta, stu, stem; dvě stě, dvou set (stého/stá are ordinals)"
cs,cardinal,100,neuter,genitive,stého,sta,"sto is a noun: sta, stu, stem; dvě stě, dvou set (stého/stá are ordinals)"
cs,cardinal,100,neuter,dative,stému,stu,"sto is a noun: sta, stu, stem; dvě stě, dvou set (stého/stá are ordinals)"
cs,cardinal,100,neuter,accusative,sté,sto,"sto is a noun: sta, stu, stem; dvě stě, dvou set (stého/stá are ordinals)"
cs,cardinal,100,neuter,instrumental,stým,stem,"sto is a noun: sta, stu, stem; dvě stě, dvou set (stého/stá are ordinals)"
cs,cardinal,100,neuter,locative,stém,stu,"sto is a noun: sta, stu, stem; dvě stě, dvou set (stého/stá are ordinals)"
cs,cardinal,101,masculine,nominative,stojeden,sto jedna,"x1 compounds: 'dvacet jedna' in N/A, inverted 'jednadvaceti' in oblique cases"
cs,cardinal,101,masculine,genitive,stojednoho,sto jedna,"x1 compounds: 'dvacet jedna' in N/A, inverted 'jednadvaceti' in oblique cases"
cs,cardinal,101,masculine,dative,stojednomu,sto jedna,"x1 compounds: 'dvacet jedna' in N/A, inverted 'jednadvaceti' in oblique cases"
cs,cardinal,101,masculine,accusative,stojednoho,sto jedna,masc. accusative: inanimate by default (animacy= gives the old form)
cs,cardinal,101,masculine,instrumental,stojedním,sto jedna,"x1 compounds: 'dvacet jedna' in N/A, inverted 'jednadvaceti' in oblique cases"
cs,cardinal,101,masculine,locative,stojednom,sto jedna,"x1 compounds: 'dvacet jedna' in N/A, inverted 'jednadvaceti' in oblique cases"
cs,cardinal,101,feminine,nominative,stájedna,sto jedna,"sto is a noun: sta, stu, stem; dvě stě, dvou set (stého/stá are ordinals)"
cs,cardinal,101,feminine,genitive,stájedné,sto jedna,"sto is a noun: sta, stu, stem; dvě stě, dvou set (stého/stá are ordinals)"
cs,cardinal,101,feminine,dative,stájedné,sto jedna,"sto is a noun: sta, stu, stem; dvě stě, dvou set (stého/stá are ordinals)"
cs,cardinal,101,feminine,accusative,stájednu,sto jedna,"sto is a noun: sta, stu, stem; dvě stě, dvou set (stého/stá are ordinals)"
cs,cardinal,101,feminine,instrumental,stájednou,sto jedna,"sto is a noun: sta, stu, stem; dvě stě, dvou set (stého/stá are ordinals)"
cs,cardinal,101,feminine,locative,stájedné,sto jedna,"sto is a noun: sta, stu, stem; dvě stě, dvou set (stého/stá are ordinals)"
cs,cardinal,101,neuter,nominative,stéjedno,sto jedna,"sto is a noun: sta, stu, stem; dvě stě, dvou set (stého/stá are ordinals)"
cs,cardinal,101,neuter,genitive,stéjednoho,sto jedna,"sto is a noun: sta, stu, stem; dvě stě, dvou set (stého/stá are ordinals)"
cs,cardinal,101,neuter,dative,stéjednomu,sto jedna,"sto is a noun: sta, stu, stem; dvě stě, dvou set (stého/stá are ordinals)"
cs,cardinal,101,neuter,accusative,stéjedno,sto jedna,"sto is a noun: sta, stu, stem; dvě stě, dvou set (stého/stá are ordinals)"
cs,cardinal,101,neuter,instrumental,stéjedním,sto jedna,"sto is a noun: sta, stu, stem; dvě stě, dvou set (stého/stá are ordinals)"
cs,cardinal,101,neuter,locative,stéjednom,sto jedna,"sto is a noun: sta, stu, stem; dvě stě, dvou set (stého/stá are ordinals)"
cs,cardinal,112,masculine,nominative,stodvanáct,sto dvanáct,spacing only
cs,cardinal,112,masculine,genitive,stodvanácti,sto dvanácti,spacing only
cs,cardinal,112,masculine,dative,stodvanácti,sto dvanácti,spacing only
cs,cardinal,112,masculine,accusative,stodvanáct,sto dvanáct,spacing only
cs,cardinal,112,masculine,instrumental,stodvanácti,sto dvanácti,spacing only
cs,cardinal,112,masculine,locative,stodvanácti,sto dvanácti,spacing only
cs,cardinal,112,feminine,nominative,stádvanáct,sto dvanáct,"sto is a noun: sta, stu, stem; dvě stě, dvou set (stého/stá are ordinals)"
cs,cardinal,112,feminine,genitive,stádvanácti,sto dvanácti,"sto is a noun: sta, stu, stem; dvě stě, dvou set (stého/stá are ordinals)"
cs,cardinal,112,feminine,dative,stádvanácti,sto dvanácti,"sto is a noun: sta, stu, stem; dvě stě, dvou set (stého/stá are ordinals)"
cs,cardinal,112,feminine,accusative,stádvanáct,sto dvanáct,"sto is a noun: sta, stu, stem; dvě stě, dvou set (stého/stá are ordinals)"
cs,cardinal,112,feminine,instrumental,stádvanácti,sto dvanácti,"sto is a noun: sta, stu, stem; dvě stě, dvou set (stého/stá are ordinals)"
cs,cardinal,112,feminine,locative,stádvanácti,sto dvanácti,"sto is a noun: sta, stu, stem; dvě stě, dvou set (stého/stá are ordinals)"
cs,cardinal,112,neuter,nominative,stédvanáct,sto dvanáct,"sto is a noun: sta, stu, stem; dvě stě, dvou set (stého/stá are ordinals)"
cs,cardinal,112,neuter,genitive,stédvanácti,sto dvanácti,"sto is a noun: sta, stu, stem; dvě stě, dvou set (stého/stá are ordinals)"
cs,cardinal,112,neuter,dative,stédvanácti,sto dvanácti,"sto is a noun: sta, stu, stem; dvě stě, dvou set (stého/stá are ordinals)"
cs,cardinal,112,neuter,accusative,stédvanáct,sto dvanáct,"sto is a noun: sta, stu, stem; dvě stě, dvou set (stého/stá are ordinals)"
cs,cardinal,112,neuter,instrumental,stédvanácti,sto dvanácti,"sto is a noun: sta, stu, stem; dvě stě, dvou set (stého/stá are ordinals)"
cs,cardinal,112,neuter,locative,stédvanácti,sto dvanácti,"sto is a noun: sta, stu, stem; dvě stě, dvou set (stého/stá are ordinals)"
cs,cardinal,120,masculine,nominative,stodvacet,sto dvacet,spacing only
cs,cardinal,120,masculine,genitive,stodvaceti,sto dvaceti,spacing only
cs,cardinal,120,masculine,dative,stodvaceti,sto dvaceti,spacing only
cs,cardinal,120,masculine,accusative,stodvacet,sto dvacet,spacing only
cs,cardinal,120,masculine,instrumental,stodvaceti,sto dvaceti,spacing only
cs,cardinal,120,masculine,locative,stodvaceti,sto dvaceti,spacing only
cs,cardinal,120,feminine,nominative,stádvacet,sto dvacet,"sto is a noun: sta, stu, stem; dvě stě, dvou set (stého/stá are ordinals)"
cs,cardinal,120,feminine,genitive,stádvaceti,sto dvaceti,"sto is a noun: sta, stu, stem; dvě stě, dvou set (stého/stá are ordinals)"
cs,cardinal,120,feminine,dative,stádvaceti,sto dvaceti,"sto is a noun: sta, stu, stem; dvě stě, dvou set (stého/stá are ordinals)"
cs,cardinal,120,feminine,accusative,stádvacet,sto dvacet,"sto is a noun: sta, stu, stem; dvě stě, dvou set (stého/stá are ordinals)"
cs,cardinal,120,feminine,instrumental,stádvaceti,sto dvaceti,"sto is a noun: sta, stu, stem; dvě stě, dvou set (stého/stá are ordinals)"
cs,cardinal,120,feminine,locative,stádvaceti,sto dvaceti,"sto is a noun: sta, stu, stem; dvě stě, dvou set (stého/stá are ordinals)"
cs,cardinal,120,neuter,nominative,stédvacet,sto dvacet,"sto is a noun: sta, stu, stem; dvě stě, dvou set (stého/stá are ordinals)"
cs,cardinal,120,neuter,genitive,stédvaceti,sto dvaceti,"sto is a noun: sta, stu, stem; dvě stě, dvou set (stého/stá are ordinals)"
cs,cardinal,120,neuter,dative,stédvaceti,sto dvaceti,"sto is a noun: sta, stu, stem; dvě stě, dvou set (stého/stá are ordinals)"
cs,cardinal,120,neuter,accusative,stédvacet,sto dvacet,"sto is a noun: sta, stu, stem; dvě stě, dvou set (stého/stá are ordinals)"
cs,cardinal,120,neuter,instrumental,stédvaceti,sto dvaceti,"sto is a noun: sta, stu, stem; dvě stě, dvou set (stého/stá are ordinals)"
cs,cardinal,120,neuter,locative,stédvaceti,sto dvaceti,"sto is a noun: sta, stu, stem; dvě stě, dvou set (stého/stá are ordinals)"
cs,cardinal,121,masculine,nominative,stodvacetjeden,sto dvacet jedna,"x1 compounds: 'dvacet jedna' in N/A, inverted 'jednadvaceti' in oblique cases"
cs,cardinal,121,masculine,genitive,stodvacátéhojednoho,sto jednadvaceti,"x1 compounds: 'dvacet jedna' in N/A, inverted 'jednadvaceti' in oblique cases"
cs,cardinal,121,masculine,dative,stodvacátémujednomu,sto jednadvaceti,"x1 compounds: 'dvacet jedna' in N/A, inverted 'jednadvaceti' in oblique cases"
cs,cardinal,121,masculine,accusative,stodvacetjednoho,sto dvacet jedna,masc. accusative: inanimate by default (animacy= gives the old form)
cs,cardinal,121,masculine,instrumental,stodvacátýmjedním,sto jednadvaceti,"x1 compounds: 'dvacet jedna' in N/A, inverted 'jednadvaceti' in oblique cases"
cs,cardinal,121,masculine,locative,stodvacátémjednom,sto jednadvaceti,"x1 compounds: 'dvacet jedna' in N/A, inverted 'jednadvaceti' in oblique cases"
cs,cardinal,121,feminine,nominative,stádvacetjedna,sto dvacet jedna,"sto is a noun: sta, stu, stem; dvě stě, dvou set (stého/stá are ordinals)"
cs,cardinal,121,feminine,genitive,stádvacátéhojedné,sto jednadvaceti,"sto is a noun: sta, stu, stem; dvě stě, dvou set (stého/stá are ordinals)"
cs,cardinal,121,feminine,dative,stádvacátémujedné,sto jednadvaceti,"sto is a noun: sta, stu, stem; dvě stě, dvou set (stého/stá are ordinals)"
cs,cardinal,121,feminine,accusative,stádvacetjednu,sto dvacet jedna,"sto is a noun: sta, stu, stem; dvě stě, dvou set (stého/stá are ordinals)"
cs,cardinal,121,feminine,instrumental,stádvacátýmjednou,sto jednadvaceti,"sto is a noun: sta, stu, stem; dvě stě, dvou set (stého/stá are ordinals)"
cs,cardinal,121,feminine,locative,stádvacátémjedné,sto jednadvaceti,"sto is a noun: sta, stu, stem; dvě stě, dvou set (stého/stá are ordinals)"
cs,cardinal,121,neuter,nominative,stédvacetjedno,sto dvacet jedna,"sto is a noun: sta, stu, stem; dvě stě, dvou set (stého/stá are ordinals)"
cs,cardinal,121,neuter,genitive,stédvacátéhojednoho,sto jednadvaceti,"sto is a noun: sta, stu, stem; dvě stě, dvou set (stého/stá are ordinals)"
cs,cardinal,121,neuter,dative,stédvacátémujednomu,sto jednadvaceti,"sto is a noun: sta, stu, stem; dvě stě, dvou set (stého/stá are ordinals)"
cs,cardinal,121,neuter,accusative,stédvacetjedno,sto dvacet jedna,"sto is a noun: sta, stu, stem; dvě stě, dvou set (stého/stá are ordinals)"
cs,cardinal,121,neuter,instrumental,stédvacátýmjedním,sto jednadvaceti,"sto is a noun: sta, stu, stem; dvě stě, dvou set (stého/stá are ordinals)"
cs,cardinal,121,neuter,locative,stédvacátémjednom,sto jednadvaceti,"sto is a noun: sta, stu, stem; dvě stě, dvou set (stého/stá are ordinals)"
cs,cardinal,150,masculine,nominative,stopadesát,sto padesát,spacing only
cs,cardinal,150,masculine,genitive,stopadesáti,sto padesáti,spacing only
cs,cardinal,150,masculine,dative,stopadesáti,sto padesáti,spacing only
cs,cardinal,150,masculine,accusative,stopadesát,sto padesát,spacing only
cs,cardinal,150,masculine,instrumental,stopadesáti,sto padesáti,spacing only
cs,cardinal,150,masculine,locative,stopadesáti,sto padesáti,spacing only
cs,cardinal,150,feminine,nominative,stápadesát,sto padesát,"sto is a noun: sta, stu, stem; dvě stě, dvou set (stého/stá are ordinals)"
cs,cardinal,150,feminine,genitive,stápadesáti,sto padesáti,"sto is a noun: sta, stu, stem; dvě stě, dvou set (stého/stá are ordinals)"
cs,cardinal,150,feminine,dative,stápadesáti,sto padesáti,"sto is a noun: sta, stu, stem; dvě stě, dvou set (stého/stá are ordinals)"
cs,cardinal,150,feminine,accusative,stápadesát,sto padesát,"sto is a noun: sta, stu, stem; dvě stě, dvou set (stého/stá are ordinals)"
cs,cardinal,150,feminine,instrumental,stápadesáti,sto padesáti,"sto is a noun: sta, stu, stem; dvě stě, dvou set (stého/stá are ordinals)"
cs,cardinal,150,feminine,locative,stápadesáti,sto padesáti,"sto is a noun: sta, stu, stem; dvě stě, dvou set (stého/stá are ordinals)"
cs,cardinal,150,neuter,nominative,stépadesát,sto padesát,"sto is a noun: sta, stu, stem; dvě stě, dvou set (stého/stá are ordinals)"
cs,cardinal,150,neuter,genitive,stépadesáti,sto padesáti,"sto is a noun: sta, stu, stem; dvě stě, dvou set (stého/stá are ordinals)"
cs,cardinal,150,neuter,dative,stépadesáti,sto padesáti,"sto is a noun: sta, stu, stem; dvě stě, dvou set (stého/stá are ordinals)"
cs,cardinal,150,neuter,accusative,stépadesát,sto padesát,"sto is a noun: sta, stu, stem; dvě stě, dvou set (stého/stá are ordinals)"
cs,cardinal,150,neuter,instrumental,stépadesáti,sto padesáti,"sto is a noun: sta, stu, stem; dvě stě, dvou set (stého/stá are ordinals)"
cs,cardinal,150,neuter,locative,stépadesáti,sto padesáti,"sto is a noun: sta, stu, stem; dvě stě, dvou set (stého/stá are ordinals)"
cs,cardinal,151,masculine,nominative,stopadesátjeden,sto padesát jedna,"x1 compounds: 'dvacet jedna' in N/A, inverted 'jednadvaceti' in oblique cases"
cs,cardinal,151,masculine,genitive,stopadesátéhojednoho,sto jednapadesáti,"x1 compounds: 'dvacet jedna' in N/A, inverted 'jednadvaceti' in oblique cases"
cs,cardinal,151,masculine,dative,stopadesátémujednomu,sto jednapadesáti,"x1 compounds: 'dvacet jedna' in N/A, inverted 'jednadvaceti' in oblique cases"
cs,cardinal,151,masculine,accusative,stopadesátjednoho,sto padesát jedna,masc. accusative: inanimate by default (animacy= gives the old form)
cs,cardinal,151,masculine,instrumental,stopadesátýmjedním,sto jednapadesáti,"x1 compounds: 'dvacet jedna' in N/A, inverted 'jednadvaceti' in oblique cases"
cs,cardinal,151,masculine,locative,stopadesátémjednom,sto jednapadesáti,"x1 compounds: 'dvacet jedna' in N/A, inverted 'jednadvaceti' in oblique cases"
cs,cardinal,151,feminine,nominative,stápadesátjedna,sto padesát jedna,"sto is a noun: sta, stu, stem; dvě stě, dvou set (stého/stá are ordinals)"
cs,cardinal,151,feminine,genitive,stápadesátéhojedné,sto jednapadesáti,"sto is a noun: sta, stu, stem; dvě stě, dvou set (stého/stá are ordinals)"
cs,cardinal,151,feminine,dative,stápadesátémujedné,sto jednapadesáti,"sto is a noun: sta, stu, stem; dvě stě, dvou set (stého/stá are ordinals)"
cs,cardinal,151,feminine,accusative,stápadesátjednu,sto padesát jedna,"sto is a noun: sta, stu, stem; dvě stě, dvou set (stého/stá are ordinals)"
cs,cardinal,151,feminine,instrumental,stápadesátýmjednou,sto jednapadesáti,"sto is a noun: sta, stu, stem; dvě stě, dvou set (stého/stá are ordinals)"
cs,cardinal,151,feminine,locative,stápadesátémjedné,sto jednapadesáti,"sto is a noun: sta, stu, stem; dvě stě, dvou set (stého/stá are ordinals)"
cs,cardinal,151,neuter,nominative,stépadesátjedno,sto padesát jedna,"sto is a noun: sta, stu, stem; dvě stě, dvou set (stého/stá are ordinals)"
cs,cardinal,151,neuter,genitive,stépadesátéhojednoho,sto jednapadesáti,"sto is a noun: sta, stu, stem; dvě stě, dvou set (stého/stá are ordinals)"
cs,cardinal,151,neuter,dative,stépadesátémujednomu,sto jednapadesáti,"sto is a noun: sta, stu, stem; dvě stě, dvou set (stého/stá are ordinals)"
cs,cardinal,151,neuter,accusative,stépadesátjedno,sto padesát jedna,"sto is a noun: sta, stu, stem; dvě stě, dvou set (stého/stá are ordinals)"
cs,cardinal,151,neuter,instrumental,stépadesátýmjedním,sto jednapadesáti,"sto is a noun: sta, stu, stem; dvě stě, dvou set (stého/stá are ordinals)"
cs,cardinal,151,neuter,locative,stépadesátémjednom,sto jednapadesáti,"sto is a noun: sta, stu, stem; dvě stě, dvou set (stého/stá are ordinals)"
cs,cardinal,195,masculine,nominative,stodevadesátpět,sto devadesát pět,spacing only
cs,cardinal,195,masculine,genitive,stodevadesátéhopátého,sto devadesáti pěti,compounds decline as cardinals (v1 used ordinal forms)
cs,cardinal,195,masculine,dative,stodevadesátémupátému,sto devadesáti pěti,compounds decline as cardinals (v1 used ordinal forms)
cs,cardinal,195,masculine,accusative,stodevadesátpět,sto devadesát pět,spacing only
cs,cardinal,195,masculine,instrumental,stodevadesátýmpátým,sto devadesáti pěti,compounds decline as cardinals (v1 used ordinal forms)
cs,cardinal,195,masculine,locative,stodevadesátémpátém,sto devadesáti pěti,compounds decline as cardinals (v1 used ordinal forms)
cs,cardinal,195,feminine,nominative,stádevadesátpět,sto devadesát pět,"sto is a noun: sta, stu, stem; dvě stě, dvou set (stého/stá are ordinals)"
cs,cardinal,195,feminine,genitive,stádevadesátéhopáté,sto devadesáti pěti,"sto is a noun: sta, stu, stem; dvě stě, dvou set (stého/stá are ordinals)"
cs,cardinal,195,feminine,dative,stádevadesátémupáté,sto devadesáti pěti,"sto is a noun: sta, stu, stem; dvě stě, dvou set (stého/stá are ordinals)"
cs,cardinal,195,feminine,accusative,stádevadesátpět,sto devadesát pět,"sto is a noun: sta, stu, stem; dvě stě, dvou set (stého/stá are ordinals)"
cs,cardinal,195,feminine,instrumental,stádevadesátýmpátou,sto devadesáti pěti,"sto is a noun: sta, stu, stem; dvě stě, dvou set (stého/stá are ordinals)"
cs,cardinal,195,feminine,locative,stádevadesátémpáté,sto devadesáti pěti,"sto is a noun: sta, stu, stem; dvě stě, dvou set (stého/stá are ordinals)"
cs,cardinal,195,neuter,nominative,stédevadesátpět,sto devadesát pět,"sto is a noun: sta, stu, stem; dvě stě, dvou set (stého/stá are ordinals)"
cs,cardinal,195,neuter,genitive,stédevadesátéhopátého,sto devadesáti pěti,"sto is a noun: sta, stu, stem; dvě stě, dvou set (stého/stá are ordinals)"
cs,cardinal,195,neuter,dative,stédevadesátémupátému,sto devadesáti pěti,"sto is a noun: sta, stu, stem; dvě stě, dvou set (stého/stá are ordinals)"
cs,cardinal,195,neuter,accusative,stédevadesátpět,sto devadesát pět,"sto is a noun: sta, stu, stem; dvě stě, dvou set (stého/stá are ordinals)"
cs,cardinal,195,neuter,instrumental,stédevadesátýmpátým,sto devadesáti pěti,"sto is a noun: sta, stu, stem; dvě stě, dvou set (stého/stá are ordinals)"
cs,cardinal,195,neuter,locative,stédevadesátémpátém,sto devadesáti pěti,"sto is a noun: sta, stu, stem; dvě stě, dvou set (stého/stá are ordinals)"
cs,cardinal,200,masculine,nominative,dvěstě,dvě stě,spacing only
cs,cardinal,200,masculine,genitive,dvoustého,dvou set,"sto is a noun: sta, stu, stem; dvě stě, dvou set (stého/stá are ordinals)"
cs,cardinal,200,masculine,dative,dvoustému,dvěma stům,"sto is a noun: sta, stu, stem; dvě stě, dvou set (stého/stá are ordinals)"
cs,cardinal,200,masculine,accusative,dvěstě,dvě stě,spacing only
cs,cardinal,200,masculine,instrumental,dvoustým,dvěma sty,"sto is a noun: sta, stu, stem; dvě stě, dvou set (stého/stá are ordinals)"
cs,cardinal,200,masculine,locative,dvoustém,dvou stech,"sto is a noun: sta, stu, stem; dvě stě, dvou set (stého/stá are ordinals)"
cs,cardinal,200,feminine,nominative,dvěstě,dvě stě,spacing only
cs,cardinal,200,feminine,genitive,dvousté,dvou set,"sto is a noun: sta, stu, stem; dvě stě, dvou set (stého/stá are ordinals)"
cs,cardinal,200,feminine,dative,dvousté,dvěma stům,"sto is a noun: sta, stu, stem; dvě stě, dvou set (stého/stá are ordinals)"
cs,cardinal,200,feminine,accusative,dvěstě,dvě stě,spacing only
cs,cardinal,200,feminine,instrumental,dvoustou,dvěma sty,"sto is a noun: sta, stu, stem; dvě stě, dvou set (stého/stá are ordinals)"
cs,cardinal,200,feminine,locative,dvousté,dvou stech,"sto is a noun: sta, stu, stem; dvě stě, dvou set (stého/stá are ordinals)"
cs,cardinal,200,neuter,nominative,dvěstě,dvě stě,spacing only
cs,cardinal,200,neuter,genitive,dvoustého,dvou set,"sto is a noun: sta, stu, stem; dvě stě, dvou set (stého/stá are ordinals)"
cs,cardinal,200,neuter,dative,dvoustému,dvěma stům,"sto is a noun: sta, stu, stem; dvě stě, dvou set (stého/stá are ordinals)"
cs,cardinal,200,neuter,accusative,dvěstě,dvě stě,spacing only
cs,cardinal,200,neuter,instrumental,dvoustým,dvěma sty,"sto is a noun: sta, stu, stem; dvě stě, dvou set (stého/stá are ordinals)"
cs,cardinal,200,neuter,locative,dvoustém,dvou stech,"sto is a noun: sta, stu, stem; dvě stě, dvou set (stého/stá are ordinals)"
cs,cardinal,201,masculine,nominative,dvěstějeden,dvě stě jedna,"x1 compounds: 'dvacet jedna' in N/A, inverted 'jednadvaceti' in oblique cases"
cs,cardinal,201,masculine,genitive,dvěstějednoho,dvou set jedna,"x1 compounds: 'dvacet jedna' in N/A, inverted 'jednadvaceti' in oblique cases"
cs,cardinal,201,masculine,dative,dvěstějednomu,dvěma stům jedna,"x1 compounds: 'dvacet jedna' in N/A, inverted 'jednadvaceti' in oblique cases"
cs,cardinal,201,masculine,accusative,dvěstějednoho,dvě stě jedna,masc. accusative: inanimate by default (animacy= gives the old form)
cs,cardinal,201,masculine,instrumental,dvěstějedním,dvěma sty jedna,"x1 compounds: 'dvacet jedna' in N/A, inverted 'jednadvaceti' in oblique cases"
cs,cardinal,201,masculine,locative,dvěstějednom,dvou stech jedna,"x1 compounds: 'dvacet jedna' in N/A, inverted 'jednadvaceti' in oblique cases"
cs,cardinal,201,feminine,nominative,dvěstějedna,dvě stě jedna,spacing only
cs,cardinal,201,feminine,genitive,dvěstějedné,dvou set jedna,"x1 compounds: 'dvacet jedna' in N/A, inverted 'jednadvaceti' in oblique cases"
cs,cardinal,201,feminine,dative,dvěstějedné,dvěma stům jedna,"x1 compounds: 'dvacet jedna' in N/A, inverted 'jednadvaceti' in oblique cases"
cs,cardinal,201,feminine,accusative,dvěstějednu,dvě stě jedna,"x1 compounds: 'dvacet jedna' in N/A, inverted 'jednadvaceti' in oblique cases"
cs,cardinal,201,feminine,instrumental,dvěstějednou,dvěma sty jedna,"x1 compounds: 'dvacet jedna' in N/A, inverted 'jednadvaceti' in oblique cases"
cs,cardinal,201,feminine,locative,dvěstějedné,dvou stech jedna,"x1 compounds: 'dvacet jedna' in N/A, inverted 'jednadvaceti' in oblique cases"
cs,cardinal,201,neuter,nominative,dvěstějedno,dvě stě jedna,"x1 compounds: 'dvacet jedna' in N/A, inverted 'jednadvaceti' in oblique cases"
cs,cardinal,201,neuter,genitive,dvěstějednoho,dvou set jedna,"x1 compounds: 'dvacet jedna' in N/A, inverted 'jednadvaceti' in oblique cases"
cs,cardinal,201,neuter,dative,dvěstějednomu,dvěma stům jedna,"x1 compounds: 'dvacet jedna' in N/A, inverted 'jednadvaceti' in oblique cases"
cs,cardinal,201,neuter,accusative,dvěstějedno,dvě stě jedna,"x1 compounds: 'dvacet jedna' in N/A, inverted 'jednadvaceti' in oblique cases"
cs,cardinal,201,neuter,instrumental,dvěstějedním,dvěma sty jedna,"x1 compounds: 'dvacet jedna' in N/A, inverted 'jednadvaceti' in oblique cases"
cs,cardinal,201,neuter,locative,dvěstějednom,dvou stech jedna,"x1 compounds: 'dvacet jedna' in N/A, inverted 'jednadvaceti' in oblique cases"
cs,cardinal,202,masculine,nominative,dvěstědva,dvě stě dva,spacing only
cs,cardinal,202,masculine,genitive,dvěstědvou,dvou set dvou,separate words; long numbers decline per IJP
cs,cardinal,202,masculine,dative,dvěstědvěma,dvěma stům dvěma,separate words; long numbers decline per IJP
cs,cardinal,202,masculine,accusative,dvěstědva,dvě stě dva,spacing only
cs,cardinal,202,masculine,instrumental,dvěstědvěma,dvěma sty dvěma,separate words; long numbers decline per IJP
cs,cardinal,202,masculine,locative,dvěstědvou,dvou stech dvou,separate words; long numbers decline per IJP
cs,cardinal,202,feminine,nominative,dvěstědvě,dvě stě dva,x2 compounds: 'dvacet dva' for all genders (agreement type is an option)
cs,cardinal,202,feminine,genitive,dvěstědvou,dvou set dvou,separate words; long numbers decline per IJP
cs,cardinal,202,feminine,dative,dvěstědvěma,dvěma stům dvěma,separate words; long numbers decline per IJP
cs,cardinal,202,feminine,accusative,dvěstědvě,dvě stě dva,x2 compounds: 'dvacet dva' for all genders (agreement type is an option)
cs,cardinal,202,feminine,instrumental,dvěstědvěma,dvěma sty dvěma,separate words; long numbers decline per IJP
cs,cardinal,202,feminine,locative,dvěstědvou,dvou stech dvou,separate words; long numbers decline per IJP
cs,cardinal,202,neuter,nominative,dvěstědvě,dvě stě dva,x2 compounds: 'dvacet dva' for all genders (agreement type is an option)
cs,cardinal,202,neuter,genitive,dvěstědvou,dvou set dvou,separate words; long numbers decline per IJP
cs,cardinal,202,neuter,dative,dvěstědvěma,dvěma stům dvěma,separate words; long numbers decline per IJP
cs,cardinal,202,neuter,accusative,dvěstědvě,dvě stě dva,x2 compounds: 'dvacet dva' for all genders (agreement type is an option)
cs,cardinal,202,neuter,instrumental,dvěstědvěma,dvěma sty dvěma,separate words; long numbers decline per IJP
cs,cardinal,202,neuter,locative,dvěstědvou,dvou stech dvou,separate words; long numbers decline per IJP
cs,cardinal,213,masculine,nominative,dvěstětřináct,dvě stě třináct,spacing only
cs,cardinal,213,masculine,genitive,dvěstětřinácti,dvou set třinácti,separate words; long numbers decline per IJP
cs,cardinal,213,masculine,dative,dvěstětřinácti,dvěma stům třinácti,separate words; long numbers decline per IJP
cs,cardinal,213,masculine,accusative,dvěstětřináct,dvě stě třináct,spacing only
cs,cardinal,213,masculine,instrumental,dvěstětřinácti,dvěma sty třinácti,separate words; long numbers decline per IJP
cs,cardinal,213,masculine,locative,dvěstětřinácti,dvou stech třinácti,separate words; long numbers decline per IJP
cs,cardinal,213,feminine,nominative,dvěstětřináct,dvě stě třináct,spacing only
cs,cardinal,213,feminine,genitive,dvěstětřinácti,dvou set třinácti,separate words; long numbers decline per IJP
cs,cardinal,213,feminine,dative,dvěstětřinácti,dvěma stům třinácti,separate words; long numbers decline per IJP
cs,cardinal,213,feminine,accusative,dvěstětřináct,dvě stě třináct,spacing only
cs,cardinal,213,feminine,instrumental,dvěstětřinácti,dvěma sty třinácti,separate words; long numbers decline per IJP
cs,cardinal,213,feminine,locative,dvěstětřinácti,dvou stech třinácti,separate words; long numbers decline per IJP
cs,cardinal,213,neuter,nominative,dvěstětřináct,dvě stě třináct,spacing only
cs,cardinal,213,neuter,genitive,dvěstětřinácti,dvou set třinácti,separate words; long numbers decline per IJP
cs,cardinal,213,neuter,dative,dvěstětřinácti,dvěma stům třinácti,separate words; long numbers decline per IJP
cs,cardinal,213,neuter,accusative,dvěstětřináct,dvě stě třináct,spacing only
cs,cardinal,213,neuter,instrumental,dvěstětřinácti,dvěma sty třinácti,separate words; long numbers decline per IJP
cs,cardinal,213,neuter,locative,dvěstětřinácti,dvou stech třinácti,separate words; long numbers decline per IJP
cs,cardinal,224,masculine,nominative,dvěstědvacetčtyři,dvě stě dvacet čtyři,spacing only
cs,cardinal,224,masculine,genitive,dvěstědvacátéhočtvrtého,dvou set dvaceti čtyř,compounds decline as cardinals (v1 used ordinal forms)
cs,cardinal,224,masculine,dative,dvěstědvacátémučtvrtému,dvěma stům dvaceti čtyřem,compounds decline as cardinals (v1 used ordinal forms)
cs,cardinal,224,masculine,accusative,dvěstědvacetčtyři,dvě stě dvacet čtyři,spacing only
cs,cardinal,224,masculine,instrumental,dvěstědvacátýmčtvrtým,dvěma sty dvaceti čtyřmi,compounds decline as cardinals (v1 used ordinal forms)
cs,cardinal,224,masculine,locative,dvěstědvacátémčtvrtém,dvou stech dvaceti čtyřech,compounds decline as cardinals (v1 used ordinal forms)
cs,cardinal,224,feminine,nominative,dvěstědvacetčtyři,dvě stě dvacet čtyři,spacing only
cs,cardinal,224,feminine,genitive,dvěstědvacátéhočtvrté,dvou set dvaceti čtyř,compounds decline as cardinals (v1 used ordinal forms)
cs,cardinal,224,feminine,dative,dvěstědvacátémučtvrté,dvěma stům dvaceti čtyřem,compounds decline as cardinals (v1 used ordinal forms)
cs,cardinal,224,feminine,accusative,dvěstědvacetčtyři,dvě stě dvacet čtyři,spacing only
cs,cardinal,224,feminine,instrumental,dvěstědvacátýmčtvrtou,dvěma sty dvaceti čtyřmi,compounds decline as cardinals (v1 used ordinal forms)
cs,cardinal,224,feminine,locative,dvěstědvacátémčtvrté,dvou stech dvaceti čtyřech,compounds decline as cardinals (v1 used ordinal forms)
cs,cardinal,224,neuter,nominative,dvěstědvacetčtyři,dvě stě dvacet čtyři,spacing only
cs,cardinal,224,neuter,genitive,dvěstědvacátéhočtvrtého,dvou set dvaceti čtyř,compounds decline as cardinals (v1 used ordinal forms)
cs,cardinal,224,neuter,dative,dvěstědvacátémučtvrtému,dvěma stům dvaceti čtyřem,compounds decline as cardinals (v1 used ordinal forms)
cs,cardinal,224,neuter,accusative,dvěstědvacetčtyři,dvě stě dvacet čtyři,spacing only
cs,cardinal,224,neuter,instrumental,dvěstědvacátýmčtvrtým,dvěma sty dvaceti čtyřmi,compounds decline as cardinals (v1 used ordinal forms)
cs,cardinal,224,neuter,locative,dvěstědvacátémčtvrtém,dvou stech dvaceti čtyřech,compounds decline as cardinals (v1 used ordinal forms)
cs,cardinal,300,masculine,nominative,třista,tři sta,spacing only
cs,cardinal,300,masculine,genitive,třístého,tří set,"sto is a noun: sta, stu, stem; dvě stě, dvou set (stého/stá are ordinals)"
cs,cardinal,300,masculine,dative,třístému,třem stům,"sto is a noun: sta, stu, stem; dvě stě, dvou set (stého/stá are ordinals)"
cs,cardinal,300,masculine,accusative,třista,tři sta,spacing only
cs,cardinal,300,masculine,instrumental,třístým,třemi sty,"sto is a noun: sta, stu, stem; dvě stě, dvou set (stého/stá are ordinals)"
cs,cardinal,300,masculine,locative,třístém,třech stech,"sto is a noun: sta, stu, stem; dvě stě, dvou set (stého/stá are ordinals)"
cs,cardinal,300,feminine,nominative,třista,tři sta,spacing only
cs,cardinal,300,feminine,genitive,třísté,tří set,"sto is a noun: sta, stu, stem; dvě stě, dvou set (stého/stá are ordinals)"
cs,cardinal,300,feminine,dative,třísté,třem stům,"sto is a noun: sta, stu, stem; dvě stě, dvou set (stého/stá are ordinals)"
cs,cardinal,300,feminine,accusative,třista,tři sta,spacing only
cs,cardinal,300,feminine,instrumental,třístou,třemi sty,"sto is a noun: sta, stu, stem; dvě stě, dvou set (stého/stá are ordinals)"
cs,cardinal,300,feminine,locative,třísté,třech stech,"sto is a noun: sta, stu, stem; dvě stě, dvou set (stého/stá are ordinals)"
cs,cardinal,300,neuter,nominative,třista,tři sta,spacing only
cs,cardinal,300,neuter,genitive,třístého,tří set,"sto is a noun: sta, stu, stem; dvě stě, dvou set (stého/stá are ordinals)"
cs,cardinal,300,neuter,dative,třístému,třem stům,"sto is a noun: sta, stu, stem; dvě stě, dvou set (stého/stá are ordinals)"
cs,cardinal,300,neuter,accusative,třista,tři sta,spacing only
cs,cardinal,300,neuter,instrumental,třístým,třemi sty,"sto is a noun: sta, stu, stem; dvě stě, dvou set (stého/stá are ordinals)"
cs,cardinal,300,neuter,locative,třístém,třech stech,"sto is a noun: sta, stu, stem; dvě stě, dvou set (stého/stá are ordinals)"
cs,cardinal,303,masculine,nominative,třistatři,tři sta tři,spacing only
cs,cardinal,303,masculine,genitive,třistatří,tří set tří,separate words; long numbers decline per IJP
cs,cardinal,303,masculine,dative,třistatřem,třem stům třem,separate words; long numbers decline per IJP
cs,cardinal,303,masculine,accusative,třistatři,tři sta tři,spacing only
cs,cardinal,303,masculine,instrumental,třistatřemi,třemi sty třemi,separate words; long numbers decline per IJP
cs,cardinal,303,masculine,locative,třistatřech,třech stech třech,separate words; long numbers decline per IJP
cs,cardinal,303,feminine,nominative,třistatři,tři sta tři,spacing only
cs,cardinal,303,feminine,genitive,třistatří,tří set tří,separate words; long numbers decline per IJP
cs,cardinal,303,feminine,dative,třistatřem,třem stům třem,separate words; long numbers decline per IJP
cs,cardinal,303,feminine,accusative,třistatři,tři sta tři,spacing only
cs,cardinal,303,feminine,instrumental,třistatřemi,třemi sty třemi,separate words; long numbers decline per IJP
cs,cardinal,303,feminine,locative,třistatřech,třech stech třech,separate words; long numbers decline per IJP
cs,cardinal,303,neuter,nominative,třistatři,tři sta tři,spacing only
cs,cardinal,303,neuter,genitive,třistatří,tří set tří,separate words; long numbers decline per IJP
cs,cardinal,303,neuter,dative,třistatřem,třem stům třem,separate words; long numbers decline per IJP
cs,cardinal,303,neuter,accusative,třistatři,tři sta tři,spacing only
cs,cardinal,303,neuter,instrumental,třistatřemi,třemi sty třemi,separate words; long numbers decline per IJP
cs,cardinal,303,neuter,locative,třistatřech,třech stech třech,separate words; long numbers decline per IJP
cs,cardinal,313,masculine,nominative,třistatřináct,tři sta třináct,spacing only
cs,cardinal,313,masculine,genitive,třistatřinácti,tří set třinácti,separate words; long numbers decline per IJP
cs,cardinal,313,masculine,dative,třistatřinácti,třem stům třinácti,separate words; long numbers decline per IJP
cs,cardinal,313,masculine,accusative,třistatřináct,tři sta třináct,spacing only
cs,cardinal,313,masculine,instrumental,třistatřinácti,třemi sty třinácti,separate words; long numbers decline per IJP
cs,cardinal,313,masculine,locative,třistatřinácti,třech stech třinácti,separate words; long numbers decline per IJP
cs,cardinal,313,feminine,nominative,třistatřináct,tři sta třináct,spacing only
cs,cardinal,313,feminine,genitive,třistatřinácti,tří set třinácti,separate words; long numbers decline per IJP
cs,cardinal,313,feminine,dative,třistatřinácti,třem stům třinácti,separate words; long numbers decline per IJP
cs,cardinal,313,feminine,accusative,třistatřináct,tři sta třináct,spacing only
cs,cardinal,313,feminine,instrumental,třistatřinácti,třemi sty třinácti,separate words; long numbers decline per IJP
cs,cardinal,313,feminine,locative,třistatřinácti,třech stech třinácti,separate words; long numbers decline per IJP
cs,cardinal,313,neuter,nominative,třistatřináct,tři sta třináct,spacing only
cs,cardinal,313,neuter,genitive,třistatřinácti,tří set třinácti,separate words; long numbers decline per IJP
cs,cardinal,313,neuter,dative,třistatřinácti,třem stům třinácti,separate words; long numbers decline per IJP
cs,cardinal,313,neuter,accusative,třistatřináct,tři sta třináct,spacing only
cs,cardinal,313,neuter,instrumental,třistatřinácti,třemi sty třinácti,separate words; long numbers decline per IJP
cs,cardinal,313,neuter,locative,třistatřinácti,třech stech třinácti,separate words; long numbers decline per IJP
cs,cardinal,333,masculine,nominative,třistatřicettři,tři sta třicet tři,spacing only
cs,cardinal,333,masculine,genitive,třistatřicátéhotřetího,tří set třiceti tří,compounds decline as cardinals (v1 used ordinal forms)
cs,cardinal,333,masculine,dative,třistatřicátémutřetímu,třem stům třiceti třem,compounds decline as cardinals (v1 used ordinal forms)
cs,cardinal,333,masculine,accusative,třistatřicettři,tři sta třicet tři,spacing only
cs,cardinal,333,masculine,instrumental,třistatřicátýmtřetím,třemi sty třiceti třemi,compounds decline as cardinals (v1 used ordinal forms)
cs,cardinal,333,masculine,locative,třistatřicátémtřetím,třech stech třiceti třech,compounds decline as cardinals (v1 used ordinal forms)
cs,cardinal,333,feminine,nominative,třistatřicettři,tři sta třicet tři,spacing only
cs,cardinal,333,feminine,genitive,třistatřicátéhotřetí,tří set třiceti tří,compounds decline as cardinals (v1 used ordinal forms)
cs,cardinal,333,feminine,dative,třistatřicátémutřetí,třem stům třiceti třem,compounds decline as cardinals (v1 used ordinal forms)
cs,cardinal,333,feminine,accusative,třistatřicettři,tři sta třicet tři,spacing only
cs,cardinal,333,feminine,instrumental,třistatřicátýmtřetí,třemi sty třiceti třemi,compounds decline as cardinals (v1 used ordinal forms)
cs,cardinal,333,feminine,locative,třistatřicátémtřetí,třech stech třiceti třech,compounds decline as cardinals (v1 used ordinal forms)
cs,cardinal,333,neuter,nominative,třistatřicettři,tři sta třicet tři,spacing only
cs,cardinal,333,neuter,genitive,třistatřicátéhotřetího,tří set třiceti tří,compounds decline as cardinals (v1 used ordinal forms)
cs,cardinal,333,neuter,dative,třistatřicátémutřetímu,třem stům třiceti třem,compounds decline as cardinals (v1 used ordinal forms)
cs,cardinal,333,neuter,accusative,třistatřicettři,tři sta třicet tři,spacing only
cs,cardinal,333,neuter,instrumental,třistatřicátýmtřetím,třemi sty třiceti třemi,compounds decline as cardinals (v1 used ordinal forms)
cs,cardinal,333,neuter,locative,třistatřicátémtřetím,třech stech třiceti třech,compounds decline as cardinals (v1 used ordinal forms)
cs,cardinal,400,masculine,nominative,čtyřista,čtyři sta,spacing only
cs,cardinal,400,masculine,genitive,čtyřstého,čtyř set,"sto is a noun: sta, stu, stem; dvě stě, dvou set (stého/stá are ordinals)"
cs,cardinal,400,masculine,dative,čtyřstému,čtyřem stům,"sto is a noun: sta, stu, stem; dvě stě, dvou set (stého/stá are ordinals)"
cs,cardinal,400,masculine,accusative,čtyřista,čtyři sta,spacing only
cs,cardinal,400,masculine,instrumental,čtyřstým,čtyřmi sty,"sto is a noun: sta, stu, stem; dvě stě, dvou set (stého/stá are ordinals)"
cs,cardinal,400,masculine,locative,čtyřstém,čtyřech stech,"sto is a noun: sta, stu, stem; dvě stě, dvou set (stého/stá are ordinals)"
cs,cardinal,400,feminine,nominative,čtyřista,čtyři sta,spacing only
cs,cardinal,400,feminine,genitive,čtyřsté,čtyř set,"sto is a noun: sta, stu, stem; dvě stě, dvou set (stého/stá are ordinals)"
cs,cardinal,400,feminine,dative,čtyřsté,čtyřem stům,"sto is a noun: sta, stu, stem; dvě stě, dvou set (stého/stá are ordinals)"
cs,cardinal,400,feminine,accusative,čtyřista,čtyři sta,spacing only
cs,cardinal,400,feminine,instrumental,čtyřstou,čtyřmi sty,"sto is a noun: sta, stu, stem; dvě stě, dvou set (stého/stá are ordinals)"
cs,cardinal,400,feminine,locative,čtyřsté,čtyřech stech,"sto is a noun: sta, stu, stem; dvě stě, dvou set (stého/stá are ordinals)"
cs,cardinal,400,neuter,nominative,čtyřista,čtyři sta,spacing only
cs,cardinal,400,neuter,genitive,čtyřstého,čtyř set,"sto is a noun: sta, stu, stem; dvě stě, dvou set (stého/stá are ordinals)"
cs,cardinal,400,neuter,dative,čtyřstému,čtyřem stům,"sto is a noun: sta, stu, stem; dvě stě, dvou set (stého/stá are ordinals)"
cs,cardinal,400,neuter,accusative,čtyřista,čtyři sta,spacing only
cs,cardinal,400,neuter,instrumental,čtyřstým,čtyřmi sty,"sto is a noun: sta, stu, stem; dvě stě, dvou set (stého/stá are ordinals)"
cs,cardinal,400,neuter,locative,čtyřstém,čtyřech stech,"sto is a noun: sta, stu, stem; dvě stě, dvou set (stého/stá are ordinals)"
cs,cardinal,404,masculine,nominative,čtyřistačtyři,čtyři sta čtyři,spacing only
cs,cardinal,404,masculine,genitive,čtyřistačtyř,čtyř set čtyř,separate words; long numbers decline per IJP
cs,cardinal,404,masculine,dative,čtyřistačtyřem,čtyřem stům čtyřem,separate words; long numbers decline per IJP
cs,cardinal,404,masculine,accusative,čtyřistačtyři,čtyři sta čtyři,spacing only
cs,cardinal,404,masculine,instrumental,čtyřistačtyřmi,čtyřmi sty čtyřmi,separate words; long numbers decline per IJP
cs,cardinal,404,masculine,locative,čtyřistačtyřech,čtyřech stech čtyřech,separate words; long numbers decline per IJP
cs,cardinal,404,feminine,nominative,čtyřistačtyři,čtyři sta čtyři,spacing only
cs,cardinal,404,feminine,genitive,čtyřistačtyř,čtyř set čtyř,separate words; long numbers decline per IJP
cs,cardinal,404,feminine,dative,čtyřistačtyřem,čtyřem stům čtyřem,separate words; long numbers decline per IJP
cs,cardinal,404,feminine,accusative,čtyřistačtyři,čtyři sta čtyři,spacing only
cs,cardinal,404,feminine,instrumental,čtyřistačtyřmi,čtyřmi sty čtyřmi,separate words; long numbers decline per IJP
cs,cardinal,404,feminine,locative,čtyřistačtyřech,čtyřech stech čtyřech,separate words; long numbers decline per IJP
cs,cardinal,404,neuter,nominative,čtyřistačtyři,čtyři sta čtyři,spacing only
cs,cardinal,404,neuter,genitive,čtyřistačtyř,čtyř set čtyř,separate words; long numbers decline per IJP
cs,cardinal,404,neuter,dative,čtyřistačtyřem,čtyřem stům čtyřem,separate words; long numbers decline per IJP
cs,cardinal,404,neuter,accusative,čtyřistačtyři,čtyři sta čtyři,spacing only
cs,cardinal,404,neuter,instrumental,čtyřistačtyřmi,čtyřmi sty čtyřmi,separate words; long numbers decline per IJP
cs,cardinal,404,neuter,locative,čtyřistačtyřech,čtyřech stech čtyřech,separate words; long numbers decline per IJP
cs,cardinal,414,masculine,nominative,čtyřistačtrnáct,čtyři sta čtrnáct,spacing only
cs,cardinal,414,masculine,genitive,čtyřistačtrnácti,čtyř set čtrnácti,separate words; long numbers decline per IJP
cs,cardinal,414,masculine,dative,čtyřistačtrnácti,čtyřem stům čtrnácti,separate words; long numbers decline per IJP
cs,cardinal,414,masculine,accusative,čtyřistačtrnáct,čtyři sta čtrnáct,spacing only
cs,cardinal,414,masculine,instrumental,čtyřistačtrnácti,čtyřmi sty čtrnácti,separate words; long numbers decline per IJP
cs,cardinal,414,masculine,locative,čtyřistačtrnácti,čtyřech stech čtrnácti,separate words; long numbers decline per IJP
cs,cardinal,414,feminine,nominative,čtyřistačtrnáct,čtyři sta čtrnáct,spacing only
cs,cardinal,414,feminine,genitive,čtyřistačtrnácti,čtyř set čtrnácti,separate words; long numbers decline per IJP
cs,cardinal,414,feminine,dative,čtyřistačtrnácti,čtyřem stům čtrnácti,separate words; long numbers decline per IJP
cs,cardinal,414,feminine,accusative,čtyřistačtrnáct,čtyři sta čtrnáct,spacing only
cs,cardinal,414,feminine,instrumental,čtyřistačtrnácti,čtyřmi sty čtrnácti,separate words; long numbers decline per IJP
cs,cardinal,414,feminine,locative,čtyřistačtrnácti,čtyřech stech čtrnácti,separate words; long numbers decline per IJP
cs,cardinal,414,neuter,nominative,čtyřistačtrnáct,čtyři sta čtrnáct,spacing only
cs,cardinal,414,neuter,genitive,čtyřistačtrnácti,čtyř set čtrnácti,separate words; long numbers decline per IJP
cs,cardinal,414,neuter,dative,čtyřistačtrnácti,čtyřem stům čtrnácti,separate words; long numbers decline per IJP
cs,cardinal,414,neuter,accusative,čtyřistačtrnáct,čtyři sta čtrnáct,spacing only
cs,cardinal,414,neuter,instrumental,čtyřistačtrnácti,čtyřmi sty čtrnácti,separate words; long numbers decline per IJP
cs,cardinal,414,neuter,locative,čtyřistačtrnácti,čtyřech stech čtrnácti,separate words; long numbers decline per IJP
cs,cardinal,444,masculine,nominative,čtyřistačtyřicetčtyři,čtyři sta čtyřicet čtyři,spacing only
cs,cardinal,444,masculine,genitive,čtyřistačtyřicátéhočtvrtého,čtyř set čtyřiceti čtyř,compounds decline as cardinals (v1 used ordinal forms)
cs,cardinal,444,masculine,dative,čtyřistačtyřicátémučtvrtému,čtyřem stům čtyřiceti čtyřem,compounds decline as cardinals (v1 used ordinal forms)
cs,cardinal,444,masculine,accusative,čtyřistačtyřicetčtyři,čtyři sta čtyřicet čtyři,spacing only
cs,cardinal,444,masculine,instrumental,čtyřistačtyřicátýmčtvrtým,čtyřmi sty čtyřiceti čtyřmi,compounds decline as cardinals (v1 used ordinal forms)
cs,cardinal,444,masculine,locative,čtyřistačtyřicátémčtvrtém,čtyřech stech čtyřiceti čtyřech,compounds decline as cardinals (v1 used ordinal forms)
cs,cardinal,444,feminine,nominative,čtyřistačtyřicetčtyři,čtyři sta čtyřicet čtyři,spacing only
cs,cardinal,444,feminine,genitive,čtyřistačtyřicátéhočtvrté,čtyř set čtyřiceti čtyř,compounds decline as cardinals (v1 used ordinal forms)
cs,cardinal,444,feminine,dative,čtyřistačtyřicátémučtvrté,čtyřem stům čtyřiceti čtyřem,compounds decline as cardinals (v1 used ordinal forms)
cs,cardinal,444,feminine,accusative,čtyřistačtyřicetčtyři,čtyři sta čtyřicet čtyři,spacing only
cs,cardinal,444,feminine,instrumental,čtyřistačtyřicátýmčtvrtou,čtyřmi sty čtyřiceti čtyřmi,compounds decline as cardinals (v1 used ordinal forms)
cs,cardinal,444,feminine,locative,čtyřistačtyřicátémčtvrté,čtyřech stech čtyřiceti čtyřech,compounds decline as cardinals (v1 used ordinal forms)
cs,cardinal,444,neuter,nominative,čtyřistačtyřicetčtyři,čtyři sta čtyřicet čtyři,spacing only
cs,cardinal,444,neuter,genitive,čtyřistačtyřicátéhočtvrtého,čtyř set čtyřiceti čtyř,compounds decline as cardinals (v1 used ordinal forms)
cs,cardinal,444,neuter,dative,čtyřistačtyřicátémučtvrtému,čtyřem stům čtyřiceti čtyřem,compounds decline as cardinals (v1 used ordinal forms)
cs,cardinal,444,neuter,accusative,čtyřistačtyřicetčtyři,čtyři sta čtyřicet čtyři,spacing only
cs,cardinal,444,neuter,instrumental,čtyřistačtyřicátýmčtvrtým,čtyřmi sty čtyřiceti čtyřmi,compounds decline as cardinals (v1 used ordinal forms)
cs,cardinal,444,neuter,locative,čtyřistačtyřicátémčtvrtém,čtyřech stech čtyřiceti čtyřech,compounds decline as cardinals (v1 used ordinal forms)
cs,cardinal,1000,masculine,genitive,tisícího,tisíce,"tisíc declines as a noun: tisíce, tisíci, tisícem (tisícího etc. are ordinals)"
cs,cardinal,1000,masculine,dative,tisícímu,tisíci,"tisíc declines as a noun: tisíce, tisíci, tisícem (tisícího etc. are ordinals)"
cs,cardinal,1000,masculine,instrumental,tisícím,tisícem,"tisíc declines as a noun: tisíce, tisíci, tisícem (tisícího etc. are ordinals)"
cs,cardinal,1000,masculine,locative,tisícím,tisíci,"tisíc declines as a noun: tisíce, tisíci, tisícem (tisícího etc. are ordinals)"
cs,cardinal,1000,feminine,genitive,tisící,tisíce,"tisíc declines as a noun: tisíce, tisíci, tisícem (tisícího etc. are ordinals)"
cs,cardinal,1000,feminine,dative,tisící,tisíci,"tisíc declines as a noun: tisíce, tisíci, tisícem (tisícího etc. are ordinals)"
cs,cardinal,1000,feminine,instrumental,tisící,tisícem,"tisíc declines as a noun: tisíce, tisíci, tisícem (tisícího etc. are ordinals)"
cs,cardinal,1000,feminine,locative,tisící,tisíci,"tisíc declines as a noun: tisíce, tisíci, tisícem (tisícího etc. are ordinals)"
cs,cardinal,1000,neuter,genitive,tisícího,tisíce,"tisíc declines as a noun: tisíce, tisíci, tisícem (tisícího etc. are ordinals)"
cs,cardinal,1000,neuter,dative,tisícímu,tisíci,"tisíc declines as a noun: tisíce, tisíci, tisícem (tisícího etc. are ordinals)"
cs,cardinal,1000,neuter,instrumental,tisícím,tisícem,"tisíc declines as a noun: tisíce, tisíci, tisícem (tisícího etc. are ordinals)"
cs,cardinal,1000,neuter,locative,tisícím,tisíci,"tisíc declines as a noun: tisíce, tisíci, tisícem (tisícího etc. are ordinals)"
cs,cardinal,1001,masculine,nominative,tisícjeden,tisíc jedna,"x1 compounds: 'dvacet jedna' in N/A, inverted 'jednadvaceti' in oblique cases"
cs,cardinal,1001,masculine,genitive,tisícjednoho,tisíce jedna,"x1 compounds: 'dvacet jedna' in N/A, inverted 'jednadvaceti' in oblique cases"
cs,cardinal,1001,masculine,dative,tisícjednomu,tisíci jedna,"x1 compounds: 'dvacet jedna' in N/A, inverted 'jednadvaceti' in oblique cases"
cs,cardinal,1001,masculine,accusative,tisícjednoho,tisíc jedna,masc. accusative: inanimate by default (animacy= gives the old form)
cs,cardinal,1001,masculine,instrumental,tisícjedním,tisícem jedna,"x1 compounds: 'dvacet jedna' in N/A, inverted 'jednadvaceti' in oblique cases"
cs,cardinal,1001,masculine,locative,tisícjednom,tisíci jedna,"x1 compounds: 'dvacet jedna' in N/A, inverted 'jednadvaceti' in oblique cases"
cs,cardinal,1001,feminine,nominative,tisícjedna,tisíc jedna,spacing only
cs,cardinal,1001,feminine,genitive,tisícjedné,tisíce jedna,"x1 compounds: 'dvacet jedna' in N/A, inverted 'jednadvaceti' in oblique cases"
cs,cardinal,1001,feminine,dative,tisícjedné,tisíci jedna,"x1 compounds: 'dvacet jedna' in N/A, inverted 'jednadvaceti' in oblique cases"
cs,cardinal,1001,feminine,accusative,tisícjednu,tisíc jedna,"x1 compounds: 'dvacet jedna' in N/A, inverted 'jednadvaceti' in oblique cases"
cs,cardinal,1001,feminine,instrumental,tisícjednou,tisícem jedna,"x1 compounds: 'dvacet jedna' in N/A, inverted 'jednadvaceti' in oblique cases"
cs,cardinal,1001,feminine,locative,tisícjedné,tisíci jedna,"x1 compounds: 'dvacet jedna' in N/A, inverted 'jednadvaceti' in oblique cases"
cs,cardinal,1001,neuter,nominative,tisícjedno,tisíc jedna,"x1 compounds: 'dvacet jedna' in N/A, inverted 'jednadvaceti' in oblique cases"
cs,cardinal,1001,neuter,genitive,tisícjednoho,tisíce jedna,"x1 compounds: 'dvacet jedna' in N/A, inverted 'jednadvaceti' in oblique cases"
cs,cardinal,1001,neuter,dative,tisícjednomu,tisíci jedna,"x1 compounds: 'dvacet jedna' in N/A, inverted 'jednadvaceti' in oblique cases"
cs,cardinal,1001,neuter,accusative,tisícjedno,tisíc jedna,"x1 compounds: 'dvacet jedna' in N/A, inverted 'jednadvaceti' in oblique cases"
cs,cardinal,1001,neuter,instrumental,tisícjedním,tisícem jedna,"x1 compounds: 'dvacet jedna' in N/A, inverted 'jednadvaceti' in oblique cases"
cs,cardinal,1001,neuter,locative,tisícjednom,tisíci jedna,"x1 compounds: 'dvacet jedna' in N/A, inverted 'jednadvaceti' in oblique cases"
cs,cardinal,1010,masculine,nominative,tisícdeset,tisíc deset,spacing only
cs,cardinal,1010,masculine,genitive,tisícdeseti,tisíce deseti,separate words; long numbers decline per IJP
cs,cardinal,1010,masculine,dative,tisícdeseti,tisíci deseti,separate words; long numbers decline per IJP
cs,cardinal,1010,masculine,accusative,tisícdeset,tisíc deset,spacing only
cs,cardinal,1010,masculine,instrumental,tisícdeseti,tisícem deseti,separate words; long numbers decline per IJP
cs,cardinal,1010,masculine,locative,tisícdeseti,tisíci deseti,separate words; long numbers decline per IJP
cs,cardinal,1010,feminine,nominative,tisícdeset,tisíc deset,spacing only
cs,cardinal,1010,feminine,genitive,tisícdeseti,tisíce deseti,separate words; long numbers decline per IJP
cs,cardinal,1010,feminine,dative,tisícdeseti,tisíci deseti,separate words; long numbers decline per IJP
cs,cardinal,1010,feminine,accusative,tisícdeset,tisíc deset,spacing only
cs,cardinal,1010,feminine,instrumental,tisícdeseti,tisícem deseti,separate words; long numbers decline per IJP
cs,cardinal,1010,feminine,locative,tisícdeseti,tisíci deseti,separate words; long numbers decline per IJP
cs,cardinal,1010,neuter,nominative,tisícdeset,tisíc deset,spacing only
cs,cardinal,1010,neuter,genitive,tisícdeseti,tisíce deseti,separate words; long numbers decline per IJP
cs,cardinal,1010,neuter,dative,tisícdeseti,tisíci deseti,separate words; long numbers decline per IJP
cs,cardinal,1010,neuter,accusative,tisícdeset,tisíc deset,spacing only
cs,cardinal,1010,neuter,instrumental,tisícdeseti,tisícem deseti,separate words; long numbers decline per IJP
cs,cardinal,1010,neuter,locative,tisícdeseti,tisíci deseti,separate words; long numbers decline per IJP
cs,cardinal,1011,masculine,nominative,tisícjedenáct,tisíc jedenáct,spacing only
cs,cardinal,1011,masculine,genitive,tisícjedenácti,tisíce jedenácti,separate words; long numbers decline per IJP
cs,cardinal,1011,masculine,dative,tisícjedenácti,tisíci jedenácti,separate words; long numbers decline per IJP
cs,cardinal,1011,masculine,accusative,tisícjedenáct,tisíc jedenáct,spacing only
cs,cardinal,1011,masculine,instrumental,tisícjedenácti,tisícem jedenácti,separate words; long numbers decline per IJP
cs,cardinal,1011,masculine,locative,tisícjedenácti,tisíci jedenácti,separate words; long numbers decline per IJP
cs,cardinal,1011,feminine,nominative,tisícjedenáct,tisíc jedenáct,spacing only
cs,cardinal,1011,feminine,genitive,tisícjedenácti,tisíce jedenácti,separate words; long numbers decline per IJP
cs,cardinal,1011,feminine,dative,tisícjedenácti,tisíci jedenácti,separate words; long numbers decline per IJP
cs,cardinal,1011,feminine,accusative,tisícjedenáct,tisíc jedenáct,spacing only
cs,cardinal,1011,feminine,instrumental,tisícjedenácti,tisícem jedenácti,separate words; long numbers decline per IJP
cs,cardinal,1011,feminine,locative,tisícjedenácti,tisíci jedenácti,separate words; long numbers decline per IJP
cs,cardinal,1011,neuter,nominative,tisícjedenáct,tisíc jedenáct,spacing only
cs,cardinal,1011,neuter,genitive,tisícjedenácti,tisíce jedenácti,separate words; long numbers decline per IJP
cs,cardinal,1011,neuter,dative,tisícjedenácti,tisíci jedenácti,separate words; long numbers decline per IJP
cs,cardinal,1011,neuter,accusative,tisícjedenáct,tisíc jedenáct,spacing only
cs,cardinal,1011,neuter,instrumental,tisícjedenácti,tisícem jedenácti,separate words; long numbers decline per IJP
cs,cardinal,1011,neuter,locative,tisícjedenácti,tisíci jedenácti,separate words; long numbers decline per IJP
cs,cardinal,1025,masculine,nominative,tisícdvacetpět,tisíc dvacet pět,spacing only
cs,cardinal,1025,masculine,genitive,tisícdvacátéhopátého,tisíce dvaceti pěti,compounds decline as cardinals (v1 used ordinal forms)
cs,cardinal,1025,masculine,dative,tisícdvacátémupátému,tisíci dvaceti pěti,compounds decline as cardinals (v1 used ordinal forms)
cs,cardinal,1025,masculine,accusative,tisícdvacetpět,tisíc dvacet pět,spacing only
cs,cardinal,1025,masculine,instrumental,tisícdvacátýmpátým,tisícem dvaceti pěti,compounds decline as cardinals (v1 used ordinal forms)
cs,cardinal,1025,masculine,locative,tisícdvacátémpátém,tisíci dvaceti pěti,compounds decline as cardinals (v1 used ordinal forms)
cs,cardinal,1025,feminine,nominative,tisícdvacetpět,tisíc dvacet pět,spacing only
cs,cardinal,1025,feminine,genitive,tisícdvacátéhopáté,tisíce dvaceti pěti,compounds decline as cardinals (v1 used ordinal forms)
cs,cardinal,1025,feminine,dative,tisícdvacátémupáté,tisíci dvaceti pěti,compounds decline as cardinals (v1 used ordinal forms)
cs,cardinal,1025,feminine,accusative,tisícdvacetpět,tisíc dvacet pět,spacing only
cs,cardinal,1025,feminine,instrumental,tisícdvacátýmpátou,tisícem dvaceti pěti,compounds decline as cardinals (v1 used ordinal forms)
cs,cardinal,1025,feminine,locative,tisícdvacátémpáté,tisíci dvaceti pěti,compounds decline as cardinals (v1 used ordinal forms)
cs,cardinal,1025,neuter,nominative,tisícdvacetpět,tisíc dvacet pět,spacing only
cs,cardinal,1025,neuter,genitive,tisícdvacátéhopátého,tisíce dvaceti pěti,compounds decline as cardinals (v1 used ordinal forms)
cs,cardinal,1025,neuter,dative,tisícdvacátémupátému,tisíci dvaceti pěti,compounds decline as cardinals (v1 used ordinal forms)
cs,cardinal,1025,neuter,accusative,tisícdvacetpět,tisíc dvacet pět,spacing only
cs,cardinal,1025,neuter,instrumental,tisícdvacátýmpátým,tisícem dvaceti pěti,compounds decline as cardinals (v1 used ordinal forms)
cs,cardinal,1025,neuter,locative,tisícdvacátémpátém,tisíci dvaceti pěti,compounds decline as cardinals (v1 used ordinal forms)
cs,cardinal,1050,masculine,nominative,tisícpadesát,tisíc padesát,spacing only
cs,cardinal,1050,masculine,genitive,tisícpadesáti,tisíce padesáti,separate words; long numbers decline per IJP
cs,cardinal,1050,masculine,dative,tisícpadesáti,tisíci padesáti,separate words; long numbers decline per IJP
cs,cardinal,1050,masculine,accusative,tisícpadesát,tisíc padesát,spacing only
cs,cardinal,1050,masculine,instrumental,tisícpadesáti,tisícem padesáti,separate words; long numbers decline per IJP
cs,cardinal,1050,masculine,locative,tisícpadesáti,tisíci padesáti,separate words; long numbers decline per IJP
cs,cardinal,1050,feminine,nominative,tisícpadesát,tisíc padesát,spacing only
cs,cardinal,1050,feminine,genitive,tisícpadesáti,tisíce padesáti,separate words; long numbers decline per IJP
cs,cardinal,1050,feminine,dative,tisícpadesáti,tisíci padesáti,separate words; long numbers decline per IJP
cs,cardinal,1050,feminine,accusative,tisícpadesát,tisíc padesát,spacing only
cs,cardinal,1050,feminine,instrumental,tisícpadesáti,tisícem padesáti,separate words; long numbers decline per IJP
cs,cardinal,1050,feminine,locative,tisícpadesáti,tisíci padesáti,separate words; long numbers decline per IJP
cs,cardinal,1050,neuter,nominative,tisícpadesát,tisíc padesát,spacing only
cs,cardinal,1050,neuter,genitive,tisícpadesáti,tisíce padesáti,separate words; long numbers decline per IJP
cs,cardinal,1050,neuter,dative,tisícpadesáti,tisíci padesáti,separate words; long numbers decline per IJP
cs,cardinal,1050,neuter,accusative,tisícpadesát,tisíc padesát,spacing only
cs,cardinal,1050,neuter,instrumental,tisícpadesáti,tisícem padesáti,separate words; long numbers decline per IJP
cs,cardinal,1050,neuter,locative,tisícpadesáti,tisíci padesáti,separate words; long numbers decline per IJP
cs,cardinal,1098,masculine,nominative,tisícdevadesátosm,tisíc devadesát osm,spacing only
cs,cardinal,1098,masculine,genitive,tisícdevadesátéhoosmého,tisíce devadesáti osmi,compounds decline as cardinals (v1 used ordinal forms)
cs,cardinal,1098,masculine,dative,tisícdevadesátémuosmému,tisíci devadesáti osmi,compounds decline as cardinals (v1 used ordinal forms)
cs,cardinal,1098,masculine,accusative,tisícdevadesátosm,tisíc devadesát osm,spacing only
cs,cardinal,1098,masculine,instrumental,tisícdevadesátýmosmým,tisícem devadesáti osmi,compounds decline as cardinals (v1 used ordinal forms)
cs,cardinal,1098,masculine,locative,tisícdevadesátémosmém,tisíci devadesáti osmi,compounds decline as cardinals (v1 used ordinal forms)
cs,cardinal,1098,feminine,nominative,tisícdevadesátosm,tisíc devadesát osm,spacing only
cs,cardinal,1098,feminine,genitive,tisícdevadesátéhoosmé,tisíce devadesáti osmi,compounds decline as cardinals (v1 used ordinal forms)
cs,cardinal,1098,feminine,dative,tisícdevadesátémuosmé,tisíci devadesáti osmi,compounds decline as cardinals (v1 used ordinal forms)
cs,cardinal,1098,feminine,accusative,tisícdevadesátosm,tisíc devadesát osm,spacing only
cs,cardinal,1098,feminine,instrumental,tisícdevadesátýmosmou,tisícem devadesáti osmi,compounds decline as cardinals (v1 used ordinal forms)
cs,cardinal,1098,feminine,locative,tisícdevadesátémosmé,tisíci devadesáti osmi,compounds decline as cardinals (v1 used ordinal forms)
cs,cardinal,1098,neuter,nominative,tisícdevadesátosm,tisíc devadesát osm,spacing only
cs,cardinal,1098,neuter,genitive,tisícdevadesátéhoosmého,tisíce devadesáti osmi,compounds decline as cardinals (v1 used ordinal forms)
cs,cardinal,1098,neuter,dative,tisícdevadesátémuosmému,tisíci devadesáti osmi,compounds decline as cardinals (v1 used ordinal forms)
cs,cardinal,1098,neuter,accusative,tisícdevadesátosm,tisíc devadesát osm,spacing only
cs,cardinal,1098,neuter,instrumental,tisícdevadesátýmosmým,tisícem devadesáti osmi,compounds decline as cardinals (v1 used ordinal forms)
cs,cardinal,1098,neuter,locative,tisícdevadesátémosmém,tisíci devadesáti osmi,compounds decline as cardinals (v1 used ordinal forms)
cs,cardinal,1100,masculine,nominative,tisícsto,tisíc sto,spacing only
cs,cardinal,1100,masculine,genitive,tisícstého,tisíce sta,"sto is a noun: sta, stu, stem; dvě stě, dvou set (stého/stá are ordinals)"
cs,cardinal,1100,masculine,dative,tisícstému,tisíci stu,"sto is a noun: sta, stu, stem; dvě stě, dvou set (stého/stá are ordinals)"
cs,cardinal,1100,masculine,accusative,tisícsto,tisíc sto,spacing only
cs,cardinal,1100,masculine,instrumental,tisícstým,tisícem stem,"sto is a noun: sta, stu, stem; dvě stě, dvou set (stého/stá are ordinals)"
cs,cardinal,1100,masculine,locative,tisícstém,tisíci stu,"sto is a noun: sta, stu, stem; dvě stě, dvou set (stého/stá are ordinals)"
cs,cardinal,1100,feminine,nominative,tisícstá,tisíc sto,"sto is a noun: sta, stu, stem; dvě stě, dvou set (stého/stá are ordinals)"
cs,cardinal,1100,feminine,genitive,tisícsté,tisíce sta,"sto is a noun: sta, stu, stem; dvě stě, dvou set (stého/stá are ordinals)"
cs,cardinal,1100,feminine,dative,tisícsté,tisíci stu,"sto is a noun: sta, stu, stem; dvě stě, dvou set (stého/stá are ordinals)"
cs,cardinal,1100,feminine,accusative,tisícstou,tisíc sto,"sto is a noun: sta, stu, stem; dvě stě, dvou set (stého/stá are ordinals)"
cs,cardinal,1100,feminine,instrumental,tisícstou,tisícem stem,"sto is a noun: sta, stu, stem; dvě stě, dvou set (stého/stá are ordinals)"
cs,cardinal,1100,feminine,locative,tisícsté,tisíci stu,"sto is a noun: sta, stu, stem; dvě stě, dvou set (stého/stá are ordinals)"
cs,cardinal,1100,neuter,nominative,tisícsté,tisíc sto,"sto is a noun: sta, stu, stem; dvě stě, dvou set (stého/stá are ordinals)"
cs,cardinal,1100,neuter,genitive,tisícstého,tisíce sta,"sto is a noun: sta, stu, stem; dvě stě, dvou set (stého/stá are ordinals)"
cs,cardinal,1100,neuter,dative,tisícstému,tisíci stu,"sto is a noun: sta, stu, stem; dvě stě, dvou set (stého/stá are ordinals)"
cs,cardinal,1100,neuter,accusative,tisícsté,tisíc sto,"sto is a noun: sta, stu, stem; dvě stě, dvou set (stého/stá are ordinals)"
cs,cardinal,1100,neuter,instrumental,tisícstým,tisícem stem,"sto is a noun: sta, stu, stem; dvě stě, dvou set (stého/stá are ordinals)"
cs,cardinal,1100,neuter,locative,tisícstém,tisíci stu,"sto is a noun: sta, stu, stem; dvě stě, dvou set (stého/stá are ordinals)"
cs,cardinal,1101,masculine,nominative,tisícstojeden,tisíc sto jedna,"x1 compounds: 'dvacet jedna' in N/A, inverted 'jednadvaceti' in oblique cases"
cs,cardinal,1101,masculine,genitive,tisícstojednoho,tisíc sto jedna,"x1 compounds: 'dvacet jedna' in N/A, inverted 'jednadvaceti' in oblique cases"
cs,cardinal,1101,masculine,dative,tisícstojednomu,tisíc sto jedna,"x1 compounds: 'dvacet jedna' in N/A, inverted 'jednadvaceti' in oblique cases"
cs,cardinal,1101,masculine,accusative,tisícstojednoho,tisíc sto jedna,masc. accusative: inanimate by default (animacy= gives the old form)
cs,cardinal,1101,masculine,instrumental,tisícstojedním,tisíc sto jedna,"x1 compounds: 'dvacet jedna' in N/A, inverted 'jednadvaceti' in oblique cases"
cs,cardinal,1101,masculine,locative,tisícstojednom,tisíc sto jedna,"x1 compounds: 'dvacet jedna' in N/A, inverted 'jednadvaceti' in oblique cases"
cs,cardinal,1101,feminine,nominative,tisícstájedna,tisíc sto jedna,"sto is a noun: sta, stu, stem; dvě stě, dvou set (stého/stá are ordinals)"
cs,cardinal,1101,feminine,genitive,tisícstájedné,tisíc sto jedna,"sto is a noun: sta, stu, stem; dvě stě, dvou set (stého/stá are ordinals)"
cs,cardinal,1101,feminine,dative,tisícstájedné,tisíc sto jedna,"sto is a noun: sta, stu, stem; dvě stě, dvou set (stého/stá are ordinals)"
cs,cardinal,1101,feminine,accusative,tisícstájednu,tisíc sto jedna,"sto is a noun: sta, stu, stem; dvě stě, dvou set (stého/stá are ordinals)"
cs,cardinal,1101,feminine,instrumental,tisícstájednou,tisíc sto jedna,"sto is a noun: sta, stu, stem; dvě stě, dvou set (stého/stá are ordinals)"
cs,cardinal,1101,feminine,locative,tisícstájedné,tisíc sto jedna,"sto is a noun: sta, stu, stem; dvě stě, dvou set (stého/stá are ordinals)"
cs,cardinal,1101,neuter,nominative,tisícstéjedno,tisíc sto jedna,"sto is a noun: sta, stu, stem; dvě stě, dvou set (stého/stá are ordinals)"
cs,cardinal,1101,neuter,genitive,tisícstéjednoho,tisíc sto jedna,"sto is a noun: sta, stu, stem; dvě stě, dvou set (stého/stá are ordinals)"
cs,cardinal,1101,neuter,dative,tisícstéjednomu,tisíc sto jedna,"sto is a noun: sta, stu, stem; dvě stě, dvou set (stého/stá are ordinals)"
cs,cardinal,1101,neuter,accusative,tisícstéjedno,tisíc sto jedna,"sto is a noun: sta, stu, stem; dvě stě, dvou set (stého/stá are ordinals)"
cs,cardinal,1101,neuter,instrumental,tisícstéjedním,tisíc sto jedna,"sto is a noun: sta, stu, stem; dvě stě, dvou set (stého/stá are ordinals)"
cs,cardinal,1101,neuter,locative,tisícstéjednom,tisíc sto jedna,"sto is a noun: sta, stu, stem; dvě stě, dvou set (stého/stá are ordinals)"
cs,cardinal,1111,masculine,nominative,tisícstojedenáct,tisíc sto jedenáct,spacing only
cs,cardinal,1111,masculine,genitive,tisícstojedenácti,tisíc sto jedenácti,spacing only
cs,cardinal,1111,masculine,dative,tisícstojedenácti,tisíc sto jedenácti,spacing only
cs,cardinal,1111,masculine,accusative,tisícstojedenáct,tisíc sto jedenáct,spacing only
cs,cardinal,1111,masculine,instrumental,tisícstojedenácti,tisíc sto jedenácti,spacing only
cs,cardinal,1111,masculine,locative,tisícstojedenácti,tisíc sto jedenácti,spacing only
cs,cardinal,1111,feminine,nominative,tisícstájedenáct,tisíc sto jedenáct,"sto is a noun: sta, stu, stem; dvě stě, dvou set (stého/stá are ordinals)"
cs,cardinal,1111,feminine,genitive,tisícstájedenácti,tisíc sto jedenácti,"sto is a noun: sta, stu, stem; dvě stě, dvou set (stého/stá are ordinals)"
cs,cardinal,1111,feminine,dative,tisícstájedenácti,tisíc sto jedenácti,"sto is a noun: sta, stu, stem; dvě stě, dvou set (stého/stá are ordinals)"
cs,cardinal,1111,feminine,accusative,tisícstájedenáct,tisíc sto jedenáct,"sto is a noun: sta, stu, stem; dvě stě, dvou set (stého/stá are ordinals)"
cs,cardinal,1111,feminine,instrumental,tisícstájedenácti,tisíc sto jedenácti,"sto is a noun: sta, stu, stem; dvě stě, dvou set (stého/stá are ordinals)"
cs,cardinal,1111,feminine,locative,tisícstájedenácti,tisíc sto jedenácti,"sto is a noun: sta, stu, stem; dvě stě, dvou set (stého/stá are ordinals)"
cs,cardinal,1111,neuter,nominative,tisícstéjedenáct,tisíc sto jedenáct,"sto is a noun: sta, stu, stem; dvě stě, dvou set (stého/stá are ordinals)"
cs,cardinal,1111,neuter,genitive,tisícstéjedenácti,tisíc sto jedenácti,"sto is a noun: sta, stu, stem; dvě stě, dvou set (stého/stá are ordinals)"
cs,cardinal,1111,neuter,dative,tisícstéjedenácti,tisíc sto jedenácti,"sto is a noun: sta, stu, stem; dvě stě, dvou set (stého/stá are ordinals)"
cs,cardinal,1111,neuter,accusative,tisícstéjedenáct,tisíc sto jedenáct,"sto is a noun: sta, stu, stem; dvě stě, dvou set (stého/stá are ordinals)"
cs,cardinal,1111,neuter,instrumental,tisícstéjedenácti,tisíc sto jedenácti,"sto is a noun: sta, stu, stem; dvě stě, dvou set (stého/stá are ordinals)"
cs,cardinal,1111,neuter,locative,tisícstéjedenácti,tisíc sto jedenácti,"sto is a noun: sta, stu, stem; dvě stě, dvou set (stého/stá are ordinals)"
cs,cardinal,1590,masculine,nominative,tisícpětsetdevadesát,tisíc pět set devadesát,spacing only
cs,cardinal,1590,masculine,genitive,tisícpětsetdevadesáti,tisíc pět set devadesáti,spacing only
cs,cardinal,1590,masculine,dative,tisícpětsetdevadesáti,tisíc pět set devadesáti,spacing only
cs,cardinal,1590,masculine,accusative,tisícpětsetdevadesát,tisíc pět set devadesát,spacing only
cs,cardinal,1590,masculine,instrumental,tisícpětsetdevadesáti,tisíc pět set devadesáti,spacing only
cs,cardinal,1590,masculine,locative,tisícpětsetdevadesáti,tisíc pět set devadesáti,spacing only
cs,cardinal,1590,feminine,nominative,tisícpětsetdevadesát,tisíc pět set devadesát,spacing only
cs,cardinal,1590,feminine,genitive,tisícpětsetdevadesáti,tisíc pět set devadesáti,spacing only
cs,cardinal,1590,feminine,dative,tisícpětsetdevadesáti,tisíc pět set devadesáti,spacing only
cs,cardinal,1590,feminine,accusative,tisícpětsetdevadesát,tisíc pět set devadesát,spacing only
cs,cardinal,1590,feminine,instrumental,tisícpětsetdevadesáti,tisíc pět set devadesáti,spacing only
cs,cardinal,1590,feminine,locative,tisícpětsetdevadesáti,tisíc pět set devadesáti,spacing only
cs,cardinal,1590,neuter,nominative,tisícpětsetdevadesát,tisíc pět set devadesát,spacing only
cs,cardinal,1590,neuter,genitive,tisícpětsetdevadesáti,tisíc pět set devadesáti,spacing only
cs,cardinal,1590,neuter,dative,tisícpětsetdevadesáti,tisíc pět set devadesáti,spacing only
cs,cardinal,1590,neuter,accusative,tisícpětsetdevadesát,tisíc pět set devadesát,spacing only
cs,cardinal,1590,neuter,instrumental,tisícpětsetdevadesáti,tisíc pět set devadesáti,spacing only
cs,cardinal,1590,neuter,locative,tisícpětsetdevadesáti,tisíc pět set devadesáti,spacing only
cs,cardinal,1900,masculine,nominative,tisícdevětset,tisíc devět set,spacing only
cs,cardinal,1900,masculine,genitive,tisícdevítistého,tisíce devíti set,"sto is a noun: sta, stu, stem; dvě stě, dvou set (stého/stá are ordinals)"
cs,cardinal,1900,masculine,dative,tisícdevítistému,tisíci devíti stům,"sto is a noun: sta, stu, stem; dvě stě, dvou set (stého/stá are ordinals)"
cs,cardinal,1900,masculine,accusative,tisícdevětset,tisíc devět set,spacing only
cs,cardinal,1900,masculine,instrumental,tisícdevítistým,tisícem devíti sty,"sto is a noun: sta, stu, stem; dvě stě, dvou set (stého/stá are ordinals)"
cs,cardinal,1900,masculine,locative,tisícdevítistém,tisíci devíti stech,"sto is a noun: sta, stu, stem; dvě stě, dvou set (stého/stá are ordinals)"
cs,cardinal,1900,feminine,nominative,tisícdevětset,tisíc devět set,spacing only
cs,cardinal,1900,feminine,genitive,tisícdevítisté,tisíce devíti set,"sto is a noun: sta, stu, stem; dvě stě, dvou set (stého/stá are ordinals)"
cs,cardinal,1900,feminine,dative,tisícdevítisté,tisíci devíti stům,"sto is a noun: sta, stu, stem; dvě stě, dvou set (stého/stá are ordinals)"
cs,cardinal,1900,feminine,accusative,tisícdevětset,tisíc devět set,spacing only
cs,cardinal,1900,feminine,instrumental,tisícdevítistou,tisícem devíti sty,"sto is a noun: sta, stu, stem; dvě stě, dvou set (stého/stá are ordinals)"
cs,cardinal,1900,feminine,locative,tisícdevítisté,tisíci devíti stech,"sto is a noun: sta, stu, stem; dvě stě, dvou set (stého/stá are ordinals)"
cs,cardinal,1900,neuter,nominative,tisícdevětset,tisíc devět set,spacing only
cs,cardinal,1900,neuter,genitive,tisícdevítistého,tisíce devíti set,"sto is a noun: sta, stu, stem; dvě stě, dvou set (stého/stá are ordinals)"
cs,cardinal,1900,neuter,dative,tisícdevítistému,tisíci devíti stům,"sto is a noun: sta, stu, stem; dvě stě, dvou set (stého/stá are ordinals)"
cs,cardinal,1900,neuter,accusative,tisícdevětset,tisíc devět set,spacing only
cs,cardinal,1900,neuter,instrumental,tisícdevítistým,tisícem devíti sty,"sto is a noun: sta, stu, stem; dvě stě, dvou set (stého/stá are ordinals)"
cs,cardinal,1900,neuter,locative,tisícdevítistém,tisíci devíti stech,"sto is a noun: sta, stu, stem; dvě stě, dvou set (stého/stá are ordinals)"
cs,cardinal,1990,masculine,nominative,tisícdevětsetdevadesát,tisíc devět set devadesát,spacing only
cs,cardinal,1990,masculine,genitive,tisícdevětsetdevadesáti,tisíc devět set devadesáti,spacing only
cs,cardinal,1990,masculine,dative,tisícdevětsetdevadesáti,tisíc devět set devadesáti,spacing only
cs,cardinal,1990,masculine,accusative,tisícdevětsetdevadesát,tisíc devět set devadesát,spacing only
cs,cardinal,1990,masculine,instrumental,tisícdevětsetdevadesáti,tisíc devět set devadesáti,spacing only
cs,cardinal,1990,masculine,locative,tisícdevětsetdevadesáti,tisíc devět set devadesáti,spacing only
cs,cardinal,1990,feminine,nominative,tisícdevětsetdevadesát,tisíc devět set devadesát,spacing only
cs,cardinal,1990,feminine,genitive,tisícdevětsetdevadesáti,tisíc devět set devadesáti,spacing only
cs,cardinal,1990,feminine,dative,tisícdevětsetdevadesáti,tisíc devět set devadesáti,spacing only
cs,cardinal,1990,feminine,accusative,tisícdevětsetdevadesát,tisíc devět set devadesát,spacing only
cs,cardinal,1990,feminine,instrumental,tisícdevětsetdevadesáti,tisíc devět set devadesáti,spacing only
cs,cardinal,1990,feminine,locative,tisícdevětsetdevadesáti,tisíc devět set devadesáti,spacing only
cs,cardinal,1990,neuter,nominative,tisícdevětsetdevadesát,tisíc devět set devadesát,spacing only
cs,cardinal,1990,neuter,genitive,tisícdevětsetdevadesáti,tisíc devět set devadesáti,spacing only
cs,cardinal,1990,neuter,dative,tisícdevětsetdevadesáti,tisíc devět set devadesáti,spacing only
cs,cardinal,1990,neuter,accusative,tisícdevětsetdevadesát,tisíc devět set devadesát,spacing only
cs,cardinal,1990,neuter,instrumental,tisícdevětsetdevadesáti,tisíc devět set devadesáti,spacing only
cs,cardinal,1990,neuter,locative,tisícdevětsetdevadesáti,tisíc devět set devadesáti,spacing only
cs,cardinal,1991,masculine,nominative,tisícdevětsetdevadesátjeden,tisíc devět set devadesát jedna,"x1 compounds: 'dvacet jedna' in N/A, inverted 'jednadvaceti' in oblique cases"
cs,cardinal,1991,masculine,genitive,tisícdevětsetdevadesátéhojednoho,tisíc devět set jednadevadesáti,"x1 compounds: 'dvacet jedna' in N/A, inverted 'jednadvaceti' in oblique cases"
cs,cardinal,1991,masculine,dative,tisícdevětsetdevadesátémujednomu,tisíc devět set jednadevadesáti,"x1 compounds: 'dvacet jedna' in N/A, inverted 'jednadvaceti' in oblique cases"
cs,cardinal,1991,masculine,accusative,tisícdevětsetdevadesátjednoho,tisíc devět set devadesát jedna,masc. accusative: inanimate by default (animacy= gives the old form)
cs,cardinal,1991,masculine,instrumental,tisícdevětsetdevadesátýmjedním,tisíc devět set jednadevadesáti,"x1 compounds: 'dvacet jedna' in N/A, inverted 'jednadvaceti' in oblique cases"
cs,cardinal,1991,masculine,locative,tisícdevětsetdevadesátémjednom,tisíc devět set jednadevadesáti,"x1 compounds: 'dvacet jedna' in N/A, inverted 'jednadvaceti' in oblique cases"
cs,cardinal,1991,feminine,nominative,tisícdevětsetdevadesátjedna,tisíc devět set devadesát jedna,spacing only
cs,cardinal,1991,feminine,genitive,tisícdevětsetdevadesátéhojedné,tisíc devět set jednadevadesáti,"x1 compounds: 'dvacet jedna' in N/A, inverted 'jednadvaceti' in oblique cases"
cs,cardinal,1991,feminine,dative,tisícdevětsetdevadesátémujedné,tisíc devět set jednadevadesáti,"x1 compounds: 'dvacet jedna' in N/A, inverted 'jednadvaceti' in oblique cases"
cs,cardinal,1991,feminine,accusative,tisícdevětsetdevadesátjednu,tisíc devět set devadesát jedna,"x1 compounds: 'dvacet jedna' in N/A, inverted 'jednadvaceti' in oblique cases"
cs,cardinal,1991,feminine,instrumental,tisícdevětsetdevadesátýmjednou,tisíc devět set jednadevadesáti,"x1 compounds: 'dvacet jedna' in N/A, inverted 'jednadvaceti' in oblique cases"
cs,cardinal,1991,feminine,locative,tisícdevětsetdevadesátémjedné,tisíc devět set jednadevadesáti,"x1 compounds: 'dvacet jedna' in N/A, inverted 'jednadvaceti' in oblique cases"
cs,cardinal,1991,neuter,nominative,tisícdevětsetdevadesátjedno,tisíc devět set devadesát jedna,"x1 compounds: 'dvacet jedna' in N/A, inverted 'jednadvaceti' in oblique cases"
cs,cardinal,1991,neuter,genitive,tisícdevětsetdevadesátéhojednoho,tisíc devět set jednadevadesáti,"x1 compounds: 'dvacet jedna' in N/A, inverted 'jednadvaceti' in oblique cases"
cs,cardinal,1991,neuter,dative,tisícdevětsetdevadesátémujednomu,tisíc devět set jednadevadesáti,"x1 compounds: 'dvacet jedna' in N/A, inverted 'jednadvaceti' in oblique cases"
cs,cardinal,1991,neuter,accusative,tisícdevětsetdevadesátjedno,tisíc devět set devadesát jedna,"x1 compounds: 'dvacet jedna' in N/A, inverted 'jednadvaceti' in oblique cases"
cs,cardinal,1991,neuter,instrumental,tisícdevětsetdevadesátýmjedním,tisíc devět set jednadevadesáti,"x1 compounds: 'dvacet jedna' in N/A, inverted 'jednadvaceti' in oblique cases"
cs,cardinal,1991,neuter,locative,tisícdevětsetdevadesátémjednom,tisíc devět set jednadevadesáti,"x1 compounds: 'dvacet jedna' in N/A, inverted 'jednadvaceti' in oblique cases"
cs,cardinal,2000,masculine,nominative,dvoutisíc,dva tisíce,"dva tisíce / pět tisíc, not dvoutisíc"
cs,cardinal,2000,masculine,genitive,dvoutisícího,dvou tisíc,"tisíc declines as a noun: tisíce, tisíci, tisícem (tisícího etc. are ordinals)"
cs,cardinal,2000,masculine,dative,dvoutisícímu,dvěma tisícům,"tisíc declines as a noun: tisíce, tisíci, tisícem (tisícího etc. are ordinals)"
cs,cardinal,2000,masculine,accusative,dvoutisíc,dva tisíce,"dva tisíce / pět tisíc, not dvoutisíc"
cs,cardinal,2000,masculine,instrumental,dvoutisícím,dvěma tisíci,"tisíc declines as a noun: tisíce, tisíci, tisícem (tisícího etc. are ordinals)"
cs,cardinal,2000,masculine,locative,dvoutisícím,dvou tisících,"tisíc declines as a noun: tisíce, tisíci, tisícem (tisícího etc. are ordinals)"
cs,cardinal,2000,feminine,nominative,dvoutisíc,dva tisíce,"dva tisíce / pět tisíc, not dvoutisíc"
cs,cardinal,2000,feminine,genitive,dvoutisící,dvou tisíc,"tisíc declines as a noun: tisíce, tisíci, tisícem (tisícího etc. are ordinals)"
cs,cardinal,2000,feminine,dative,dvoutisící,dvěma tisícům,"tisíc declines as a noun: tisíce, tisíci, tisícem (tisícího etc. are ordinals)"
cs,cardinal,2000,feminine,accusative,dvoutisíc,dva tisíce,"dva tisíce / pět tisíc, not dvoutisíc"
cs,cardinal,2000,feminine,instrumental,dvoutisící,dvěma tisíci,"tisíc declines as a noun: tisíce, tisíci, tisícem (tisícího etc. are ordinals)"
cs,cardinal,2000,feminine,locative,dvoutisící,dvou tisících,"tisíc declines as a noun: tisíce, tisíci, tisícem (tisícího etc. are ordinals)"
cs,cardinal,2000,neuter,nominative,dvoutisíc,dva tisíce,"dva tisíce / pět tisíc, not dvoutisíc"
cs,cardinal,2000,neuter,genitive,dvoutisícího,dvou tisíc,"tisíc declines as a noun: tisíce, tisíci, tisícem (tisícího etc. are ordinals)"
cs,cardinal,2000,neuter,dative,dvoutisícímu,dvěma tisícům,"tisíc declines as a noun: tisíce, tisíci, tisícem (tisícího etc. are ordinals)"
cs,cardinal,2000,neuter,accusative,dvoutisíc,dva tisíce,"dva tisíce / pět tisíc, not dvoutisíc"
cs,cardinal,2000,neuter,instrumental,dvoutisícím,dvěma tisíci,"tisíc declines as a noun: tisíce, tisíci, tisícem (tisícího etc. are ordinals)"
cs,cardinal,2000,neuter,locative,dvoutisícím,dvou tisících,"tisíc declines as a noun: tisíce, tisíci, tisícem (tisícího etc. are ordinals)"
cs,cardinal,2001,masculine,nominative,dvoutisícjeden,dva tisíce jedna,"dva tisíce / pět tisíc, not dvoutisíc"
cs,cardinal,2001,masculine,genitive,dvoutisícíhojednoho,dvou tisíc jedna,"tisíc declines as a noun: tisíce, tisíci, tisícem (tisícího etc. are ordinals)"
cs,cardinal,2001,masculine,dative,dvoutisícímujednomu,dvěma tisícům jedna,"tisíc declines as a noun: tisíce, tisíci, tisícem (tisícího etc. are ordinals)"
cs,cardinal,2001,masculine,accusative,dvoutisícjednoho,dva tisíce jedna,"dva tisíce / pět tisíc, not dvoutisíc"
cs,cardinal,2001,masculine,instrumental,dvoutisícímjedním,dvěma tisíci jedna,"tisíc declines as a noun: tisíce, tisíci, tisícem (tisícího etc. are ordinals)"
cs,cardinal,2001,masculine,locative,dvoutisícímjednom,dvou tisících jedna,"tisíc declines as a noun: tisíce, tisíci, tisícem (tisícího etc. are ordinals)"
cs,cardinal,2001,feminine,nominative,dvoutisícjedna,dva tisíce jedna,"dva tisíce / pět tisíc, not dvoutisíc"
cs,cardinal,2001,feminine,genitive,dvoutisícíjedné,dvou tisíc jedna,"dva tisíce / pět tisíc, not dvoutisíc"
cs,cardinal,2001,feminine,dative,dvoutisícíjedné,dvěma tisícům jedna,"dva tisíce / pět tisíc, not dvoutisíc"
cs,cardinal,2001,feminine,accusative,dvoutisícjednu,dva tisíce jedna,"dva tisíce / pět tisíc, not dvoutisíc"
cs,cardinal,2001,feminine,instrumental,dvoutisícíjednou,dvěma tisíci jedna,"dva tisíce / pět tisíc, not dvoutisíc"
cs,cardinal,2001,feminine,locative,dvoutisícíjedné,dvou tisících jedna,"dva tisíce / pět tisíc, not dvoutisíc"
cs,cardinal,2001,neuter,nominative,dvoutisícjedno,dva tisíce jedna,"dva tisíce / pět tisíc, not dvoutisíc"
cs,cardinal,2001,neuter,genitive,dvoutisícíhojednoho,dvou tisíc jedna,"tisíc declines as a noun: tisíce, tisíci, tisícem (tisícího etc. are ordinals)"
cs,cardinal,2001,neuter,dative,dvoutisícímujednomu,dvěma tisícům jedna,"tisíc declines as a noun: tisíce, tisíci, tisícem (tisícího etc. are ordinals)"
cs,cardinal,2001,neuter,accusative,dvoutisícjedno,dva tisíce jedna,"dva tisíce / pět tisíc, not dvoutisíc"
cs,cardinal,2001,neuter,instrumental,dvoutisícímjedním,dvěma tisíci jedna,"tisíc declines as a noun: tisíce, tisíci, tisícem (tisícího etc. are ordinals)"
cs,cardinal,2001,neuter,locative,dvoutisícímjednom,dvou tisících jedna,"tisíc declines as a noun: tisíce, tisíci, tisícem (tisícího etc. are ordinals)"
cs,cardinal,2004,masculine,nominative,dvoutisícčtyři,dva tisíce čtyři,"dva tisíce / pět tisíc, not dvoutisíc"
cs,cardinal,2004,masculine,genitive,dvoutisícíhočtyř,dvou tisíc čtyř,"tisíc declines as a noun: tisíce, tisíci, tisícem (tisícího etc. are ordinals)"
cs,cardinal,2004,masculine,dative,dvoutisícímučtyřem,dvěma tisícům čtyřem,"tisíc declines as a noun: tisíce, tisíci, tisícem (tisícího etc. are ordinals)"
cs,cardinal,2004,masculine,accusative,dvoutisícčtyři,dva tisíce čtyři,"dva tisíce / pět tisíc, not dvoutisíc"
cs,cardinal,2004,masculine,instrumental,dvoutisícímčtyřmi,dvěma tisíci čtyřmi,"tisíc declines as a noun: tisíce, tisíci, tisícem (tisícího etc. are ordinals)"
cs,cardinal,2004,masculine,locative,dvoutisícímčtyřech,dvou tisících čtyřech,"tisíc declines as a noun: tisíce, tisíci, tisícem (tisícího etc. are ordinals)"
cs,cardinal,2004,feminine,nominative,dvoutisícčtyři,dva tisíce čtyři,"dva tisíce / pět tisíc, not dvoutisíc"
cs,cardinal,2004,feminine,genitive,dvoutisícíčtyř,dvou tisíc čtyř,"dva tisíce / pět tisíc, not dvoutisíc"
cs,cardinal,2004,feminine,dative,dvoutisícíčtyřem,dvěma tisícům čtyřem,"dva tisíce / pět tisíc, not dvoutisíc"
cs,cardinal,2004,feminine,accusative,dvoutisícčtyři,dva tisíce čtyři,"dva tisíce / pět tisíc, not dvoutisíc"
cs,cardinal,2004,feminine,instrumental,dvoutisícíčtyřmi,dvěma tisíci čtyřmi,"dva tisíce / pět tisíc, not dvoutisíc"
cs,cardinal,2004,feminine,locative,dvoutisícíčtyřech,dvou tisících čtyřech,"dva tisíce / pět tisíc, not dvoutisíc"
cs,cardinal,2004,neuter,nominative,dvoutisícčtyři,dva tisíce čtyři,"dva tisíce / pět tisíc, not dvoutisíc"
cs,cardinal,2004,neuter,genitive,dvoutisícíhočtyř,dvou tisíc čtyř,"tisíc declines as a noun: tisíce, tisíci, tisícem (tisícího etc. are ordinals)"
cs,cardinal,2004,neuter,dative,dvoutisícímučtyřem,dvěma tisícům čtyřem,"tisíc declines as a noun: tisíce, tisíci, tisícem (tisícího etc. are ordinals)"
cs,cardinal,2004,neuter,accusative,dvoutisícčtyři,dva tisíce čtyři,"dva tisíce / pět tisíc, not dvoutisíc"
cs,cardinal,2004,neuter,instrumental,dvoutisícímčtyřmi,dvěma tisíci čtyřmi,"tisíc declines as a noun: tisíce, tisíci, tisícem (tisícího etc. are ordinals)"
cs,cardinal,2004,neuter,locative,dvoutisícímčtyřech,dvou tisících čtyřech,"tisíc declines as a noun: tisíce, tisíci, tisícem (tisícího etc. are ordinals)"
cs,cardinal,2012,masculine,nominative,dvoutisícdvanáct,dva tisíce dvanáct,"dva tisíce / pět tisíc, not dvoutisíc"
cs,cardinal,2012,masculine,genitive,dvoutisícíhodvanácti,dvou tisíc dvanácti,"tisíc declines as a noun: tisíce, tisíci, tisícem (tisícího etc. are ordinals)"
cs,cardinal,2012,masculine,dative,dvoutisícímudvanácti,dvěma tisícům dvanácti,"tisíc declines as a noun: tisíce, tisíci, tisícem (tisícího etc. are ordinals)"
cs,cardinal,2012,masculine,accusative,dvoutisícdvanáct,dva tisíce dvanáct,"dva tisíce / pět tisíc, not dvoutisíc"
cs,cardinal,2012,masculine,instrumental,dvoutisícímdvanácti,dvěma tisíci dvanácti,"tisíc declines as a noun: tisíce, tisíci, tisícem (tisícího etc. are ordinals)"
cs,cardinal,2012,masculine,locative,dvoutisícímdvanácti,dvou tisících dvanácti,"tisíc declines as a noun: tisíce, tisíci, tisícem (tisícího etc. are ordinals)"
cs,cardinal,2012,feminine,nominative,dvoutisícdvanáct,dva tisíce dvanáct,"dva tisíce / pět tisíc, not dvoutisíc"
cs,cardinal,2012,feminine,genitive,dvoutisícídvanácti,dvou tisíc dvanácti,"dva tisíce / pět tisíc, not dvoutisíc"
cs,cardinal,2012,feminine,dative,dvoutisícídvanácti,dvěma tisícům dvanácti,"dva tisíce / pět tisíc, not dvoutisíc"
cs,cardinal,2012,feminine,accusative,dvoutisícdvanáct,dva tisíce dvanáct,"dva tisíce / pět tisíc, not dvoutisíc"
cs,cardinal,2012,feminine,instrumental,dvoutisícídvanácti,dvěma tisíci dvanácti,"dva tisíce / pět tisíc, not dvoutisíc"
cs,cardinal,2012,feminine,locative,dvoutisícídvanácti,dvou tisících dvanácti,"dva tisíce / pět tisíc, not dvoutisíc"
cs,cardinal,2012,neuter,nominative,dvoutisícdvanáct,dva tisíce dvanáct,"dva tisíce / pět tisíc, not dvoutisíc"
cs,cardinal,2012,neuter,genitive,dvoutisícíhodvanácti,dvou tisíc dvanácti,"tisíc declines as a noun: tisíce, tisíci, tisícem (tisícího etc. are ordinals)"
cs,cardinal,2012,neuter,dative,dvoutisícímudvanácti,dvěma tisícům dvanácti,"tisíc declines as a noun: tisíce, tisíci, tisícem (tisícího etc. are ordinals)"
cs,cardinal,2012,neuter,accusative,dvoutisícdvanáct,dva tisíce dvanáct,"dva tisíce / pět tisíc, not dvoutisíc"
cs,cardinal,2012,neuter,instrumental,dvoutisícímdvanácti,dvěma tisíci dvanácti,"tisíc declines as a noun: tisíce, tisíci, tisícem (tisícího etc. are ordinals)"
cs,cardinal,2012,neuter,locative,dvoutisícímdvanácti,dvou tisících dvanácti,"tisíc declines as a noun: tisíce, tisíci, tisícem (tisícího etc. are ordinals)"
cs,cardinal,2020,masculine,nominative,dvoutisícdvacet,dva tisíce dvacet,"dva tisíce / pět tisíc, not dvoutisíc"
cs,cardinal,2020,masculine,genitive,dvoutisícíhodvaceti,dvou tisíc dvaceti,"tisíc declines as a noun: tisíce, tisíci, tisícem (tisícího etc. are ordinals)"
cs,cardinal,2020,masculine,dative,dvoutisícímudvaceti,dvěma tisícům dvaceti,"tisíc declines as a noun: tisíce, tisíci, tisícem (tisícího etc. are ordinals)"
cs,cardinal,2020,masculine,accusative,dvoutisícdvacet,dva tisíce dvacet,"dva tisíce / pět tisíc, not dvoutisíc"
cs,cardinal,2020,masculine,instrumental,dvoutisícímdvaceti,dvěma tisíci dvaceti,"tisíc declines as a noun: tisíce, tisíci, tisícem (tisícího etc. are ordinals)"
cs,cardinal,2020,masculine,locative,dvoutisícímdvaceti,dvou tisících dvaceti,"tisíc declines as a noun: tisíce, tisíci, tisícem (tisícího etc. are ordinals)"
cs,cardinal,2020,feminine,nominative,dvoutisícdvacet,dva tisíce dvacet,"dva tisíce / pět tisíc, not dvoutisíc"
cs,cardinal,2020,feminine,genitive,dvoutisícídvaceti,dvou tisíc dvaceti,"dva tisíce / pět tisíc, not dvoutisíc"
cs,cardinal,2020,feminine,dative,dvoutisícídvaceti,dvěma tisícům dvaceti,"dva tisíce / pět tisíc, not dvoutisíc"
cs,cardinal,2020,feminine,accusative,dvoutisícdvacet,dva tisíce dvacet,"dva tisíce / pět tisíc, not dvoutisíc"
cs,cardinal,2020,feminine,instrumental,dvoutisícídvaceti,dvěma tisíci dvaceti,"dva tisíce / pět tisíc, not dvoutisíc"
cs,cardinal,2020,feminine,locative,dvoutisícídvaceti,dvou tisících dvaceti,"dva tisíce / pět tisíc, not dvoutisíc"
cs,cardinal,2020,neuter,nominative,dvoutisícdvacet,dva tisíce dvacet,"dva tisíce / pět tisíc, not dvoutisíc"
cs,cardinal,2020,neuter,genitive,dvoutisícíhodvaceti,dvou tisíc dvaceti,"tisíc declines as a noun: tisíce, tisíci, tisícem (tisícího etc. are ordinals)"
cs,cardinal,2020,neuter,dative,dvoutisícímudvaceti,dvěma tisícům dvaceti,"tisíc declines as a noun: tisíce, tisíci, tisícem (tisícího etc. are ordinals)"
cs,cardinal,2020,neuter,accusative,dvoutisícdvacet,dva tisíce dvacet,"dva tisíce / pět tisíc, not dvoutisíc"
cs,cardinal,2020,neuter,instrumental,dvoutisícímdvaceti,dvěma tisíci dvaceti,"tisíc declines as a noun: tisíce, tisíci, tisícem (tisícího etc. are ordinals)"
cs,cardinal,2020,neuter,locative,dvoutisícímdvaceti,dvou tisících dvaceti,"tisíc declines as a noun: tisíce, tisíci, tisícem (tisícího etc. are ordinals)"
cs,cardinal,2021,masculine,nominative,dvoutisícdvacetjeden,dva tisíce dvacet jedna,"dva tisíce / pět tisíc, not dvoutisíc"
cs,cardinal,2021,masculine,genitive,dvoutisícíhodvacátéhojednoho,dvou tisíc jednadvaceti,"tisíc declines as a noun: tisíce, tisíci, tisícem (tisícího etc. are ordinals)"
cs,cardinal,2021,masculine,dative,dvoutisícímudvacátémujednomu,dvěma tisícům jednadvaceti,"tisíc declines as a noun: tisíce, tisíci, tisícem (tisícího etc. are ordinals)"
cs,cardinal,2021,masculine,accusative,dvoutisícdvacetjednoho,dva tisíce dvacet jedna,"dva tisíce / pět tisíc, not dvoutisíc"
cs,cardinal,2021,masculine,instrumental,dvoutisícímdvacátýmjedním,dvěma tisíci jednadvaceti,"tisíc declines as a noun: tisíce, tisíci, tisícem (tisícího etc. are ordinals)"
cs,cardinal,2021,masculine,locative,dvoutisícímdvacátémjednom,dvou tisících jednadvaceti,"tisíc declines as a noun: tisíce, tisíci, tisícem (tisícího etc. are ordinals)"
cs,cardinal,2021,feminine,nominative,dvoutisícdvacetjedna,dva tisíce dvacet jedna,"dva tisíce / pět tisíc, not dvoutisíc"
cs,cardinal,2021,feminine,genitive,dvoutisícídvacátéhojedné,dvou tisíc jednadvaceti,"dva tisíce / pět tisíc, not dvoutisíc"
cs,cardinal,2021,feminine,dative,dvoutisícídvacátémujedné,dvěma tisícům jednadvaceti,"dva tisíce / pět tisíc, not dvoutisíc"
cs,cardinal,2021,feminine,accusative,dvoutisícdvacetjednu,dva tisíce dvacet jedna,"dva tisíce / pět tisíc, not dvoutisíc"
cs,cardinal,2021,feminine,instrumental,dvoutisícídvacátýmjednou,dvěma tisíci jednadvaceti,"dva tisíce / pět tisíc, not dvoutisíc"
cs,cardinal,2021,feminine,locative,dvoutisícídvacátémjedné,dvou tisících jednadvaceti,"dva tisíce / pět tisíc, not dvoutisíc"
cs,cardinal,2021,neuter,nominative,dvoutisícdvacetjedno,dva tisíce dvacet jedna,"dva tisíce / pět tisíc, not dvoutisíc"
cs,cardinal,2021,neuter,genitive,dvoutisícíhodvacátéhojednoho,dvou tisíc jednadvaceti,"tisíc declines as a noun: tisíce, tisíci, tisícem (tisícího etc. are ordinals)"
cs,cardinal,2021,neuter,dative,dvoutisícímudvacátémujednomu,dvěma tisícům jednadvaceti,"tisíc declines as a noun: tisíce, tisíci, tisícem (tisícího etc. are ordinals)"
cs,cardinal,2021,neuter,accusative,dvoutisícdvacetjedno,dva tisíce dvacet jedna,"dva tisíce / pět tisíc, not dvoutisíc"
cs,cardinal,2021,neuter,instrumental,dvoutisícímdvacátýmjedním,dvěma tisíci jednadvaceti,"tisíc declines as a noun: tisíce, tisíci, tisícem (tisícího etc. are ordinals)"
cs,cardinal,2021,neuter,locative,dvoutisícímdvacátémjednom,dvou tisících jednadvaceti,"tisíc declines as a noun: tisíce, tisíci, tisícem (tisícího etc. are ordinals)"
cs,cardinal,2100,masculine,nominative,dvoutisícsto,dva tisíce sto,"dva tisíce / pět tisíc, not dvoutisíc"
cs,cardinal,2100,masculine,genitive,dvoutisícíhostého,dvou tisíc sta,"tisíc declines as a noun: tisíce, tisíci, tisícem (tisícího etc. are ordinals)"
cs,cardinal,2100,masculine,dative,dvoutisícímustému,dvěma tisícům stu,"tisíc declines as a noun: tisíce, tisíci, tisícem (tisícího etc. are ordinals)"
cs,cardinal,2100,masculine,accusative,dvoutisícsto,dva tisíce sto,"dva tisíce / pět tisíc, not dvoutisíc"
cs,cardinal,2100,masculine,instrumental,dvoutisícímstým,dvěma tisíci stem,"tisíc declines as a noun: tisíce, tisíci, tisícem (tisícího etc. are ordinals)"
cs,cardinal,2100,masculine,locative,dvoutisícímstém,dvou tisících stu,"tisíc declines as a noun: tisíce, tisíci, tisícem (tisícího etc. are ordinals)"
cs,cardinal,2100,feminine,nominative,dvoutisícstá,dva tisíce sto,"sto is a noun: sta, stu, stem; dvě stě, dvou set (stého/stá are ordinals)"
cs,cardinal,2100,feminine,genitive,dvoutisícísté,dvou tisíc sta,"sto is a noun: sta, stu, stem; dvě stě, dvou set (stého/stá are ordinals)"
cs,cardinal,2100,feminine,dative,dvoutisícísté,dvěma tisícům stu,"sto is a noun: sta, stu, stem; dvě stě, dvou set (stého/stá are ordinals)"
cs,cardinal,2100,feminine,accusative,dvoutisícstou,dva tisíce sto,"sto is a noun: sta, stu, stem; dvě stě, dvou set (stého/stá are ordinals)"
cs,cardinal,2100,feminine,instrumental,dvoutisícístou,dvěma tisíci stem,"sto is a noun: sta, stu, stem; dvě stě, dvou set (stého/stá are ordinals)"
cs,cardinal,2100,feminine,locative,dvoutisícísté,dvou tisících stu,"sto is a noun: sta, stu, stem; dvě stě, dvou set (stého/stá are ordinals)"
cs,cardinal,2100,neuter,nominative,dvoutisícsté,dva tisíce sto,"sto is a noun: sta, stu, stem; dvě stě, dvou set (stého/stá are ordinals)"
cs,cardinal,2100,neuter,genitive,dvoutisícíhostého,dvou tisíc sta,"tisíc declines as a noun: tisíce, tisíci, tisícem (tisícího etc. are ordinals)"
cs,cardinal,2100,neuter,dative,dvoutisícímustému,dvěma tisícům stu,"tisíc declines as a noun: tisíce, tisíci, tisícem (tisícího etc. are ordinals)"
cs,cardinal,2100,neuter,accusative,dvoutisícsté,dva tisíce sto,"sto is a noun: sta, stu, stem; dvě stě, dvou set (stého/stá are ordinals)"
cs,cardinal,2100,neuter,instrumental,dvoutisícímstým,dvěma tisíci stem,"tisíc declines as a noun: tisíce, tisíci, tisícem (tisícího etc. are ordinals)"
cs,cardinal,2100,neuter,locative,dvoutisícímstém,dvou tisících stu,"tisíc declines as a noun: tisíce, tisíci, tisícem (tisícího etc. are ordinals)"
cs,cardinal,2152,masculine,nominative,dvoutisícstopadesátdva,dva tisíce sto padesát dva,"dva tisíce / pět tisíc, not dvoutisíc"
cs,cardinal,2152,masculine,genitive,dvoutisícíhostopadesátéhodruhého,dva tisíce sto padesáti dvou,"tisíc declines as a noun: tisíce, tisíci, tisícem (tisícího etc. are ordinals)"
cs,cardinal,2152,masculine,dative,dvoutisícímustopadesátémudruhému,dva tisíce sto padesáti dvěma,"tisíc declines as a noun: tisíce, tisíci, tisícem (tisícího etc. are ordinals)"
cs,cardinal,2152,masculine,accusative,dvoutisícstopadesátdva,dva tisíce sto padesát dva,"dva tisíce / pět tisíc, not dvoutisíc"
cs,cardinal,2152,masculine,instrumental,dvoutisícímstopadesátýmdruhým,dva tisíce sto padesáti dvěma,"tisíc declines as a noun: tisíce, tisíci, tisícem (tisícího etc. are ordinals)"
cs,cardinal,2152,masculine,locative,dvoutisícímstopadesátémdruhém,dva tisíce sto padesáti dvou,"tisíc declines as a noun: tisíce, tisíci, tisícem (tisícího etc. are ordinals)"
cs,cardinal,2152,feminine,nominative,dvoutisícstápadesátdvě,dva tisíce sto padesát dva,"sto is a noun: sta, stu, stem; dvě stě, dvou set (stého/stá are ordinals)"
cs,cardinal,2152,feminine,genitive,dvoutisícístápadesátéhodruhé,dva tisíce sto padesáti dvou,"sto is a noun: sta, stu, stem; dvě stě, dvou set (stého/stá are ordinals)"
cs,cardinal,2152,feminine,dative,dvoutisícístápadesátémudruhé,dva tisíce sto padesáti dvěma,"sto is a noun: sta, stu, stem; dvě stě, dvou set (stého/stá are ordinals)"
cs,cardinal,2152,feminine,accusative,dvoutisícstápadesátdvě,dva tisíce sto padesát dva,"sto is a noun: sta, stu, stem; dvě stě, dvou set (stého/stá are ordinals)"
cs,cardinal,2152,feminine,instrumental,dvoutisícístápadesátýmdruhou,dva tisíce sto padesáti dvěma,"sto is a noun: sta, stu, stem; dvě stě, dvou set (stého/stá are ordinals)"
cs,cardinal,2152,feminine,locative,dvoutisícístápadesátémdruhé,dva tisíce sto padesáti dvou,"sto is a noun: sta, stu, stem; dvě stě, dvou set (stého/stá are ordinals)"
cs,cardinal,2152,neuter,nominative,dvoutisícstépadesátdvě,dva tisíce sto padesát dva,"sto is a noun: sta, stu, stem; dvě stě, dvou set (stého/stá are ordinals)"
cs,cardinal,2152,neuter,genitive,dvoutisícíhostépadesátéhodruhého,dva tisíce sto padesáti dvou,"tisíc declines as a noun: tisíce, tisíci, tisícem (tisícího etc. are ordinals)"
cs,cardinal,2152,neuter,dative,dvoutisícímustépadesátémudruhému,dva tisíce sto padesáti dvěma,"tisíc declines as a noun: tisíce, tisíci, tisícem (tisícího etc. are ordinals)"
cs,cardinal,2152,neuter,accusative,dvoutisícstépadesátdvě,dva tisíce sto padesát dva,"sto is a noun: sta, stu, stem; dvě stě, dvou set (stého/stá are ordinals)"
cs,cardinal,2152,neuter,instrumental,dvoutisícímstépadesátýmdruhým,dva tisíce sto padesáti dvěma,"tisíc declines as a noun: tisíce, tisíci, tisícem (tisícího etc. are ordinals)"
cs,cardinal,2152,neuter,locative,dvoutisícímstépadesátémdruhém,dva tisíce sto padesáti dvou,"tisíc declines as a noun: tisíce, tisíci, tisícem (tisícího etc. are ordinals)"
cs,cardinal,2200,masculine,nominative,dvoutisícdvěstě,dva tisíce dvě stě,"dva tisíce / pět tisíc, not dvoutisíc"
cs,cardinal,2200,masculine,genitive,dvoutisícíhodvoustého,dvou tisíc dvou set,"tisíc declines as a noun: tisíce, tisíci, tisícem (tisícího etc. are ordinals)"
cs,cardinal,2200,masculine,dative,dvoutisícímudvoustému,dvěma tisícům dvěma stům,"tisíc declines as a noun: tisíce, tisíci, tisícem (tisícího etc. are ordinals)"
cs,cardinal,2200,masculine,accusative,dvoutisícdvěstě,dva tisíce dvě stě,"dva tisíce / pět tisíc, not dvoutisíc"
cs,cardinal,2200,masculine,instrumental,dvoutisícímdvoustým,dvěma tisíci dvěma sty,"tisíc declines as a noun: tisíce, tisíci, tisícem (tisícího etc. are ordinals)"
cs,cardinal,2200,masculine,locative,dvoutisícímdvoustém,dvou tisících dvou stech,"tisíc declines as a noun: tisíce, tisíci, tisícem (tisícího etc. are ordinals)"
cs,cardinal,2200,feminine,nominative,dvoutisícdvěstě,dva tisíce dvě stě,"dva tisíce / pět tisíc, not dvoutisíc"
cs,cardinal,2200,feminine,genitive,dvoutisícídvousté,dvou tisíc dvou set,"sto is a noun: sta, stu, stem; dvě stě, dvou set (stého/stá are ordinals)"
cs,cardinal,2200,feminine,dative,dvoutisícídvousté,dvěma tisícům dvěma stům,"sto is a noun: sta, stu, stem; dvě stě, dvou set (stého/stá are ordinals)"
cs,cardinal,2200,feminine,accusative,dvoutisícdvěstě,dva tisíce dvě stě,"dva tisíce / pět tisíc, not dvoutisíc"
cs,cardinal,2200,feminine,instrumental,dvoutisícídvoustou,dvěma tisíci dvěma sty,"sto is a noun: sta, stu, stem; dvě stě, dvou set (stého/stá are ordinals)"
cs,cardinal,2200,feminine,locative,dvoutisícídvousté,dvou tisících dvou stech,"sto is a noun: sta, stu, stem; dvě stě, dvou set (stého/stá are ordinals)"
cs,cardinal,2200,neuter,nominative,dvoutisícdvěstě,dva tisíce dvě stě,"dva tisíce / pět tisíc, not dvoutisíc"
cs,cardinal,2200,neuter,genitive,dvoutisícíhodvoustého,dvou tisíc dvou set,"tisíc declines as a noun: tisíce, tisíci, tisícem (tisícího etc. are ordinals)"
cs,cardinal,2200,neuter,dative,dvoutisícímudvoustému,dvěma tisícům dvěma stům,"tisíc declines as a noun: tisíce, tisíci, tisícem (tisícího etc. are ordinals)"
cs,cardinal,2200,neuter,accusative,dvoutisícdvěstě,dva tisíce dvě stě,"dva tisíce / pět tisíc, not dvoutisíc"
cs,cardinal,2200,neuter,instrumental,dvoutisícímdvoustým,dvěma tisíci dvěma sty,"tisíc declines as a noun: tisíce, tisíci, tisícem (tisícího etc. are ordinals)"
cs,cardinal,2200,neuter,locative,dvoutisícímdvoustém,dvou tisících dvou stech,"tisíc declines as a noun: tisíce, tisíci, tisícem (tisícího etc. are ordinals)"
cs,cardinal,2201,masculine,nominative,dvoutisícdvěstějeden,dva tisíce dvě stě jedna,"dva tisíce / pět tisíc, not dvoutisíc"
cs,cardinal,2201,masculine,genitive,dvoutisícíhodvěstějednoho,dva tisíce dvě stě jedna,"tisíc declines as a noun: tisíce, tisíci, tisícem (tisícího etc. are ordinals)"
cs,cardinal,2201,masculine,dative,dvoutisícímudvěstějednomu,dva tisíce dvě stě jedna,"tisíc declines as a noun: tisíce, tisíci, tisícem (tisícího etc. are ordinals)"
cs,cardinal,2201,masculine,accusative,dvoutisícdvěstějednoho,dva tisíce dvě stě jedna,"dva tisíce / pět tisíc, not dvoutisíc"
cs,cardinal,2201,masculine,instrumental,dvoutisícímdvěstějedním,dva tisíce dvě stě jedna,"tisíc declines as a noun: tisíce, tisíci, tisícem (tisícího etc. are ordinals)"
cs,cardinal,2201,masculine,locative,dvoutisícímdvěstějednom,dva tisíce dvě stě jedna,"tisíc declines as a noun: tisíce, tisíci, tisícem (tisícího etc. are ordinals)"
cs,cardinal,2201,feminine,nominative,dvoutisícdvěstějedna,dva tisíce dvě stě jedna,"dva tisíce / pět tisíc, not dvoutisíc"
cs,cardinal,2201,feminine,genitive,dvoutisícídvěstějedné,dva tisíce dvě stě jedna,"dva tisíce / pět tisíc, not dvoutisíc"
cs,cardinal,2201,feminine,dative,dvoutisícídvěstějedné,dva tisíce dvě stě jedna,"dva tisíce / pět tisíc, not dvoutisíc"
cs,cardinal,2201,feminine,accusative,dvoutisícdvěstějednu,dva tisíce dvě stě jedna,"dva tisíce / pět tisíc, not dvoutisíc"
cs,cardinal,2201,feminine,instrumental,dvoutisícídvěstějednou,dva tisíce dvě stě jedna,"dva tisíce / pět tisíc, not dvoutisíc"
cs,cardinal,2201,feminine,locative,dvoutisícídvěstějedné,dva tisíce dvě stě jedna,"dva tisíce / pět tisíc, not dvoutisíc"
cs,cardinal,2201,neuter,nominative,dvoutisícdvěstějedno,dva tisíce dvě stě jedna,"dva tisíce / pět tisíc, not dvoutisíc"
cs,cardinal,2201,neuter,genitive,dvoutisícíhodvěstějednoho,dva tisíce dvě stě jedna,"tisíc declines as a noun: tisíce, tisíci, tisícem (tisícího etc. are ordinals)"
cs,cardinal,2201,neuter,dative,dvoutisícímudvěstějednomu,dva tisíce dvě stě jedna,"tisíc declines as a noun: tisíce, tisíci, tisícem (tisícího etc. are ordinals)"
cs,cardinal,2201,neuter,accusative,dvoutisícdvěstějedno,dva tisíce dvě stě jedna,"dva tisíce / pět tisíc, not dvoutisíc"
cs,cardinal,2201,neuter,instrumental,dvoutisícímdvěstějedním,dva tisíce dvě stě jedna,"tisíc declines as a noun: tisíce, tisíci, tisícem (tisícího etc. are ordinals)"
cs,cardinal,2201,neuter,locative,dvoutisícímdvěstějednom,dva tisíce dvě stě jedna,"tisíc declines as a noun: tisíce, tisíci, tisícem (tisícího etc. are ordinals)"
cs,cardinal,2222,masculine,nominative,dvoutisícdvěstědvacetdva,dva tisíce dvě stě dvacet dva,"dva tisíce / pět tisíc, not dvoutisíc"
cs,cardinal,2222,masculine,genitive,dvoutisícíhodvěstědvacátéhodruhého,dva tisíce dvě stě dvaceti dvou,"tisíc declines as a noun: tisíce, tisíci, tisícem (tisícího etc. are ordinals)"
cs,cardinal,2222,masculine,dative,dvoutisícímudvěstědvacátémudruhému,dva tisíce dvě stě dvaceti dvěma,"tisíc declines as a noun: tisíce, tisíci, tisícem (tisícího etc. are ordinals)"
cs,cardinal,2222,masculine,accusative,dvoutisícdvěstědvacetdva,dva tisíce dvě stě dvacet dva,"dva tisíce / pět tisíc, not dvoutisíc"
cs,cardinal,2222,masculine,instrumental,dvoutisícímdvěstědvacátýmdruhým,dva tisíce dvě stě dvaceti dvěma,"tisíc declines as a noun: tisíce, tisíci, tisícem (tisícího etc. are ordinals)"
cs,cardinal,2222,masculine,locative,dvoutisícímdvěstědvacátémdruhém,dva tisíce dvě stě dvaceti dvou,"tisíc declines as a noun: tisíce, tisíci, tisícem (tisícího etc. are ordinals)"
cs,cardinal,2222,feminine,nominative,dvoutisícdvěstědvacetdvě,dva tisíce dvě stě dvacet dva,"dva tisíce / pět tisíc, not dvoutisíc"
cs,cardinal,2222,feminine,genitive,dvoutisícídvěstědvacátéhodruhé,dva tisíce dvě stě dvaceti dvou,"dva tisíce / pět tisíc, not dvoutisíc"
cs,cardinal,2222,feminine,dative,dvoutisícídvěstědvacátémudruhé,dva tisíce dvě stě dvaceti dvěma,"dva tisíce / pět tisíc, not dvoutisíc"
cs,cardinal,2222,feminine,accusative,dvoutisícdvěstědvacetdvě,dva tisíce dvě stě dvacet dva,"dva tisíce / pět tisíc, not dvoutisíc"
cs,cardinal,2222,feminine,instrumental,dvoutisícídvěstědvacátýmdruhou,dva tisíce dvě stě dvaceti dvěma,"dva tisíce / pět tisíc, not dvoutisíc"
cs,cardinal,2222,feminine,locative,dvoutisícídvěstědvacátémdruhé,dva tisíce dvě stě dvaceti dvou,"dva tisíce / pět tisíc, not dvoutisíc"
cs,cardinal,2222,neuter,nominative,dvoutisícdvěstědvacetdvě,dva tisíce dvě stě dvacet dva,"dva tisíce / pět tisíc, not dvoutisíc"
cs,cardinal,2222,neuter,genitive,dvoutisícíhodvěstědvacátéhodruhého,dva tisíce dvě stě dvaceti dvou,"tisíc declines as a noun: tisíce, tisíci, tisícem (tisícího etc. are ordinals)"
cs,cardinal,2222,neuter,dative,dvoutisícímudvěstědvacátémudruhému,dva tisíce dvě stě dvaceti dvěma,"tisíc declines as a noun: tisíce, tisíci, tisícem (tisícího etc. are ordinals)"
cs,cardinal,2222,neuter,accusative,dvoutisícdvěstědvacetdvě,dva tisíce dvě stě dvacet dva,"dva tisíce / pět tisíc, not dvoutisíc"
cs,cardinal,2222,neuter,instrumental,dvoutisícímdvěstědvacátýmdruhým,dva tisíce dvě stě dvaceti dvěma,"tisíc declines as a noun: tisíce, tisíci, tisícem (tisícího etc. are ordinals)"
cs,cardinal,2222,neuter,locative,dvoutisícímdvěstědvacátémdruhém,dva tisíce dvě stě dvaceti dvou,"tisíc declines as a noun: tisíce, tisíci, tisícem (tisícího etc. are ordinals)"
cs,cardinal,3000,masculine,nominative,třítisíc,tři tisíce,"dva tisíce / pět tisíc, not dvoutisíc"
cs,cardinal,3000,masculine,genitive,třítisícího,tří tisíc,"tisíc declines as a noun: tisíce, tisíci, tisícem (tisícího etc. are ordinals)"
cs,cardinal,3000,masculine,dative,třítisícímu,třem tisícům,"tisíc declines as a noun: tisíce, tisíci, tisícem (tisícího etc. are ordinals)"
cs,cardinal,3000,masculine,accusative,třítisíc,tři tisíce,"dva tisíce / pět tisíc, not dvoutisíc"
cs,cardinal,3000,masculine,instrumental,třítisícím,třemi tisíci,"tisíc declines as a noun: tisíce, tisíci, tisícem (tisícího etc. are ordinals)"
cs,cardinal,3000,masculine,locative,třítisícím,třech tisících,"tisíc declines as a noun: tisíce, tisíci, tisícem (tisícího etc. are ordinals)"
cs,cardinal,3000,feminine,nominative,třítisíc,tři tisíce,"dva tisíce / pět tisíc, not dvoutisíc"
cs,cardinal,3000,feminine,genitive,třítisící,tří tisíc,"tisíc declines as a noun: tisíce, tisíci, tisícem (tisícího etc. are ordinals)"
cs,cardinal,3000,feminine,dative,třítisící,třem tisícům,"tisíc declines as a noun: tisíce, tisíci, tisícem (tisícího etc. are ordinals)"
cs,cardinal,3000,feminine,accusative,třítisíc,tři tisíce,"dva tisíce / pět tisíc, not dvoutisíc"
cs,cardinal,3000,feminine,instrumental,třítisící,třemi tisíci,"tisíc declines as a noun: tisíce, tisíci, tisícem (tisícího etc. are ordinals)"
cs,cardinal,3000,feminine,locative,třítisící,třech tisících,"tisíc declines as a noun: tisíce, tisíci, tisícem (tisícího etc. are ordinals)"
cs,cardinal,3000,neuter,nominative,třítisíc,tři tisíce,"dva tisíce / pět tisíc, not dvoutisíc"
cs,cardinal,3000,neuter,genitive,třítisícího,tří tisíc,"tisíc declines as a noun: tisíce, tisíci, tisícem (tisícího etc. are ordinals)"
cs,cardinal,3000,neuter,dative,třítisícímu,třem tisícům,"tisíc declines as a noun: tisíce, tisíci, tisícem (tisícího etc. are ordinals)"
cs,cardinal,3000,neuter,accusative,třítisíc,tři tisíce,"dva tisíce / pět tisíc, not dvoutisíc"
cs,cardinal,3000,neuter,instrumental,třítisícím,třemi tisíci,"tisíc declines as a noun: tisíce, tisíci, tisícem (tisícího etc. are ordinals)"
cs,cardinal,3000,neuter,locative,třítisícím,třech tisících,"tisíc declines as a noun: tisíce, tisíci, tisícem (tisícího etc. are ordinals)"
cs,cardinal,3003,masculine,nominative,třítisíctři,tři tisíce tři,"dva tisíce / pět tisíc, not dvoutisíc"
cs,cardinal,3003,masculine,genitive,třítisícíhotří,tří tisíc tří,"tisíc declines as a noun: tisíce, tisíci, tisícem (tisícího etc. are ordinals)"
cs,cardinal,3003,masculine,dative,třítisícímutřem,třem tisícům třem,"tisíc declines as a noun: tisíce, tisíci, tisícem (tisícího etc. are ordinals)"
cs,cardinal,3003,masculine,accusative,třítisíctři,tři tisíce tři,"dva tisíce / pět tisíc, not dvoutisíc"
cs,cardinal,3003,masculine,instrumental,třítisícímtřemi,třemi tisíci třemi,"tisíc declines as a noun: tisíce, tisíci, tisícem (tisícího etc. are ordinals)"
cs,cardinal,3003,masculine,locative,třítisícímtřech,třech tisících třech,"tisíc declines as a noun: tisíce, tisíci, tisícem (tisícího etc. are ordinals)"
cs,cardinal,3003,feminine,nominative,třítisíctři,tři tisíce tři,"dva tisíce / pět tisíc, not dvoutisíc"
cs,cardinal,3003,feminine,genitive,třítisícítří,tří tisíc tří,"dva tisíce / pět tisíc, not dvoutisíc"
cs,cardinal,3003,feminine,dative,třítisícítřem,třem tisícům třem,"dva tisíce / pět tisíc, not dvoutisíc"
cs,cardinal,3003,feminine,accusative,třítisíctři,tři tisíce tři,"dva tisíce / pět tisíc, not dvoutisíc"
cs,cardinal,3003,feminine,instrumental,třítisícítřemi,třemi tisíci třemi,"dva tisíce / pět tisíc, not dvoutisíc"
cs,cardinal,3003,feminine,locative,třítisícítřech,třech tisících třech,"dva tisíce / pět tisíc, not dvoutisíc"
cs,cardinal,3003,neuter,nominative,třítisíctři,tři tisíce tři,"dva tisíce / pět tisíc, not dvoutisíc"
cs,cardinal,3003,neuter,genitive,třítisícíhotří,tří tisíc tří,"tisíc declines as a noun: tisíce, tisíci, tisícem (tisícího etc. are ordinals)"
cs,cardinal,3003,neuter,dative,třítisícímutřem,třem tisícům třem,"tisíc declines as a noun: tisíce, tisíci, tisícem (tisícího etc. are ordinals)"
cs,cardinal,3003,neuter,accusative,třítisíctři,tři tisíce tři,"dva tisíce / pět tisíc, not dvoutisíc"
cs,cardinal,3003,neuter,instrumental,třítisícímtřemi,třemi tisíci třemi,"tisíc declines as a noun: tisíce, tisíci, tisícem (tisícího etc. are ordinals)"
cs,cardinal,3003,neuter,locative,třítisícímtřech,třech tisících třech,"tisíc declines as a noun: tisíce, tisíci, tisícem (tisícího etc. are ordinals)"
cs,cardinal,3013,masculine,nominative,třítisíctřináct,tři tisíce třináct,"dva tisíce / pět tisíc, not dvoutisíc"
cs,cardinal,3013,masculine,genitive,třítisícíhotřinácti,tří tisíc třinácti,"tisíc declines as a noun: tisíce, tisíci, tisícem (tisícího etc. are ordinals)"
cs,cardinal,3013,masculine,dative,třítisícímutřinácti,třem tisícům třinácti,"tisíc declines as a noun: tisíce, tisíci, tisícem (tisícího etc. are ordinals)"
cs,cardinal,3013,masculine,accusative,třítisíctřináct,tři tisíce třináct,"dva tisíce / pět tisíc, not dvoutisíc"
cs,cardinal,3013,masculine,instrumental,třítisícímtřinácti,třemi tisíci třinácti,"tisíc declines as a noun: tisíce, tisíci, tisícem (tisícího etc. are ordinals)"
cs,cardinal,3013,masculine,locative,třítisícímtřinácti,třech tisících třinácti,"tisíc declines as a noun: tisíce, tisíci, tisícem (tisícího etc. are ordinals)"
cs,cardinal,3013,feminine,nominative,třítisíctřináct,tři tisíce třináct,"dva tisíce / pět tisíc, not dvoutisíc"
cs,cardinal,3013,feminine,genitive,třítisícítřinácti,tří tisíc třinácti,"dva tisíce / pět tisíc, not dvoutisíc"
cs,cardinal,3013,feminine,dative,třítisícítřinácti,třem tisícům třinácti,"dva tisíce / pět tisíc, not dvoutisíc"
cs,cardinal,3013,feminine,accusative,třítisíctřináct,tři tisíce třináct,"dva tisíce / pět tisíc, not dvoutisíc"
cs,cardinal,3013,feminine,instrumental,třítisícítřinácti,třemi tisíci třinácti,"dva tisíce / pět tisíc, not dvoutisíc"
cs,cardinal,3013,feminine,locative,třítisícítřinácti,třech tisících třinácti,"dva tisíce / pět tisíc, not dvoutisíc"
cs,cardinal,3013,neuter,nominative,třítisíctřináct,tři tisíce třináct,"dva tisíce / pět tisíc, not dvoutisíc"
cs,cardinal,3013,neuter,genitive,třítisícíhotřinácti,tří tisíc třinácti,"tisíc declines as a noun: tisíce, tisíci, tisícem (tisícího etc. are ordinals)"
cs,cardinal,3013,neuter,dative,třítisícímutřinácti,třem tisícům třinácti,"tisíc declines as a noun: tisíce, tisíci, tisícem (tisícího etc. are ordinals)"
cs,cardinal,3013,neuter,accusative,třítisíctřináct,tři tisíce třináct,"dva tisíce / pět tisíc, not dvoutisíc"
cs,cardinal,3013,neuter,instrumental,třítisícímtřinácti,třemi tisíci třinácti,"tisíc declines as a noun: tisíce, tisíci, tisícem (tisícího etc. are ordinals)"
cs,cardinal,3013,neuter,locative,třítisícímtřinácti,třech tisících třinácti,"tisíc declines as a noun: tisíce, tisíci, tisícem (tisícího etc. are ordinals)"
cs,cardinal,3033,masculine,nominative,třítisíctřicettři,tři tisíce třicet tři,"dva tisíce / pět tisíc, not dvoutisíc"
cs,cardinal,3033,masculine,genitive,třítisícíhotřicátéhotřetího,tří tisíc třiceti tří,"tisíc declines as a noun: tisíce, tisíci, tisícem (tisícího etc. are ordinals)"
cs,cardinal,3033,masculine,dative,třítisícímutřicátémutřetímu,třem tisícům třiceti třem,"tisíc declines as a noun: tisíce, tisíci, tisícem (tisícího etc. are ordinals)"
cs,cardinal,3033,masculine,accusative,třítisíctřicettři,tři tisíce třicet tři,"dva tisíce / pět tisíc, not dvoutisíc"
cs,cardinal,3033,masculine,instrumental,třítisícímtřicátýmtřetím,třemi tisíci třiceti třemi,"tisíc declines as a noun: tisíce, tisíci, tisícem (tisícího etc. are ordinals)"
cs,cardinal,3033,masculine,locative,třítisícímtřicátémtřetím,třech tisících třiceti třech,"tisíc declines as a noun: tisíce, tisíci, tisícem (tisícího etc. are ordinals)"
cs,cardinal,3033,feminine,nominative,třítisíctřicettři,tři tisíce třicet tři,"dva tisíce / pět tisíc, not dvoutisíc"
cs,cardinal,3033,feminine,genitive,třítisícítřicátéhotřetí,tří tisíc třiceti tří,"dva tisíce / pět tisíc, not dvoutisíc"
cs,cardinal,3033,feminine,dative,třítisícítřicátémutřetí,třem tisícům třiceti třem,"dva tisíce / pět tisíc, not dvoutisíc"
cs,cardinal,3033,feminine,accusative,třítisíctřicettři,tři tisíce třicet tři,"dva tisíce / pět tisíc, not dvoutisíc"
cs,cardinal,3033,feminine,instrumental,třítisícítřicátýmtřetí,třemi tisíci třiceti třemi,"dva tisíce / pět tisíc, not dvoutisíc"
cs,cardinal,3033,feminine,locative,třítisícítřicátémtřetí,třech tisících třiceti třech,"dva tisíce / pět tisíc, not dvoutisíc"
cs,cardinal,3033,neuter,nominative,třítisíctřicettři,tři tisíce třicet tři,"dva tisíce / pět tisíc, not dvoutisíc"
cs,cardinal,3033,neuter,genitive,třítisícíhotřicátéhotřetího,tří tisíc třiceti tří,"tisíc declines as a noun: tisíce, tisíci, tisícem (tisícího etc. are ordinals)"
cs,cardinal,3033,neuter,dative,třítisícímutřicátémutřetímu,třem tisícům třiceti třem,"tisíc declines as a noun: tisíce, tisíci, tisícem (tisícího etc. are ordinals)"
cs,cardinal,3033,neuter,accusative,třítisíctřicettři,tři tisíce třicet tři,"dva tisíce / pět tisíc, not dvoutisíc"
cs,cardinal,3033,neuter,instrumental,třítisícímtřicátýmtřetím,třemi tisíci třiceti třemi,"tisíc declines as a noun: tisíce, tisíci, tisícem (tisícího etc. are ordinals)"
cs,cardinal,3033,neuter,locative,třítisícímtřicátémtřetím,třech tisících třiceti třech,"tisíc declines as a noun: tisíce, tisíci, tisícem (tisícího etc. are ordinals)"
cs,cardinal,3333,masculine,nominative,třítisíctřistatřicettři,tři tisíce tři sta třicet tři,"dva tisíce / pět tisíc, not dvoutisíc"
cs,cardinal,3333,masculine,genitive,třítisícíhotřistatřicátéhotřetího,tři tisíce tři sta třiceti tří,"tisíc declines as a noun: tisíce, tisíci, tisícem (tisícího etc. are ordinals)"
cs,cardinal,3333,masculine,dative,třítisícímutřistatřicátémutřetímu,tři tisíce tři sta třiceti třem,"tisíc declines as a noun: tisíce, tisíci, tisícem (tisícího etc. are ordinals)"
cs,cardinal,3333,masculine,accusative,třítisíctřistatřicettři,tři tisíce tři sta třicet tři,"dva tisíce / pět tisíc, not dvoutisíc"
cs,cardinal,3333,masculine,instrumental,třítisícímtřistatřicátýmtřetím,tři tisíce tři sta třiceti třemi,"tisíc declines as a noun: tisíce, tisíci, tisícem (tisícího etc. are ordinals)"
cs,cardinal,3333,masculine,locative,třítisícímtřistatřicátémtřetím,tři tisíce tři sta třiceti třech,"tisíc declines as a noun: tisíce, tisíci, tisícem (tisícího etc. are ordinals)"
cs,cardinal,3333,feminine,nominative,třítisíctřistatřicettři,tři tisíce tři sta třicet tři,"dva tisíce / pět tisíc, not dvoutisíc"
cs,cardinal,3333,feminine,genitive,třítisícítřistatřicátéhotřetí,tři tisíce tři sta třiceti tří,"dva tisíce / pět tisíc, not dvoutisíc"
cs,cardinal,3333,feminine,dative,třítisícítřistatřicátémutřetí,tři tisíce tři sta třiceti třem,"dva tisíce / pět tisíc, not dvoutisíc"
cs,cardinal,3333,feminine,accusative,třítisíctřistatřicettři,tři tisíce tři sta třicet tři,"dva tisíce / pět tisíc, not dvoutisíc"
cs,cardinal,3333,feminine,instrumental,třítisícítřistatřicátýmtřetí,tři tisíce tři sta třiceti třemi,"dva tisíce / pět tisíc, not dvoutisíc"
cs,cardinal,3333,feminine,locative,třítisícítřistatřicátémtřetí,tři tisíce tři sta třiceti třech,"dva tisíce / pět tisíc, not dvoutisíc"
cs,cardinal,3333,neuter,nominative,třítisíctřistatřicettři,tři tisíce tři sta třicet tři,"dva tisíce / pět tisíc, not dvoutisíc"
cs,cardinal,3333,neuter,genitive,třítisícíhotřistatřicátéhotřetího,tři tisíce tři sta třiceti tří,"tisíc declines as a noun: tisíce, tisíci, tisícem (tisícího etc. are ordinals)"
cs,cardinal,3333,neuter,dative,třítisícímutřistatřicátémutřetímu,tři tisíce tři sta třiceti třem,"tisíc declines as a noun: tisíce, tisíci, tisícem (tisícího etc. are ordinals)"
cs,cardinal,3333,neuter,accusative,třítisíctřistatřicettři,tři tisíce tři sta třicet tři,"dva tisíce / pět tisíc, not dvoutisíc"
cs,cardinal,3333,neuter,instrumental,třítisícímtřistatřicátýmtřetím,tři tisíce tři sta třiceti třemi,"tisíc declines as a noun: tisíce, tisíci, tisícem (tisícího etc. are ordinals)"
cs,cardinal,3333,neuter,locative,třítisícímtřistatřicátémtřetím,tři tisíce tři sta třiceti třech,"tisíc declines as a noun: tisíce, tisíci, tisícem (tisícího etc. are ordinals)"
cs,cardinal,4000,masculine,nominative,čtyřtisíc,čtyři tisíce,"dva tisíce / pět tisíc, not dvoutisíc"
cs,cardinal,4000,masculine,genitive,čtyřtisícího,čtyř tisíc,"tisíc declines as a noun: tisíce, tisíci, tisícem (tisícího etc. are ordinals)"
cs,cardinal,4000,masculine,dative,čtyřtisícímu,čtyřem tisícům,"tisíc declines as a noun: tisíce, tisíci, tisícem (tisícího etc. are ordinals)"
cs,cardinal,4000,masculine,accusative,čtyřtisíc,čtyři tisíce,"dva tisíce / pět tisíc, not dvoutisíc"
cs,cardinal,4000,masculine,instrumental,čtyřtisícím,čtyřmi tisíci,"tisíc declines as a noun: tisíce, tisíci, tisícem (tisícího etc. are ordinals)"
cs,cardinal,4000,masculine,locative,čtyřtisícím,čtyřech tisících,"tisíc declines as a noun: tisíce, tisíci, tisícem (tisícího etc. are ordinals)"
cs,cardinal,4000,feminine,nominative,čtyřtisíc,čtyři tisíce,"dva tisíce / pět tisíc, not dvoutisíc"
cs,cardinal,4000,feminine,genitive,čtyřtisící,čtyř tisíc,"tisíc declines as a noun: tisíce, tisíci, tisícem (tisícího etc. are ordinals)"
cs,cardinal,4000,feminine,dative,čtyřtisící,čtyřem tisícům,"tisíc declines as a noun: tisíce, tisíci, tisícem (tisícího etc. are ordinals)"
cs,cardinal,4000,feminine,accusative,čtyřtisíc,čtyři tisíce,"dva tisíce / pět tisíc, not dvoutisíc"
cs,cardinal,4000,feminine,instrumental,čtyřtisící,čtyřmi tisíci,"tisíc declines as a noun: tisíce, tisíci, tisícem (tisícího etc. are ordinals)"
cs,cardinal,4000,feminine,locative,čtyřtisící,čtyřech tisících,"tisíc declines as a noun: tisíce, tisíci, tisícem (tisícího etc. are ordinals)"
cs,cardinal,4000,neuter,nominative,čtyřtisíc,čtyři tisíce,"dva tisíce / pět tisíc, not dvoutisíc"
cs,cardinal,4000,neuter,genitive,čtyřtisícího,čtyř tisíc,"tisíc declines as a noun: tisíce, tisíci, tisícem (tisícího etc. are ordinals)"
cs,cardinal,4000,neuter,dative,čtyřtisícímu,čtyřem tisícům,"tisíc declines as a noun: tisíce, tisíci, tisícem (tisícího etc. are ordinals)"
cs,cardinal,4000,neuter,accusative,čtyřtisíc,čtyři tisíce,"dva tisíce / pět tisíc, not dvoutisíc"
cs,cardinal,4000,neuter,instrumental,čtyřtisícím,čtyřmi tisíci,"tisíc declines as a noun: tisíce, tisíci, tisícem (tisícího etc. are ordinals)"
cs,cardinal,4000,neuter,locative,čtyřtisícím,čtyřech tisících,"tisíc declines as a noun: tisíce, tisíci, tisícem (tisícího etc. are ordinals)"
cs,cardinal,4004,masculine,nominative,čtyřtisícčtyři,čtyři tisíce čtyři,"dva tisíce / pět tisíc, not dvoutisíc"
cs,cardinal,4004,masculine,genitive,čtyřtisícíhočtyř,čtyř tisíc čtyř,"tisíc declines as a noun: tisíce, tisíci, tisícem (tisícího etc. are ordinals)"
cs,cardinal,4004,masculine,dative,čtyřtisícímučtyřem,čtyřem tisícům čtyřem,"tisíc declines as a noun: tisíce, tisíci, tisícem (tisícího etc. are ordinals)"
cs,cardinal,4004,masculine,accusative,čtyřtisícčtyři,čtyři tisíce čtyři,"dva tisíce / pět tisíc, not dvoutisíc"
cs,cardinal,4004,masculine,instrumental,čtyřtisícímčtyřmi,čtyřmi tisíci čtyřmi,"tisíc declines as a noun: tisíce, tisíci, tisícem (tisícího etc. are ordinals)"
cs,cardinal,4004,masculine,locative,čtyřtisícímčtyřech,čtyřech tisících čtyřech,"tisíc declines as a noun: tisíce, tisíci, tisícem (tisícího etc. are ordinals)"
cs,cardinal,4004,feminine,nominative,čtyřtisícčtyři,čtyři tisíce čtyři,"dva tisíce / pět tisíc, not dvoutisíc"
cs,cardinal,4004,feminine,genitive,čtyřtisícíčtyř,čtyř tisíc čtyř,"dva tisíce / pět tisíc, not dvoutisíc"
cs,cardinal,4004,feminine,dative,čtyřtisícíčtyřem,čtyřem tisícům čtyřem,"dva tisíce / pět tisíc, not dvoutisíc"
cs,cardinal,4004,feminine,accusative,čtyřtisícčtyři,čtyři tisíce čtyři,"dva tisíce / pět tisíc, not dvoutisíc"
cs,cardinal,4004,feminine,instrumental,čtyřtisícíčtyřmi,čtyřmi tisíci čtyřmi,"dva tisíce / pět tisíc, not dvoutisíc"
cs,cardinal,4004,feminine,locative,čtyřtisícíčtyřech,čtyřech tisících čtyřech,"dva tisíce / pět tisíc, not dvoutisíc"
cs,cardinal,4004,neuter,nominative,čtyřtisícčtyři,čtyři tisíce čtyři,"dva tisíce / pět tisíc, not dvoutisíc"
cs,cardinal,4004,neuter,genitive,čtyřtisícíhočtyř,čtyř tisíc čtyř,"tisíc declines as a noun: tisíce, tisíci, tisícem (tisícího etc. are ordinals)"
cs,cardinal,4004,neuter,dative,čtyřtisícímučtyřem,čtyřem tisícům čtyřem,"tisíc declines as a noun: tisíce, tisíci, tisícem (tisícího etc. are ordinals)"
cs,cardinal,4004,neuter,accusative,čtyřtisícčtyři,čtyři tisíce čtyři,"dva tisíce / pět tisíc, not dvoutisíc"
cs,cardinal,4004,neuter,instrumental,čtyřtisícímčtyřmi,čtyřmi tisíci čtyřmi,"tisíc declines as a noun: tisíce, tisíci, tisícem (tisícího etc. are ordinals)"
cs,cardinal,4004,neuter,locative,čtyřtisícímčtyřech,čtyřech tisících čtyřech,"tisíc declines as a noun: tisíce, tisíci, tisícem (tisícího etc. are ordinals)"
cs,cardinal,4014,masculine,nominative,čtyřtisícčtrnáct,čtyři tisíce čtrnáct,"dva tisíce / pět tisíc, not dvoutisíc"
cs,cardinal,4014,masculine,genitive,čtyřtisícíhočtrnácti,čtyř tisíc čtrnácti,"tisíc declines as a noun: tisíce, tisíci, tisícem (tisícího etc. are ordinals)"
cs,cardinal,4014,masculine,dative,čtyřtisícímučtrnácti,čtyřem tisícům čtrnácti,"tisíc declines as a noun: tisíce, tisíci, tisícem (tisícího etc. are ordinals)"
cs,cardinal,4014,masculine,accusative,čtyřtisícčtrnáct,čtyři tisíce čtrnáct,"dva tisíce / pět tisíc, not dvoutisíc"
cs,cardinal,4014,masculine,instrumental,čtyřtisícímčtrnácti,čtyřmi tisíci čtrnácti,"tisíc declines as a noun: tisíce, tisíci, tisícem (tisícího etc. are ordinals)"
cs,cardinal,4014,masculine,locative,čtyřtisícímčtrnácti,čtyřech tisících čtrnácti,"tisíc declines as a noun: tisíce, tisíci, tisícem (tisícího etc. are ordinals)"
cs,cardinal,4014,feminine,nominative,čtyřtisícčtrnáct,čtyři tisíce čtrnáct,"dva tisíce / pět tisíc, not dvoutisíc"
cs,cardinal,4014,feminine,genitive,čtyřtisícíčtrnácti,čtyř tisíc čtrnácti,"dva tisíce / pět tisíc, not dvoutisíc"
cs,cardinal,4014,feminine,dative,čtyřtisícíčtrnácti,čtyřem tisícům čtrnácti,"dva tisíce / pět tisíc, not dvoutisíc"
cs,cardinal,4014,feminine,accusative,čtyřtisícčtrnáct,čtyři tisíce čtrnáct,"dva tisíce / pět tisíc, not dvoutisíc"
cs,cardinal,4014,feminine,instrumental,čtyřtisícíčtrnácti,čtyřmi tisíci čtrnácti,"dva tisíce / pět tisíc, not dvoutisíc"
cs,cardinal,4014,feminine,locative,čtyřtisícíčtrnácti,čtyřech tisících čtrnácti,"dva tisíce / pět tisíc, not dvoutisíc"
cs,cardinal,4014,neuter,nominative,čtyřtisícčtrnáct,čtyři tisíce čtrnáct,"dva tisíce / pět tisíc, not dvoutisíc"
cs,cardinal,4014,neuter,genitive,čtyřtisícíhočtrnácti,čtyř tisíc čtrnácti,"tisíc declines as a noun: tisíce, tisíci, tisícem (tisícího etc. are ordinals)"
cs,cardinal,4014,neuter,dative,čtyřtisícímučtrnácti,čtyřem tisícům čtrnácti,"tisíc declines as a noun: tisíce, tisíci, tisícem (tisícího etc. are ordinals)"
cs,cardinal,4014,neuter,accusative,čtyřtisícčtrnáct,čtyři tisíce čtrnáct,"dva tisíce / pět tisíc, not dvoutisíc"
cs,cardinal,4014,neuter,instrumental,čtyřtisícímčtrnácti,čtyřmi tisíci čtrnácti,"tisíc declines as a noun: tisíce, tisíci, tisícem (tisícího etc. are ordinals)"
cs,cardinal,4014,neuter,locative,čtyřtisícímčtrnácti,čtyřech tisících čtrnácti,"tisíc declines as a noun: tisíce, tisíci, tisícem (tisícího etc. are ordinals)"
cs,cardinal,4044,masculine,nominative,čtyřtisícčtyřicetčtyři,čtyři tisíce čtyřicet čtyři,"dva tisíce / pět tisíc, not dvoutisíc"
cs,cardinal,4044,masculine,genitive,čtyřtisícíhočtyřicátéhočtvrtého,čtyř tisíc čtyřiceti čtyř,"tisíc declines as a noun: tisíce, tisíci, tisícem (tisícího etc. are ordinals)"
cs,cardinal,4044,masculine,dative,čtyřtisícímučtyřicátémučtvrtému,čtyřem tisícům čtyřiceti čtyřem,"tisíc declines as a noun: tisíce, tisíci, tisícem (tisícího etc. are ordinals)"
cs,cardinal,4044,masculine,accusative,čtyřtisícčtyřicetčtyři,čtyři tisíce čtyřicet čtyři,"dva tisíce / pět tisíc, not dvoutisíc"
cs,cardinal,4044,masculine,instrumental,čtyřtisícímčtyřicátýmčtvrtým,čtyřmi tisíci čtyřiceti čtyřmi,"tisíc declines as a noun: tisíce, tisíci, tisícem (tisícího etc. are ordinals)"
cs,cardinal,4044,masculine,locative,čtyřtisícímčtyřicátémčtvrtém,čtyřech tisících čtyřiceti čtyřech,"tisíc declines as a noun: tisíce, tisíci, tisícem (tisícího etc. are ordinals)"
cs,cardinal,4044,feminine,nominative,čtyřtisícčtyřicetčtyři,čtyři tisíce čtyřicet čtyři,"dva tisíce / pět tisíc, not dvoutisíc"
cs,cardinal,4044,feminine,genitive,čtyřtisícíčtyřicátéhočtvrté,čtyř tisíc čtyřiceti čtyř,"dva tisíce / pět tisíc, not dvoutisíc"
cs,cardinal,4044,feminine,dative,čtyřtisícíčtyřicátémučtvrté,čtyřem tisícům čtyřiceti čtyřem,"dva tisíce / pět tisíc, not dvoutisíc"
cs,cardinal,4044,feminine,accusative,čtyřtisícčtyřicetčtyři,čtyři tisíce čtyřicet čtyři,"dva tisíce / pět tisíc, not dvoutisíc"
cs,cardinal,4044,feminine,instrumental,čtyřtisícíčtyřicátýmčtvrtou,čtyřmi tisíci čtyřiceti čtyřmi,"dva tisíce / pět tisíc, not dvoutisíc"
cs,cardinal,4044,feminine,locative,čtyřtisícíčtyřicátémčtvrté,čtyřech tisících čtyřiceti čtyřech,"dva tisíce / pět tisíc, not dvoutisíc"
cs,cardinal,4044,neuter,nominative,čtyřtisícčtyřicetčtyři,čtyři tisíce čtyřicet čtyři,"dva tisíce / pět tisíc, not dvoutisíc"
cs,cardinal,4044,neuter,genitive,čtyřtisícíhočtyřicátéhočtvrtého,čtyř tisíc čtyřiceti čtyř,"tisíc declines as a noun: tisíce, tisíci, tisícem (tisícího etc. are ordinals)"
cs,cardinal,4044,neuter,dative,čtyřtisícímučtyřicátémučtvrtému,čtyřem tisícům čtyřiceti čtyřem,"tisíc declines as a noun: tisíce, tisíci, tisícem (tisícího etc. are ordinals)"
cs,cardinal,4044,neuter,accusative,čtyřtisícčtyřicetčtyři,čtyři tisíce čtyřicet čtyři,"dva tisíce / pět tisíc, not dvoutisíc"
cs,cardinal,4044,neuter,instrumental,čtyřtisícímčtyřicátýmčtvrtým,čtyřmi tisíci čtyřiceti čtyřmi,"tisíc declines as a noun: tisíce, tisíci, tisícem (tisícího etc. are ordinals)"
cs,cardinal,4044,neuter,locative,čtyřtisícímčtyřicátémčtvrtém,čtyřech tisících čtyřiceti čtyřech,"tisíc declines as a noun: tisíce, tisíci, tisícem (tisícího etc. are ordinals)"
cs,cardinal,4444,masculine,nominative,čtyřtisícčtyřistačtyřicetčtyři,čtyři tisíce čtyři sta čtyřicet čtyři,"dva tisíce / pět tisíc, not dvoutisíc"
cs,cardinal,4444,masculine,genitive,čtyřtisícíhočtyřistačtyřicátéhočtvrtého,čtyři tisíce čtyři sta čtyřiceti čtyř,"tisíc declines as a noun: tisíce, tisíci, tisícem (tisícího etc. are ordinals)"
cs,cardinal,4444,masculine,dative,čtyřtisícímučtyřistačtyřicátémučtvrtému,čtyři tisíce čtyři sta čtyřiceti čtyřem,"tisíc declines as a noun: tisíce, tisíci, tisícem (tisícího etc. are ordinals)"
cs,cardinal,4444,masculine,accusative,čtyřtisícčtyřistačtyřicetčtyři,čtyři tisíce čtyři sta čtyřicet čtyři,"dva tisíce / pět tisíc, not dvoutisíc"
cs,cardinal,4444,masculine,instrumental,čtyřtisícímčtyřistačtyřicátýmčtvrtým,čtyři tisíce čtyři sta čtyřiceti čtyřmi,"tisíc declines as a noun: tisíce, tisíci, tisícem (tisícího etc. are ordinals)"
cs,cardinal,4444,masculine,locative,čtyřtisícímčtyřistačtyřicátémčtvrtém,čtyři tisíce čtyři sta čtyřiceti čtyřech,"tisíc declines as a noun: tisíce, tisíci, tisícem (tisícího etc. are ordinals)"
cs,cardinal,4444,feminine,nominative,čtyřtisícčtyřistačtyřicetčtyři,čtyři tisíce čtyři sta čtyřicet čtyři,"dva tisíce / pět tisíc, not dvoutisíc"
cs,cardinal,4444,feminine,genitive,čtyřtisícíčtyřistačtyřicátéhočtvrté,čtyři tisíce čtyři sta čtyřiceti čtyř,"dva tisíce / pět tisíc, not dvoutisíc"
cs,cardinal,4444,feminine,dative,čtyřtisícíčtyřistačtyřicátémučtvrté,čtyři tisíce čtyři sta čtyřiceti čtyřem,"dva tisíce / pět tisíc, not dvoutisíc"
cs,cardinal,4444,feminine,accusative,čtyřtisícčtyřistačtyřicetčtyři,čtyři tisíce čtyři sta čtyřicet čtyři,"dva tisíce / pět tisíc, not dvoutisíc"
cs,cardinal,4444,feminine,instrumental,čtyřtisícíčtyřistačtyřicátýmčtvrtou,čtyři tisíce čtyři sta čtyřiceti čtyřmi,"dva tisíce / pět tisíc, not dvoutisíc"
cs,cardinal,4444,feminine,locative,čtyřtisícíčtyřistačtyřicátémčtvrté,čtyři tisíce čtyři sta čtyřiceti čtyřech,"dva tisíce / pět tisíc, not dvoutisíc"
cs,cardinal,4444,neuter,nominative,čtyřtisícčtyřistačtyřicetčtyři,čtyři tisíce čtyři sta čtyřicet čtyři,"dva tisíce / pět tisíc, not dvoutisíc"
cs,cardinal,4444,neuter,genitive,čtyřtisícíhočtyřistačtyřicátéhočtvrtého,čtyři tisíce čtyři sta čtyřiceti čtyř,"tisíc declines as a noun: tisíce, tisíci, tisícem (tisícího etc. are ordinals)"
cs,cardinal,4444,neuter,dative,čtyřtisícímučtyřistačtyřicátémučtvrtému,čtyři tisíce čtyři sta čtyřiceti čtyřem,"tisíc declines as a noun: tisíce, tisíci, tisícem (tisícího etc. are ordinals)"
cs,cardinal,4444,neuter,accusative,čtyřtisícčtyřistačtyřicetčtyři,čtyři tisíce čtyři sta čtyřicet čtyři,"dva tisíce / pět tisíc, not dvoutisíc"
cs,cardinal,4444,neuter,instrumental,čtyřtisícímčtyřistačtyřicátýmčtvrtým,čtyři tisíce čtyři sta čtyřiceti čtyřmi,"tisíc declines as a noun: tisíce, tisíci, tisícem (tisícího etc. are ordinals)"
cs,cardinal,4444,neuter,locative,čtyřtisícímčtyřistačtyřicátémčtvrtém,čtyři tisíce čtyři sta čtyřiceti čtyřech,"tisíc declines as a noun: tisíce, tisíci, tisícem (tisícího etc. are ordinals)"
cs,cardinal,10000,masculine,nominative,desettisíc,deset tisíc,spacing only
cs,cardinal,10000,masculine,genitive,desettisícího,deseti tisíc,"tisíc declines as a noun: tisíce, tisíci, tisícem (tisícího etc. are ordinals)"
cs,cardinal,10000,masculine,dative,desettisícímu,deseti tisícům,"tisíc declines as a noun: tisíce, tisíci, tisícem (tisícího etc. are ordinals)"
cs,cardinal,10000,masculine,accusative,desettisíc,deset tisíc,spacing only
cs,cardinal,10000,masculine,instrumental,desettisícím,deseti tisíci,"tisíc declines as a noun: tisíce, tisíci, tisícem (tisícího etc. are ordinals)"
cs,cardinal,10000,masculine,locative,desettisícím,deseti tisících,"tisíc declines as a noun: tisíce, tisíci, tisícem (tisícího etc. are ordinals)"
cs,cardinal,10000,feminine,nominative,desettisíc,deset tisíc,spacing only
cs,cardinal,10000,feminine,genitive,desettisící,deseti tisíc,"tisíc declines as a noun: tisíce, tisíci, tisícem (tisícího etc. are ordinals)"
cs,cardinal,10000,feminine,dative,desettisící,deseti tisícům,"tisíc declines as a noun: tisíce, tisíci, tisícem (tisícího etc. are ordinals)"
cs,cardinal,10000,feminine,accusative,desettisíc,deset tisíc,spacing only
cs,cardinal,10000,feminine,instrumental,desettisící,deseti tisíci,"tisíc declines as a noun: tisíce, tisíci, tisícem (tisícího etc. are ordinals)"
cs,cardinal,10000,feminine,locative,desettisící,deseti tisících,"tisíc declines as a noun: tisíce, tisíci, tisícem (tisícího etc. are ordinals)"
cs,cardinal,10000,neuter,nominative,desettisíc,deset tisíc,spacing only
cs,cardinal,10000,neuter,genitive,desettisícího,deseti tisíc,"tisíc declines as a noun: tisíce, tisíci, tisícem (tisícího etc. are ordinals)"
cs,cardinal,10000,neuter,dative,desettisícímu,deseti tisícům,"tisíc declines as a noun: tisíce, tisíci, tisícem (tisícího etc. are ordinals)"
cs,cardinal,10000,neuter,accusative,desettisíc,deset tisíc,spacing only
cs,cardinal,10000,neuter,instrumental,desettisícím,deseti tisíci,"tisíc declines as a noun: tisíce, tisíci, tisícem (tisícího etc. are ordinals)"
cs,cardinal,10000,neuter,locative,desettisícím,deseti tisících,"tisíc declines as a noun: tisíce, tisíci, tisícem (tisícího etc. are ordinals)"
cs,cardinal,10001,masculine,nominative,desettisícjeden,deset tisíc jedna,"x1 compounds: 'dvacet jedna' in N/A, inverted 'jednadvaceti' in oblique cases"
cs,cardinal,10001,masculine,genitive,desettisícíhojednoho,deseti tisíc jedna,"tisíc declines as a noun: tisíce, tisíci, tisícem (tisícího etc. are ordinals)"
cs,cardinal,10001,masculine,dative,desettisícímujednomu,deseti tisícům jedna,"tisíc declines as a noun: tisíce, tisíci, tisícem (tisícího etc. are ordinals)"
cs,cardinal,10001,masculine,accusative,desettisícjednoho,deset tisíc jedna,masc. accusative: inanimate by default (animacy= gives the old form)
cs,cardinal,10001,masculine,instrumental,desettisícímjedním,deseti tisíci jedna,"tisíc declines as a noun: tisíce, tisíci, tisícem (tisícího etc. are ordinals)"
cs,cardinal,10001,masculine,locative,desettisícímjednom,deseti tisících jedna,"tisíc declines as a noun: tisíce, tisíci, tisícem (tisícího etc. are ordinals)"
cs,cardinal,10001,feminine,nominative,desettisícjedna,deset tisíc jedna,spacing only
cs,cardinal,10001,feminine,genitive,desettisícíjedné,deseti tisíc jedna,"x1 compounds: 'dvacet jedna' in N/A, inverted 'jednadvaceti' in oblique cases"
cs,cardinal,10001,feminine,dative,desettisícíjedné,deseti tisícům jedna,"x1 compounds: 'dvacet jedna' in N/A, inverted 'jednadvaceti' in oblique cases"
cs,cardinal,10001,feminine,accusative,desettisícjednu,deset tisíc jedna,"x1 compounds: 'dvacet jedna' in N/A, inverted 'jednadvaceti' in oblique cases"
cs,cardinal,10001,feminine,instrumental,desettisícíjednou,deseti tisíci jedna,"x1 compounds: 'dvacet jedna' in N/A, inverted 'jednadvaceti' in oblique cases"
cs,cardinal,10001,feminine,locative,desettisícíjedné,deseti tisících jedna,"x1 compounds: 'dvacet jedna' in N/A, inverted 'jednadvaceti' in oblique cases"
cs,cardinal,10001,neuter,nominative,desettisícjedno,deset tisíc jedna,"x1 compounds: 'dvacet jedna' in N/A, inverted 'jednadvaceti' in oblique cases"
cs,cardinal,10001,neuter,genitive,desettisícíhojednoho,deseti tisíc jedna,"tisíc declines as a noun: tisíce, tisíci, tisícem (tisícího etc. are ordinals)"
cs,cardinal,10001,neuter,dative,desettisícímujednomu,deseti tisícům jedna,"tisíc declines as a noun: tisíce, tisíci, tisícem (tisícího etc. are ordinals)"
cs,cardinal,10001,neuter,accusative,desettisícjedno,deset tisíc jedna,"x1 compounds: 'dvacet jedna' in N/A, inverted 'jednadvaceti' in oblique cases"
cs,cardinal,10001,neuter,instrumental,desettisícímjedním,deseti tisíci jedna,"tisíc declines as a noun: tisíce, tisíci, tisícem (tisícího etc. are ordinals)"
cs,cardinal,10001,neuter,locative,desettisícímjednom,deseti tisících jedna,"tisíc declines as a noun: tisíce, tisíci, tisícem (tisícího etc. are ordinals)"
cs,cardinal,10010,masculine,nominative,desettisícdeset,deset tisíc deset,spacing only
cs,cardinal,10010,masculine,genitive,desettisícíhodeseti,deseti tisíc deseti,"tisíc declines as a noun: tisíce, tisíci, tisícem (tisícího etc. are ordinals)"
cs,cardinal,10010,masculine,dative,desettisícímudeseti,deseti tisícům deseti,"tisíc declines as a noun: tisíce, tisíci, tisícem (tisícího etc. are ordinals)"
cs,cardinal,10010,masculine,accusative,desettisícdeset,deset tisíc deset,spacing only
cs,cardinal,10010,masculine,instrumental,desettisícímdeseti,deseti tisíci deseti,"tisíc declines as a noun: tisíce, tisíci, tisícem (tisícího etc. are ordinals)"
cs,cardinal,10010,masculine,locative,desettisícímdeseti,deseti tisících deseti,"tisíc declines as a noun: tisíce, tisíci, tisícem (tisícího etc. are ordinals)"
cs,cardinal,10010,feminine,nominative,desettisícdeset,deset tisíc deset,spacing only
cs,cardinal,10010,feminine,genitive,desettisícídeseti,deseti tisíc deseti,compounds decline as cardinals (v1 used ordinal forms)
cs,cardinal,10010,feminine,dative,desettisícídeseti,deseti tisícům deseti,compounds decline as cardinals (v1 used ordinal forms)
cs,cardinal,10010,feminine,accusative,desettisícdeset,deset tisíc deset,spacing only
cs,cardinal,10010,feminine,instrumental,desettisícídeseti,deseti tisíci deseti,compounds decline as cardinals (v1 used ordinal forms)
cs,cardinal,10010,feminine,locative,desettisícídeseti,deseti tisících deseti,compounds decline as cardinals (v1 used ordinal forms)
cs,cardinal,10010,neuter,nominative,desettisícdeset,deset tisíc deset,spacing only
cs,cardinal,10010,neuter,genitive,desettisícíhodeseti,deseti tisíc deseti,"tisíc declines as a noun: tisíce, tisíci, tisícem (tisícího etc. are ordinals)"
cs,cardinal,10010,neuter,dative,desettisícímudeseti,deseti tisícům deseti,"tisíc declines as a noun: tisíce, tisíci, tisícem (tisícího etc. are ordinals)"
cs,cardinal,10010,neuter,accusative,desettisícdeset,deset tisíc deset,spacing only
cs,cardinal,10010,neuter,instrumental,desettisícímdeseti,deseti tisíci deseti,"tisíc declines as a noun: tisíce, tisíci, tisícem (tisícího etc. are ordinals)"
cs,cardinal,10010,neuter,locative,desettisícímdeseti,deseti tisících deseti,"tisíc declines as a noun: tisíce, tisíci, tisícem (tisícího etc. are ordinals)"
cs,cardinal,10011,masculine,nominative,desettisícjedenáct,deset tisíc jedenáct,spacing only
cs,cardinal,10011,masculine,genitive,desettisícíhojedenácti,deseti tisíc jedenácti,"tisíc declines as a noun: tisíce, tisíci, tisícem (tisícího etc. are ordinals)"
cs,cardinal,10011,masculine,dative,desettisícímujedenácti,deseti tisícům jedenácti,"tisíc declines as a noun: tisíce, tisíci, tisícem (tisícího etc. are ordinals)"
cs,cardinal,10011,masculine,accusative,desettisícjedenáct,deset tisíc jedenáct,spacing only
cs,cardinal,10011,masculine,instrumental,desettisícímjedenácti,deseti tisíci jedenácti,"tisíc declines as a noun: tisíce, tisíci, tisícem (tisícího etc. are ordinals)"
cs,cardinal,10011,masculine,locative,desettisícímjedenácti,deseti tisících jedenácti,"tisíc declines as a noun: tisíce, tisíci, tisícem (tisícího etc. are ordinals)"
cs,cardinal,10011,feminine,nominative,desettisícjedenáct,deset tisíc jedenáct,spacing only
cs,cardinal,10011,feminine,genitive,desettisícíjedenácti,deseti tisíc jedenácti,compounds decline as cardinals (v1 used ordinal forms)
cs,cardinal,10011,feminine,dative,desettisícíjedenácti,deseti tisícům jedenácti,compounds decline as cardinals (v1 used ordinal forms)
cs,cardinal,10011,feminine,accusative,desettisícjedenáct,deset tisíc jedenáct,spacing only
cs,cardinal,10011,feminine,instrumental,desettisícíjedenácti,deseti tisíci jedenácti,compounds decline as cardinals (v1 used ordinal forms)
cs,cardinal,10011,feminine,locative,desettisícíjedenácti,deseti tisících jedenácti,compounds decline as cardinals (v1 used ordinal forms)
cs,cardinal,10011,neuter,nominative,desettisícjedenáct,deset tisíc jedenáct,spacing only
cs,cardinal,10011,neuter,genitive,desettisícíhojedenácti,deseti tisíc jedenácti,"tisíc declines as a noun: tisíce, tisíci, tisícem (tisícího etc. are ordinals)"
cs,cardinal,10011,neuter,dative,desettisícímujedenácti,deseti tisícům jedenácti,"tisíc declines as a noun: tisíce, tisíci, tisícem (tisícího etc. are ordinals)"
cs,cardinal,10011,neuter,accusative,desettisícjedenáct,deset tisíc jedenáct,spacing only
cs,cardinal,10011,neuter,instrumental,desettisícímjedenácti,deseti tisíci jedenácti,"tisíc declines as a noun: tisíce, tisíci, tisícem (tisícího etc. are ordinals)"
cs,cardinal,10011,neuter,locative,desettisícímjedenácti,deseti tisících jedenácti,"tisíc declines as a noun: tisíce, tisíci, tisícem (tisícího etc. are ordinals)"
cs,cardinal,10021,masculine,nominative,desettisícdvacetjeden,deset tisíc dvacet jedna,"x1 compounds: 'dvacet jedna' in N/A, inverted 'jednadvaceti' in oblique cases"
cs,cardinal,10021,masculine,genitive,desettisícíhodvacátéhojednoho,deseti tisíc jednadvaceti,"tisíc declines as a noun: tisíce, tisíci, tisícem (tisícího etc. are ordinals)"
cs,cardinal,10021,masculine,dative,desettisícímudvacátémujednomu,deseti tisícům jednadvaceti,"tisíc declines as a noun: tisíce, tisíci, tisícem (tisícího etc. are ordinals)"
cs,cardinal,10021,masculine,accusative,desettisícdvacetjednoho,deset tisíc dvacet jedna,masc. accusative: inanimate by default (animacy= gives the old form)
cs,cardinal,10021,masculine,instrumental,desettisícímdvacátýmjedním,deseti tisíci jednadvaceti,"tisíc declines as a noun: tisíce, tisíci, tisícem (tisícího etc. are ordinals)"
cs,cardinal,10021,masculine,locative,desettisícímdvacátémjednom,deseti tisících jednadvaceti,"tisíc declines as a noun: tisíce, tisíci, tisícem (tisícího etc. are ordinals)"
cs,cardinal,10021,feminine,nominative,desettisícdvacetjedna,deset tisíc dvacet jedna,spacing only
cs,cardinal,10021,feminine,genitive,desettisícídvacátéhojedné,deseti tisíc jednadvaceti,"x1 compounds: 'dvacet jedna' in N/A, inverted 'jednadvaceti' in oblique cases"
cs,cardinal,10021,feminine,dative,desettisícídvacátémujedné,deseti tisícům jednadvaceti,"x1 compounds: 'dvacet jedna' in N/A, inverted 'jednadvaceti' in oblique cases"
cs,cardinal,10021,feminine,accusative,desettisícdvacetjednu,deset tisíc dvacet jedna,"x1 compounds: 'dvacet jedna' in N/A, inverted 'jednadvaceti' in oblique cases"
cs,cardinal,10021,feminine,instrumental,desettisícídvacátýmjednou,deseti tisíci jednadvaceti,"x1 compounds: 'dvacet jedna' in N/A, inverted 'jednadvaceti' in oblique cases"
cs,cardinal,10021,feminine,locative,desettisícídvacátémjedné,deseti tisících jednadvaceti,"x1 compounds: 'dvacet jedna' in N/A, inverted 'jednadvaceti' in oblique cases"
cs,cardinal,10021,neuter,nominative,desettisícdvacetjedno,deset tisíc dvacet jedna,"x1 compounds: 'dvacet jedna' in N/A, inverted 'jednadvaceti' in oblique cases"
cs,cardinal,10021,neuter,genitive,desettisícíhodvacátéhojednoho,deseti tisíc jednadvaceti,"tisíc declines as a noun: tisíce, tisíci, tisícem (tisícího etc. are ordinals)"
cs,cardinal,10021,neuter,dative,desettisícímudvacátémujednomu,deseti tisícům jednadvaceti,"tisíc declines as a noun: tisíce, tisíci, tisícem (tisícího etc. are ordinals)"
cs,cardinal,10021,neuter,accusative,desettisícdvacetjedno,deset tisíc dvacet jedna,"x1 compounds: 'dvacet jedna' in N/A, inverted 'jednadvaceti' in oblique cases"
cs,cardinal,10021,neuter,instrumental,desettisícímdvacátýmjedním,deseti tisíci jednadvaceti,"tisíc declines as a noun: tisíce, tisíci, tisícem (tisícího etc. are ordinals)"
cs,cardinal,10021,neuter,locative,desettisícímdvacátémjednom,deseti tisících jednadvaceti,"tisíc declines as a noun: tisíce, tisíci, tisícem (tisícího etc. are ordinals)"
cs,cardinal,10033,masculine,nominative,desettisíctřicettři,deset tisíc třicet tři,spacing only
cs,cardinal,10033,masculine,genitive,desettisícíhotřicátéhotřetího,deseti tisíc třiceti tří,"tisíc declines as a noun: tisíce, tisíci, tisícem (tisícího etc. are ordinals)"
cs,cardinal,10033,masculine,dative,desettisícímutřicátémutřetímu,deseti tisícům třiceti třem,"tisíc declines as a noun: tisíce, tisíci, tisícem (tisícího etc. are ordinals)"
cs,cardinal,10033,masculine,accusative,desettisíctřicettři,deset tisíc třicet tři,spacing only
cs,cardinal,10033,masculine,instrumental,desettisícímtřicátýmtřetím,deseti tisíci třiceti třemi,"tisíc declines as a noun: tisíce, tisíci, tisícem (tisícího etc. are ordinals)"
cs,cardinal,10033,masculine,locative,desettisícímtřicátémtřetím,deseti tisících třiceti třech,"tisíc declines as a noun: tisíce, tisíci, tisícem (tisícího etc. are ordinals)"
cs,cardinal,10033,feminine,nominative,desettisíctřicettři,deset tisíc třicet tři,spacing only
cs,cardinal,10033,feminine,genitive,desettisícítřicátéhotřetí,deseti tisíc třiceti tří,compounds decline as cardinals (v1 used ordinal forms)
cs,cardinal,10033,feminine,dative,desettisícítřicátémutřetí,deseti tisícům třiceti třem,compounds decline as cardinals (v1 used ordinal forms)
cs,cardinal,10033,feminine,accusative,desettisíctřicettři,deset tisíc třicet tři,spacing only
cs,cardinal,10033,feminine,instrumental,desettisícítřicátýmtřetí,deseti tisíci třiceti třemi,compounds decline as cardinals (v1 used ordinal forms)
cs,cardinal,10033,feminine,locative,desettisícítřicátémtřetí,deseti tisících třiceti třech,compounds decline as cardinals (v1 used ordinal forms)
cs,cardinal,10033,neuter,nominative,desettisíctřicettři,deset tisíc třicet tři,spacing only
cs,cardinal,10033,neuter,genitive,desettisícíhotřicátéhotřetího,deseti tisíc třiceti tří,"tisíc declines as a noun: tisíce, tisíci, tisícem (tisícího etc. are ordinals)"
cs,cardinal,10033,neuter,dative,desettisícímutřicátémutřetímu,deseti tisícům třiceti třem,"tisíc declines as a noun: tisíce, tisíci, tisícem (tisícího etc. are ordinals)"
cs,cardinal,10033,neuter,accusative,desettisíctřicettři,deset tisíc třicet tři,spacing only
cs,cardinal,10033,neuter,instrumental,desettisícímtřicátýmtřetím,deseti tisíci třiceti třemi,"tisíc declines as a noun: tisíce, tisíci, tisícem (tisícího etc. are ordinals)"
cs,cardinal,10033,neuter,locative,desettisícímtřicátémtřetím,deseti tisících třiceti třech,"tisíc declines as a noun: tisíce, tisíci, tisícem (tisícího etc. are ordinals)"
cs,cardinal,20000,masculine,nominative,dvacettisíc,dvacet tisíc,spacing only
cs,cardinal,20000,masculine,genitive,dvacettisícího,dvaceti tisíc,"tisíc declines as a noun: tisíce, tisíci, tisícem (tisícího etc. are ordinals)"
cs,cardinal,20000,masculine,dative,dvacettisícímu,dvaceti tisícům,"tisíc declines as a noun: tisíce, tisíci, tisícem (tisícího etc. are ordinals)"
cs,cardinal,20000,masculine,accusative,dvacettisíc,dvacet tisíc,spacing only
cs,cardinal,20000,masculine,instrumental,dvacettisícím,dvaceti tisíci,"tisíc declines as a noun: tisíce, tisíci, tisícem (tisícího etc. are ordinals)"
cs,cardinal,20000,masculine,locative,dvacettisícím,dvaceti tisících,"tisíc declines as a noun: tisíce, tisíci, tisícem (tisícího etc. are ordinals)"
cs,cardinal,20000,feminine,nominative,dvacettisíc,dvacet tisíc,spacing only
cs,cardinal,20000,feminine,genitive,dvacettisící,dvaceti tisíc,"tisíc declines as a noun: tisíce, tisíci, tisícem (tisícího etc. are ordinals)"
cs,cardinal,20000,feminine,dative,dvacettisící,dvaceti tisícům,"tisíc declines as a noun: tisíce, tisíci, tisícem (tisícího etc. are ordinals)"
cs,cardinal,20000,feminine,accusative,dvacettisíc,dvacet tisíc,spacing only
cs,cardinal,20000,feminine,instrumental,dvacettisící,dvaceti tisíci,"tisíc declines as a noun: tisíce, tisíci, tisícem (tisícího etc. are ordinals)"
cs,cardinal,20000,feminine,locative,dvacettisící,dvaceti tisících,"tisíc declines as a noun: tisíce, tisíci, tisícem (tisícího etc. are ordinals)"
cs,cardinal,20000,neuter,nominative,dvacettisíc,dvacet tisíc,spacing only
cs,cardinal,20000,neuter,genitive,dvacettisícího,dvaceti tisíc,"tisíc declines as a noun: tisíce, tisíci, tisícem (tisícího etc. are ordinals)"
cs,cardinal,20000,neuter,dative,dvacettisícímu,dvaceti tisícům,"tisíc declines as a noun: tisíce, tisíci, tisícem (tisícího etc. are ordinals)"
cs,cardinal,20000,neuter,accusative,dvacettisíc,dvacet tisíc,spacing only
cs,cardinal,20000,neuter,instrumental,dvacettisícím,dvaceti tisíci,"tisíc declines as a noun: tisíce, tisíci, tisícem (tisícího etc. are ordinals)"
cs,cardinal,20000,neuter,locative,dvacettisícím,dvaceti tisících,"tisíc declines as a noun: tisíce, tisíci, tisícem (tisícího etc. are ordinals)"
cs,cardinal,20001,masculine,nominative,dvacettisícjeden,dvacet tisíc jedna,"x1 compounds: 'dvacet jedna' in N/A, inverted 'jednadvaceti' in oblique cases"
cs,cardinal,20001,masculine,genitive,dvacettisícíhojednoho,dvaceti tisíc jedna,"tisíc declines as a noun: tisíce, tisíci, tisícem (tisícího etc. are ordinals)"
cs,cardinal,20001,masculine,dative,dvacettisícímujednomu,dvaceti tisícům jedna,"tisíc declines as a noun: tisíce, tisíci, tisícem (tisícího etc. are ordinals)"
cs,cardinal,20001,masculine,accusative,dvacettisícjednoho,dvacet tisíc jedna,masc. accusative: inanimate by default (animacy= gives the old form)
cs,cardinal,20001,masculine,instrumental,dvacettisícímjedním,dvaceti tisíci jedna,"tisíc declines as a noun: tisíce, tisíci, tisícem (tisícího etc. are ordinals)"
cs,cardinal,20001,masculine,locative,dvacettisícímjednom,dvaceti tisících jedna,"tisíc declines as a noun: tisíce, tisíci, tisícem (tisícího etc. are ordinals)"
cs,cardinal,20001,feminine,nominative,dvacettisícjedna,dvacet tisíc jedna,spacing only
cs,cardinal,20001,feminine,genitive,dvacettisícíjedné,dvaceti tisíc jedna,"x1 compounds: 'dvacet jedna' in N/A, inverted 'jednadvaceti' in oblique cases"
cs,cardinal,20001,feminine,dative,dvacettisícíjedné,dvaceti tisícům jedna,"x1 compounds: 'dvacet jedna' in N/A, inverted 'jednadvaceti' in oblique cases"
cs,cardinal,20001,feminine,accusative,dvacettisícjednu,dvacet tisíc jedna,"x1 compounds: 'dvacet jedna' in N/A, inverted 'jednadvaceti' in oblique cases"
cs,cardinal,20001,feminine,instrumental,dvacettisícíjednou,dvaceti tisíci jedna,"x1 compounds: 'dvacet jedna' in N/A, inverted 'jednadvaceti' in oblique cases"
cs,cardinal,20001,feminine,locative,dvacettisícíjedné,dvaceti tisících jedna,"x1 compounds: 'dvacet jedna' in N/A, inverted 'jednadvaceti' in oblique cases"
cs,cardinal,20001,neuter,nominative,dvacettisícjedno,dvacet tisíc jedna,"x1 compounds: 'dvacet jedna' in N/A, inverted 'jednadvaceti' in oblique cases"
cs,cardinal,20001,neuter,genitive,dvacettisícíhojednoho,dvaceti tisíc jedna,"tisíc declines as a noun: tisíce, tisíci, tisícem (tisícího etc. are ordinals)"
cs,cardinal,20001,neuter,dative,dvacettisícímujednomu,dvaceti tisícům jedna,"tisíc declines as a noun: tisíce, tisíci, tisícem (tisícího etc. are ordinals)"
cs,cardinal,20001,neuter,accusative,dvacettisícjedno,dvacet tisíc jedna,"x1 compounds: 'dvacet jedna' in N/A, inverted 'jednadvaceti' in oblique cases"
cs,cardinal,20001,neuter,instrumental,dvacettisícímjedním,dvaceti tisíci jedna,"tisíc declines as a noun: tisíce, tisíci, tisícem (tisícího etc. are ordinals)"
cs,cardinal,20001,neuter,locative,dvacettisícímjednom,dvaceti tisících jedna,"tisíc declines as a noun: tisíce, tisíci, tisícem (tisícího etc. are ordinals)"
cs,cardinal,25000,masculine,nominative,dvacetpěttisíc,dvacet pět tisíc,spacing only
cs,cardinal,25000,masculine,genitive,dvacetpěttisícího,dvaceti pěti tisíc,"tisíc declines as a noun: tisíce, tisíci, tisícem (tisícího etc. are ordinals)"
cs,cardinal,25000,masculine,dative,dvacetpěttisícímu,dvaceti pěti tisícům,"tisíc declines as a noun: tisíce, tisíci, tisícem (tisícího etc. are ordinals)"
cs,cardinal,25000,masculine,accusative,dvacetpěttisíc,dvacet pět tisíc,spacing only
cs,cardinal,25000,masculine,instrumental,dvacetpěttisícím,dvaceti pěti tisíci,"tisíc declines as a noun: tisíce, tisíci, tisícem (tisícího etc. are ordinals)"
cs,cardinal,25000,masculine,locative,dvacetpěttisícím,dvaceti pěti tisících,"tisíc declines as a noun: tisíce, tisíci, tisícem (tisícího etc. are ordinals)"
cs,cardinal,25000,feminine,nominative,dvacetpěttisíc,dvacet pět tisíc,spacing only
cs,cardinal,25000,feminine,genitive,dvacetpěttisící,dvaceti pěti tisíc,"tisíc declines as a noun: tisíce, tisíci, tisícem (tisícího etc. are ordinals)"
cs,cardinal,25000,feminine,dative,dvacetpěttisící,dvaceti pěti tisícům,"tisíc declines as a noun: tisíce, tisíci, tisícem (tisícího etc. are ordinals)"
cs,cardinal,25000,feminine,accusative,dvacetpěttisíc,dvacet pět tisíc,spacing only
cs,cardinal,25000,feminine,instrumental,dvacetpěttisící,dvaceti pěti tisíci,"tisíc declines as a noun: tisíce, tisíci, tisícem (tisícího etc. are ordinals)"
cs,cardinal,25000,feminine,locative,dvacetpěttisící,dvaceti pěti tisících,"tisíc declines as a noun: tisíce, tisíci, tisícem (tisícího etc. are ordinals)"
cs,cardinal,25000,neuter,nominative,dvacetpěttisíc,dvacet pět tisíc,spacing only
cs,cardinal,25000,neuter,genitive,dvacetpěttisícího,dvaceti pěti tisíc,"tisíc declines as a noun: tisíce, tisíci, tisícem (tisícího etc. are ordinals)"
cs,cardinal,25000,neuter,dative,dvacetpěttisícímu,dvaceti pěti tisícům,"tisíc declines as a noun: tisíce, tisíci, tisícem (tisícího etc. are ordinals)"
cs,cardinal,25000,neuter,accusative,dvacetpěttisíc,dvacet pět tisíc,spacing only
cs,cardinal,25000,neuter,instrumental,dvacetpěttisícím,dvaceti pěti tisíci,"tisíc declines as a noun: tisíce, tisíci, tisícem (tisícího etc. are ordinals)"
cs,cardinal,25000,neuter,locative,dvacetpěttisícím,dvaceti pěti tisících,"tisíc declines as a noun: tisíce, tisíci, tisícem (tisícího etc. are ordinals)"
cs,cardinal,29999,masculine,nominative,dvacetdevěttisícdevětsetdevadesátdevět,dvacet devět tisíc devět set devadesát devět,spacing only
cs,cardinal,29999,masculine,genitive,dvacetdevěttisícíhodevětsetdevadesátéhodevátého,dvacet devět tisíc devět set devadesáti devíti,"tisíc declines as a noun: tisíce, tisíci, tisícem (tisícího etc. are ordinals)"
cs,cardinal,29999,masculine,dative,dvacetdevěttisícímudevětsetdevadesátémudevátému,dvacet devět tisíc devět set devadesáti devíti,"tisíc declines as a noun: tisíce, tisíci, tisícem (tisícího etc. are ordinals)"
cs,cardinal,29999,masculine,accusative,dvacetdevěttisícdevětsetdevadesátdevět,dvacet devět tisíc devět set devadesát devět,spacing only
cs,cardinal,29999,masculine,instrumental,dvacetdevěttisícímdevětsetdevadesátýmdevátým,dvacet devět tisíc devět set devadesáti devíti,"tisíc declines as a noun: tisíce, tisíci, tisícem (tisícího etc. are ordinals)"
cs,cardinal,29999,masculine,locative,dvacetdevěttisícímdevětsetdevadesátémdevátém,dvacet devět tisíc devět set devadesáti devíti,"tisíc declines as a noun: tisíce, tisíci, tisícem (tisícího etc. are ordinals)"
cs,cardinal,29999,feminine,nominative,dvacetdevěttisícdevětsetdevadesátdevět,dvacet devět tisíc devět set devadesát devět,spacing only
cs,cardinal,29999,feminine,genitive,dvacetdevěttisícídevětsetdevadesátéhodeváté,dvacet devět tisíc devět set devadesáti devíti,compounds decline as cardinals (v1 used ordinal forms)
cs,cardinal,29999,feminine,dative,dvacetdevěttisícídevětsetdevadesátémudeváté,dvacet devět tisíc devět set devadesáti devíti,compounds decline as cardinals (v1 used ordinal forms)
cs,cardinal,29999,feminine,accusative,dvacetdevěttisícdevětsetdevadesátdevět,dvacet devět tisíc devět set devadesát devět,spacing only
cs,cardinal,29999,feminine,instrumental,dvacetdevěttisícídevětsetdevadesátýmdevátou,dvacet devět tisíc devět set devadesáti devíti,compounds decline as cardinals (v1 used ordinal forms)
cs,cardinal,29999,feminine,locative,dvacetdevěttisícídevětsetdevadesátémdeváté,dvacet devět tisíc devět set devadesáti devíti,compounds decline as cardinals (v1 used ordinal forms)
cs,cardinal,29999,neuter,nominative,dvacetdevěttisícdevětsetdevadesátdevět,dvacet devět tisíc devět set devadesát devět,spacing only
cs,cardinal,29999,neuter,genitive,dvacetdevěttisícíhodevětsetdevadesátéhodevátého,dvacet devět tisíc devět set devadesáti devíti,"tisíc declines as a noun: tisíce, tisíci, tisícem (tisícího etc. are ordinals)"
cs,cardinal,29999,neuter,dative,dvacetdevěttisícímudevětsetdevadesátémudevátému,dvacet devět tisíc devět set devadesáti devíti,"tisíc declines as a noun: tisíce, tisíci, tisícem (tisícího etc. are ordinals)"
cs,cardinal,29999,neuter,accusative,dvacetdevěttisícdevětsetdevadesátdevět,dvacet devět tisíc devět set devadesát devět,spacing only
cs,cardinal,29999,neuter,instrumental,dvacetdevěttisícímdevětsetdevadesátýmdevátým,dvacet devět tisíc devět set devadesáti devíti,"tisíc declines as a noun: tisíce, tisíci, tisícem (tisícího etc. are ordinals)"
cs,cardinal,29999,neuter,locative,dvacetdevěttisícímdevětsetdevadesátémdevátém,dvacet devět tisíc devět set devadesáti devíti,"tisíc declines as a noun: tisíce, tisíci, tisícem (tisícího etc. are ordinals)"
cs,cardinal,100000,masculine,nominative,stotisíc,sto tisíc,spacing only
cs,cardinal,100000,masculine,genitive,stotisícího,sta tisíc,"tisíc declines as a noun: tisíce, tisíci, tisícem (tisícího etc. are ordinals)"
cs,cardinal,100000,masculine,dative,stotisícímu,stu tisícům,"tisíc declines as a noun: tisíce, tisíci, tisícem (tisícího etc. are ordinals)"
cs,cardinal,100000,masculine,accusative,stotisíc,sto tisíc,spacing only
cs,cardinal,100000,masculine,instrumental,stotisícím,stem tisíci,"tisíc declines as a noun: tisíce, tisíci, tisícem (tisícího etc. are ordinals)"
cs,cardinal,100000,masculine,locative,stotisícím,stu tisících,"tisíc declines as a noun: tisíce, tisíci, tisícem (tisícího etc. are ordinals)"
cs,cardinal,100000,feminine,nominative,stotisíc,sto tisíc,spacing only
cs,cardinal,100000,feminine,genitive,stotisící,sta tisíc,"tisíc declines as a noun: tisíce, tisíci, tisícem (tisícího etc. are ordinals)"
cs,cardinal,100000,feminine,dative,stotisící,stu tisícům,"tisíc declines as a noun: tisíce, tisíci, tisícem (tisícího etc. are ordinals)"
cs,cardinal,100000,feminine,accusative,stotisíc,sto tisíc,spacing only
cs,cardinal,100000,feminine,instrumental,stotisící,stem tisíci,"tisíc declines as a noun: tisíce, tisíci, tisícem (tisícího etc. are ordinals)"
cs,cardinal,100000,feminine,locative,stotisící,stu tisících,"tisíc declines as a noun: tisíce, tisíci, tisícem (tisícího etc. are ordinals)"
cs,cardinal,100000,neuter,nominative,stotisíc,sto tisíc,spacing only
cs,cardinal,100000,neuter,genitive,stotisícího,sta tisíc,"tisíc declines as a noun: tisíce, tisíci, tisícem (tisícího etc. are ordinals)"
cs,cardinal,100000,neuter,dative,stotisícímu,stu tisícům,"tisíc declines as a noun: tisíce, tisíci, tisícem (tisícího etc. are ordinals)"
cs,cardinal,100000,neuter,accusative,stotisíc,sto tisíc,spacing only
cs,cardinal,100000,neuter,instrumental,stotisícím,stem tisíci,"tisíc declines as a noun: tisíce, tisíci, tisícem (tisícího etc. are ordinals)"
cs,cardinal,100000,neuter,locative,stotisícím,stu tisících,"tisíc declines as a noun: tisíce, tisíci, tisícem (tisícího etc. are ordinals)"
cs,cardinal,100001,masculine,nominative,stotisícjeden,sto tisíc jedna,"x1 compounds: 'dvacet jedna' in N/A, inverted 'jednadvaceti' in oblique cases"
cs,cardinal,100001,masculine,genitive,stotisícíhojednoho,sta tisíc jedna,"tisíc declines as a noun: tisíce, tisíci, tisícem (tisícího etc. are ordinals)"
cs,cardinal,100001,masculine,dative,stotisícímujednomu,stu tisícům jedna,"tisíc declines as a noun: tisíce, tisíci, tisícem (tisícího etc. are ordinals)"
cs,cardinal,100001,masculine,accusative,stotisícjednoho,sto tisíc jedna,masc. accusative: inanimate by default (animacy= gives the old form)
cs,cardinal,100001,masculine,instrumental,stotisícímjedním,stem tisíci jedna,"tisíc declines as a noun: tisíce, tisíci, tisícem (tisícího etc. are ordinals)"
cs,cardinal,100001,masculine,locative,stotisícímjednom,stu tisících jedna,"tisíc declines as a noun: tisíce, tisíci, tisícem (tisícího etc. are ordinals)"
cs,cardinal,100001,feminine,nominative,stotisícjedna,sto tisíc jedna,spacing only
cs,cardinal,100001,feminine,genitive,stotisícíjedné,sta tisíc jedna,"x1 compounds: 'dvacet jedna' in N/A, inverted 'jednadvaceti' in oblique cases"
cs,cardinal,100001,feminine,dative,stotisícíjedné,stu tisícům jedna,"x1 compounds: 'dvacet jedna' in N/A, inverted 'jednadvaceti' in oblique cases"
cs,cardinal,100001,feminine,accusative,stotisícjednu,sto tisíc jedna,"x1 compounds: 'dvacet jedna' in N/A, inverted 'jednadvaceti' in oblique cases"
cs,cardinal,100001,feminine,instrumental,stotisícíjednou,stem tisíci jedna,"x1 compounds: 'dvacet jedna' in N/A, inverted 'jednadvaceti' in oblique cases"
cs,cardinal,100001,feminine,locative,stotisícíjedné,stu tisících jedna,"x1 compounds: 'dvacet jedna' in N/A, inverted 'jednadvaceti' in oblique cases"
cs,cardinal,100001,neuter,nominative,stotisícjedno,sto tisíc jedna,"x1 compounds: 'dvacet jedna' in N/A, inverted 'jednadvaceti' in oblique cases"
cs,cardinal,100001,neuter,genitive,stotisícíhojednoho,sta tisíc jedna,"tisíc declines as a noun: tisíce, tisíci, tisícem (tisícího etc. are ordinals)"
cs,cardinal,100001,neuter,dative,stotisícímujednomu,stu tisícům jedna,"tisíc declines as a noun: tisíce, tisíci, tisícem (tisícího etc. are ordinals)"
cs,cardinal,100001,neuter,accusative,stotisícjedno,sto tisíc jedna,"x1 compounds: 'dvacet jedna' in N/A, inverted 'jednadvaceti' in oblique cases"
cs,cardinal,100001,neuter,instrumental,stotisícímjedním,stem tisíci jedna,"tisíc declines as a noun: tisíce, tisíci, tisícem (tisícího etc. are ordinals)"
cs,cardinal,100001,neuter,locative,stotisícímjednom,stu tisících jedna,"tisíc declines as a noun: tisíce, tisíci, tisícem (tisícího etc. are ordinals)"
cs,cardinal,100010,masculine,nominative,stotisícdeset,sto tisíc deset,spacing only
cs,cardinal,100010,masculine,genitive,stotisícíhodeseti,sta tisíc deseti,"tisíc declines as a noun: tisíce, tisíci, tisícem (tisícího etc. are ordinals)"
cs,cardinal,100010,masculine,dative,stotisícímudeseti,stu tisícům deseti,"tisíc declines as a noun: tisíce, tisíci, tisícem (tisícího etc. are ordinals)"
cs,cardinal,100010,masculine,accusative,stotisícdeset,sto tisíc deset,spacing only
cs,cardinal,100010,masculine,instrumental,stotisícímdeseti,stem tisíci deseti,"tisíc declines as a noun: tisíce, tisíci, tisícem (tisícího etc. are ordinals)"
cs,cardinal,100010,masculine,locative,stotisícímdeseti,stu tisících deseti,"tisíc declines as a noun: tisíce, tisíci, tisícem (tisícího etc. are ordinals)"
cs,cardinal,100010,feminine,nominative,stotisícdeset,sto tisíc deset,spacing only
cs,cardinal,100010,feminine,genitive,stotisícídeseti,sta tisíc deseti,compounds decline as cardinals (v1 used ordinal forms)
cs,cardinal,100010,feminine,dative,stotisícídeseti,stu tisícům deseti,compounds decline as cardinals (v1 used ordinal forms)
cs,cardinal,100010,feminine,accusative,stotisícdeset,sto tisíc deset,spacing only
cs,cardinal,100010,feminine,instrumental,stotisícídeseti,stem tisíci deseti,compounds decline as cardinals (v1 used ordinal forms)
cs,cardinal,100010,feminine,locative,stotisícídeseti,stu tisících deseti,compounds decline as cardinals (v1 used ordinal forms)
cs,cardinal,100010,neuter,nominative,stotisícdeset,sto tisíc deset,spacing only
cs,cardinal,100010,neuter,genitive,stotisícíhodeseti,sta tisíc deseti,"tisíc declines as a noun: tisíce, tisíci, tisícem (tisícího etc. are ordinals)"
cs,cardinal,100010,neuter,dative,stotisícímudeseti,stu tisícům deseti,"tisíc declines as a noun: tisíce, tisíci, tisícem (tisícího etc. are ordinals)"
cs,cardinal,100010,neuter,accusative,stotisícdeset,sto tisíc deset,spacing only
cs,cardinal,100010,neuter,instrumental,stotisícímdeseti,stem tisíci deseti,"tisíc declines as a noun: tisíce, tisíci, tisícem (tisícího etc. are ordinals)"
cs,cardinal,100010,neuter,locative,stotisícímdeseti,stu tisících deseti,"tisíc declines as a noun: tisíce, tisíci, tisícem (tisícího etc. are ordinals)"
cs,cardinal,100100,masculine,nominative,stotisícsto,sto tisíc sto,spacing only
cs,cardinal,100100,masculine,genitive,stotisícíhostého,sta tisíc sta,"tisíc declines as a noun: tisíce, tisíci, tisícem (tisícího etc. are ordinals)"
cs,cardinal,100100,masculine,dative,stotisícímustému,stu tisícům stu,"tisíc declines as a noun: tisíce, tisíci, tisícem (tisícího etc. are ordinals)"
cs,cardinal,100100,masculine,accusative,stotisícsto,sto tisíc sto,spacing only
cs,cardinal,100100,masculine,instrumental,stotisícímstým,stem tisíci stem,"tisíc declines as a noun: tisíce, tisíci, tisícem (tisícího etc. are ordinals)"
cs,cardinal,100100,masculine,locative,stotisícímstém,stu tisících stu,"tisíc declines as a noun: tisíce, tisíci, tisícem (tisícího etc. are ordinals)"
cs,cardinal,100100,feminine,nominative,stotisícstá,sto tisíc sto,"sto is a noun: sta, stu, stem; dvě stě, dvou set (stého/stá are ordinals)"
cs,cardinal,100100,feminine,genitive,stotisícísté,sta tisíc sta,"sto is a noun: sta, stu, stem; dvě stě, dvou set (stého/stá are ordinals)"
cs,cardinal,100100,feminine,dative,stotisícísté,stu tisícům stu,"sto is a noun: sta, stu, stem; dvě stě, dvou set (stého/stá are ordinals)"
cs,cardinal,100100,feminine,accusative,stotisícstou,sto tisíc sto,"sto is a noun: sta, stu, stem; dvě stě, dvou set (stého/stá are ordinals)"
cs,cardinal,100100,feminine,instrumental,stotisícístou,stem tisíci stem,"sto is a noun: sta, stu, stem; dvě stě, dvou set (stého/stá are ordinals)"
cs,cardinal,100100,feminine,locative,stotisícísté,stu tisících stu,"sto is a noun: sta, stu, stem; dvě stě, dvou set (stého/stá are ordinals)"
cs,cardinal,100100,neuter,nominative,stotisícsté,sto tisíc sto,"sto is a noun: sta, stu, stem; dvě stě, dvou set (stého/stá are ordinals)"
cs,cardinal,100100,neuter,genitive,stotisícíhostého,sta tisíc sta,"tisíc declines as a noun: tisíce, tisíci, tisícem (tisícího etc. are ordinals)"
cs,cardinal,100100,neuter,dative,stotisícímustému,stu tisícům stu,"tisíc declines as a noun: tisíce, tisíci, tisícem (tisícího etc. are ordinals)"
cs,cardinal,100100,neuter,accusative,stotisícsté,sto tisíc sto,"sto is a noun: sta, stu, stem; dvě stě, dvou set (stého/stá are ordinals)"
cs,cardinal,100100,neuter,instrumental,stotisícímstým,stem tisíci stem,"tisíc declines as a noun: tisíce, tisíci, tisícem (tisícího etc. are ordinals)"
cs,cardinal,100100,neuter,locative,stotisícímstém,stu tisících stu,"tisíc declines as a noun: tisíce, tisíci, tisícem (tisícího etc. are ordinals)"
cs,cardinal,100101,masculine,nominative,stotisícstojeden,sto tisíc sto jedna,"x1 compounds: 'dvacet jedna' in N/A, inverted 'jednadvaceti' in oblique cases"
cs,cardinal,100101,masculine,genitive,stotisícíhostojednoho,sto tisíc sto jedna,"tisíc declines as a noun: tisíce, tisíci, tisícem (tisícího etc. are ordinals)"
cs,cardinal,100101,masculine,dative,stotisícímustojednomu,sto tisíc sto jedna,"tisíc declines as a noun: tisíce, tisíci, tisícem (tisícího etc. are ordinals)"
cs,cardinal,100101,masculine,accusative,stotisícstojednoho,sto tisíc sto jedna,masc. accusative: inanimate by default (animacy= gives the old form)
cs,cardinal,100101,masculine,instrumental,stotisícímstojedním,sto tisíc sto jedna,"tisíc declines as a noun: tisíce, tisíci, tisícem (tisícího etc. are ordinals)"
cs,cardinal,100101,masculine,locative,stotisícímstojednom,sto tisíc sto jedna,"tisíc declines as a noun: tisíce, tisíci, tisícem (tisícího etc. are ordinals)"
cs,cardinal,100101,feminine,nominative,stotisícstájedna,sto tisíc sto jedna,"sto is a noun: sta, stu, stem; dvě stě, dvou set (stého/stá are ordinals)"
cs,cardinal,100101,feminine,genitive,stotisícístájedné,sto tisíc sto jedna,"sto is a noun: sta, stu, stem; dvě stě, dvou set (stého/stá are ordinals)"
cs,cardinal,100101,feminine,dative,stotisícístájedné,sto tisíc sto jedna,"sto is a noun: sta, stu, stem; dvě stě, dvou set (stého/stá are ordinals)"
cs,cardinal,100101,feminine,accusative,stotisícstájednu,sto tisíc sto jedna,"sto is a noun: sta, stu, stem; dvě stě, dvou set (stého/stá are ordinals)"
cs,cardinal,100101,feminine,instrumental,stotisícístájednou,sto tisíc sto jedna,"sto is a noun: sta, stu, stem; dvě stě, dvou set (stého/stá are ordinals)"
cs,cardinal,100101,feminine,locative,stotisícístájedné,sto tisíc sto jedna,"sto is a noun: sta, stu, stem; dvě stě, dvou set (stého/stá are ordinals)"
cs,cardinal,100101,neuter,nominative,stotisícstéjedno,sto tisíc sto jedna,"sto is a noun: sta, stu, stem; dvě stě, dvou set (stého/stá are ordinals)"
cs,cardinal,100101,neuter,genitive,stotisícíhostéjednoho,sto tisíc sto jedna,"tisíc declines as a noun: tisíce, tisíci, tisícem (tisícího etc. are ordinals)"
cs,cardinal,100101,neuter,dative,stotisícímustéjednomu,sto tisíc sto jedna,"tisíc declines as a noun: tisíce, tisíci, tisícem (tisícího etc. are ordinals)"
cs,cardinal,100101,neuter,accusative,stotisícstéjedno,sto tisíc sto jedna,"sto is a noun: sta, stu, stem; dvě stě, dvou set (stého/stá are ordinals)"
cs,cardinal,100101,neuter,instrumental,stotisícímstéjedním,sto tisíc sto jedna,"tisíc declines as a noun: tisíce, tisíci, tisícem (tisícího etc. are ordinals)"
cs,cardinal,100101,neuter,locative,stotisícímstéjednom,sto tisíc sto jedna,"tisíc declines as a noun: tisíce, tisíci, tisícem (tisícího etc. are ordinals)"
cs,cardinal,200000,masculine,nominative,dvěstětisíc,dvě stě tisíc,spacing only
cs,cardinal,200000,masculine,genitive,dvěstětisícího,dvou set tisíc,"tisíc declines as a noun: tisíce, tisíci, tisícem (tisícího etc. are ordinals)"
cs,cardinal,200000,masculine,dative,dvěstětisícímu,dvěma stům tisícům,"tisíc declines as a noun: tisíce, tisíci, tisícem (tisícího etc. are ordinals)"
cs,cardinal,200000,masculine,accusative,dvěstětisíc,dvě stě tisíc,spacing only
cs,cardinal,200000,masculine,instrumental,dvěstětisícím,dvěma sty tisíci,"tisíc declines as a noun: tisíce, tisíci, tisícem (tisícího etc. are ordinals)"
cs,cardinal,200000,masculine,locative,dvěstětisícím,dvou stech tisících,"tisíc declines as a noun: tisíce, tisíci, tisícem (tisícího etc. are ordinals)"
cs,cardinal,200000,feminine,nominative,dvěstětisíc,dvě stě tisíc,spacing only
cs,cardinal,200000,feminine,genitive,dvěstětisící,dvou set tisíc,"tisíc declines as a noun: tisíce, tisíci, tisícem (tisícího etc. are ordinals)"
cs,cardinal,200000,feminine,dative,dvěstětisící,dvěma stům tisícům,"tisíc declines as a noun: tisíce, tisíci, tisícem (tisícího etc. are ordinals)"
cs,cardinal,200000,feminine,accusative,dvěstětisíc,dvě stě tisíc,spacing only
cs,cardinal,200000,feminine,instrumental,dvěstětisící,dvěma sty tisíci,"tisíc declines as a noun: tisíce, tisíci, tisícem (tisícího etc. are ordinals)"
cs,cardinal,200000,feminine,locative,dvěstětisící,dvou stech tisících,"tisíc declines as a noun: tisíce, tisíci, tisícem (tisícího etc. are ordinals)"
cs,cardinal,200000,neuter,nominative,dvěstětisíc,dvě stě tisíc,spacing only
cs,cardinal,200000,neuter,genitive,dvěstětisícího,dvou set tisíc,"tisíc declines as a noun: tisíce, tisíci, tisícem (tisícího etc. are ordinals)"
cs,cardinal,200000,neuter,dative,dvěstětisícímu,dvěma stům tisícům,"tisíc declines as a noun: tisíce, tisíci, tisícem (tisícího etc. are ordinals)"
cs,cardinal,200000,neuter,accusative,dvěstětisíc,dvě stě tisíc,spacing only
cs,cardinal,200000,neuter,instrumental,dvěstětisícím,dvěma sty tisíci,"tisíc declines as a noun: tisíce, tisíci, tisícem (tisícího etc. are ordinals)"
cs,cardinal,200000,neuter,locative,dvěstětisícím,dvou stech tisících,"tisíc declines as a noun: tisíce, tisíci, tisícem (tisícího etc. are ordinals)"
cs,cardinal,250000,masculine,nominative,dvěstěpadesáttisíc,dvě stě padesát tisíc,spacing only
cs,cardinal,250000,masculine,genitive,dvěstěpadesáttisícího,dvou set padesáti tisíc,"tisíc declines as a noun: tisíce, tisíci, tisícem (tisícího etc. are ordinals)"
cs,cardinal,250000,masculine,dative,dvěstěpadesáttisícímu,dvěma stům padesáti tisícům,"tisíc declines as a noun: tisíce, tisíci, tisícem (tisícího etc. are ordinals)"
cs,cardinal,250000,masculine,accusative,dvěstěpadesáttisíc,dvě stě padesát tisíc,spacing only
cs,cardinal,250000,masculine,instrumental,dvěstěpadesáttisícím,dvěma sty padesáti tisíci,"tisíc declines as a noun: tisíce, tisíci, tisícem (tisícího etc. are ordinals)"
cs,cardinal,250000,masculine,locative,dvěstěpadesáttisícím,dvou stech padesáti tisících,"tisíc declines as a noun: tisíce, tisíci, tisícem (tisícího etc. are ordinals)"
cs,cardinal,250000,feminine,nominative,dvěstěpadesáttisíc,dvě stě padesát tisíc,spacing only
cs,cardinal,250000,feminine,genitive,dvěstěpadesáttisící,dvou set padesáti tisíc,"tisíc declines as a noun: tisíce, tisíci, tisícem (tisícího etc. are ordinals)"
cs,cardinal,250000,feminine,dative,dvěstěpadesáttisící,dvěma stům padesáti tisícům,"tisíc declines as a noun: tisíce, tisíci, tisícem (tisícího etc. are ordinals)"
cs,cardinal,250000,feminine,accusative,dvěstěpadesáttisíc,dvě stě padesát tisíc,spacing only
cs,cardinal,250000,feminine,instrumental,dvěstěpadesáttisící,dvěma sty padesáti tisíci,"tisíc declines as a noun: tisíce, tisíci, tisícem (tisícího etc. are ordinals)"
cs,cardinal,250000,feminine,locative,dvěstěpadesáttisící,dvou stech padesáti tisících,"tisíc declines as a noun: tisíce, tisíci, tisícem (tisícího etc. are ordinals)"
cs,cardinal,250000,neuter,nominative,dvěstěpadesáttisíc,dvě stě padesát tisíc,spacing only
cs,cardinal,250000,neuter,genitive,dvěstěpadesáttisícího,dvou set padesáti tisíc,"tisíc declines as a noun: tisíce, tisíci, tisícem (tisícího etc. are ordinals)"
cs,cardinal,250000,neuter,dative,dvěstěpadesáttisícímu,dvěma stům padesáti tisícům,"tisíc declines as a noun: tisíce, tisíci, tisícem (tisícího etc. are ordinals)"
cs,cardinal,250000,neuter,accusative,dvěstěpadesáttisíc,dvě stě padesát tisíc,spacing only
cs,cardinal,250000,neuter,instrumental,dvěstěpadesáttisícím,dvěma sty padesáti tisíci,"tisíc declines as a noun: tisíce, tisíci, tisícem (tisícího etc. are ordinals)"
cs,cardinal,250000,neuter,locative,dvěstěpadesáttisícím,dvou stech padesáti tisících,"tisíc declines as a noun: tisíce, tisíci, tisícem (tisícího etc. are ordinals)"
cs,cardinal,299999,masculine,nominative,dvěstědevadesátdevěttisícdevětsetdevadesátdevět,dvě stě devadesát devět tisíc devět set devadesát devět,spacing only
cs,cardinal,299999,masculine,genitive,dvěstědevadesátdevěttisícíhodevětsetdevadesátéhodevátého,dvě stě devadesát devět tisíc devět set devadesáti devíti,"tisíc declines as a noun: tisíce, tisíci, tisícem (tisícího etc. are ordinals)"
cs,cardinal,299999,masculine,dative,dvěstědevadesátdevěttisícímudevětsetdevadesátémudevátému,dvě stě devadesát devět tisíc devět set devadesáti devíti,"tisíc declines as a noun: tisíce, tisíci, tisícem (tisícího etc. are ordinals)"
cs,cardinal,299999,masculine,accusative,dvěstědevadesátdevěttisícdevětsetdevadesátdevět,dvě stě devadesát devět tisíc devět set devadesát devět,spacing only
cs,cardinal,299999,masculine,instrumental,dvěstědevadesátdevěttisícímdevětsetdevadesátýmdevátým,dvě stě devadesát devět tisíc devět set devadesáti devíti,"tisíc declines as a noun: tisíce, tisíci, tisícem (tisícího etc. are ordinals)"
cs,cardinal,299999,masculine,locative,dvěstědevadesátdevěttisícímdevětsetdevadesátémdevátém,dvě stě devadesát devět tisíc devět set devadesáti devíti,"tisíc declines as a noun: tisíce, tisíci, tisícem (tisícího etc. are ordinals)"
cs,cardinal,299999,feminine,nominative,dvěstědevadesátdevěttisícdevětsetdevadesátdevět,dvě stě devadesát devět tisíc devět set devadesát devět,spacing only
cs,cardinal,299999,feminine,genitive,dvěstědevadesátdevěttisícídevětsetdevadesátéhodeváté,dvě stě devadesát devět tisíc devět set devadesáti devíti,compounds decline as cardinals (v1 used ordinal forms)
cs,cardinal,299999,feminine,dative,dvěstědevadesátdevěttisícídevětsetdevadesátémudeváté,dvě stě devadesát devět tisíc devět set devadesáti devíti,compounds decline as cardinals (v1 used ordinal forms)
cs,cardinal,299999,feminine,accusative,dvěstědevadesátdevěttisícdevětsetdevadesátdevět,dvě stě devadesát devět tisíc devět set devadesát devět,spacing only
cs,cardinal,299999,feminine,instrumental,dvěstědevadesátdevěttisícídevětsetdevadesátýmdevátou,dvě stě devadesát devět tisíc devět set devadesáti devíti,compounds decline as cardinals (v1 used ordinal forms)
cs,cardinal,299999,feminine,locative,dvěstědevadesátdevěttisícídevětsetdevadesátémdeváté,dvě stě devadesát devět tisíc devět set devadesáti devíti,compounds decline as cardinals (v1 used ordinal forms)
cs,cardinal,299999,neuter,nominative,dvěstědevadesátdevěttisícdevětsetdevadesátdevět,dvě stě devadesát devět tisíc devět set devadesát devět,spacing only
cs,cardinal,299999,neuter,genitive,dvěstědevadesátdevěttisícíhodevětsetdevadesátéhodevátého,dvě stě devadesát devět tisíc devět set devadesáti devíti,"tisíc declines as a noun: tisíce, tisíci, tisícem (tisícího etc. are ordinals)"
cs,cardinal,299999,neuter,dative,dvěstědevadesátdevěttisícímudevětsetdevadesátémudevátému,dvě stě devadesát devět tisíc devět set devadesáti devíti,"tisíc declines as a noun: tisíce, tisíci, tisícem (tisícího etc. are ordinals)"
cs,cardinal,299999,neuter,accusative,dvěstědevadesátdevěttisícdevětsetdevadesátdevět,dvě stě devadesát devět tisíc devět set devadesát devět,spacing only
cs,cardinal,299999,neuter,instrumental,dvěstědevadesátdevěttisícímdevětsetdevadesátýmdevátým,dvě stě devadesát devět tisíc devět set devadesáti devíti,"tisíc declines as a noun: tisíce, tisíci, tisícem (tisícího etc. are ordinals)"
cs,cardinal,299999,neuter,locative,dvěstědevadesátdevěttisícímdevětsetdevadesátémdevátém,dvě stě devadesát devět tisíc devět set devadesáti devíti,"tisíc declines as a noun: tisíce, tisíci, tisícem (tisícího etc. are ordinals)"
cs,cardinal,1000000,masculine,genitive,miliontého,milionu,"milion/miliarda are nouns (milionu, dvou milionů), not ordinals"
cs,cardinal,1000000,masculine,dative,miliontému,milionu,"milion/miliarda are nouns (milionu, dvou milionů), not ordinals"
cs,cardinal,1000000,masculine,instrumental,miliontým,milionem,"milion/miliarda are nouns (milionu, dvou milionů), not ordinals"
cs,cardinal,1000000,masculine,locative,miliontém,milionu,"milion/miliarda are nouns (milionu, dvou milionů), not ordinals"
cs,cardinal,1000000,feminine,genitive,milionté,milionu,"milion/miliarda are nouns (milionu, dvou milionů), not ordinals"
cs,cardinal,1000000,feminine,dative,milionté,milionu,"milion/miliarda are nouns (milionu, dvou milionů), not ordinals"
cs,cardinal,1000000,feminine,instrumental,miliontou,milionem,"milion/miliarda are nouns (milionu, dvou milionů), not ordinals"
cs,cardinal,1000000,feminine,locative,milionté,milionu,"milion/miliarda are nouns (milionu, dvou milionů), not ordinals"
cs,cardinal,1000000,neuter,genitive,miliontého,milionu,"milion/miliarda are nouns (milionu, dvou milionů), not ordinals"
cs,cardinal,1000000,neuter,dative,miliontému,milionu,"milion/miliarda are nouns (milionu, dvou milionů), not ordinals"
cs,cardinal,1000000,neuter,instrumental,miliontým,milionem,"milion/miliarda are nouns (milionu, dvou milionů), not ordinals"
cs,cardinal,1000000,neuter,locative,miliontém,milionu,"milion/miliarda are nouns (milionu, dvou milionů), not ordinals"
cs,cardinal,1000001,masculine,nominative,milionjeden,milion jedna,"x1 compounds: 'dvacet jedna' in N/A, inverted 'jednadvaceti' in oblique cases"
cs,cardinal,1000001,masculine,genitive,milionjednoho,milionu jedna,"x1 compounds: 'dvacet jedna' in N/A, inverted 'jednadvaceti' in oblique cases"
cs,cardinal,1000001,masculine,dative,milionjednomu,milionu jedna,"x1 compounds: 'dvacet jedna' in N/A, inverted 'jednadvaceti' in oblique cases"
cs,cardinal,1000001,masculine,accusative,milionjednoho,milion jedna,masc. accusative: inanimate by default (animacy= gives the old form)
cs,cardinal,1000001,masculine,instrumental,milionjedním,milionem jedna,"x1 compounds: 'dvacet jedna' in N/A, inverted 'jednadvaceti' in oblique cases"
cs,cardinal,1000001,masculine,locative,milionjednom,milionu jedna,"x1 compounds: 'dvacet jedna' in N/A, inverted 'jednadvaceti' in oblique cases"
cs,cardinal,1000001,feminine,nominative,milionjedna,milion jedna,spacing only
cs,cardinal,1000001,feminine,genitive,milionjedné,milionu jedna,"x1 compounds: 'dvacet jedna' in N/A, inverted 'jednadvaceti' in oblique cases"
cs,cardinal,1000001,feminine,dative,milionjedné,milionu jedna,"x1 compounds: 'dvacet jedna' in N/A, inverted 'jednadvaceti' in oblique cases"
cs,cardinal,1000001,feminine,accusative,milionjednu,milion jedna,"x1 compounds: 'dvacet jedna' in N/A, inverted 'jednadvaceti' in oblique cases"
cs,cardinal,1000001,feminine,instrumental,milionjednou,milionem jedna,"x1 compounds: 'dvacet jedna' in N/A, inverted 'jednadvaceti' in oblique cases"
cs,cardinal,1000001,feminine,locative,milionjedné,milionu jedna,"x1 compounds: 'dvacet jedna' in N/A, inverted 'jednadvaceti' in oblique cases"
cs,cardinal,1000001,neuter,nominative,milionjedno,milion jedna,"x1 compounds: 'dvacet jedna' in N/A, inverted 'jednadvaceti' in oblique cases"
cs,cardinal,1000001,neuter,genitive,milionjednoho,milionu jedna,"x1 compounds: 'dvacet jedna' in N/A, inverted 'jednadvaceti' in oblique cases"
cs,cardinal,1000001,neuter,dative,milionjednomu,milionu jedna,"x1 compounds: 'dvacet jedna' in N/A, inverted 'jednadvaceti' in oblique cases"
cs,cardinal,1000001,neuter,accusative,milionjedno,milion jedna,"x1 compounds: 'dvacet jedna' in N/A, inverted 'jednadvaceti' in oblique cases"
cs,cardinal,1000001,neuter,instrumental,milionjedním,milionem jedna,"x1 compounds: 'dvacet jedna' in N/A, inverted 'jednadvaceti' in oblique cases"
cs,cardinal,1000001,neuter,locative,milionjednom,milionu jedna,"x1 compounds: 'dvacet jedna' in N/A, inverted 'jednadvaceti' in oblique cases"
cs,cardinal,1000010,masculine,nominative,miliondeset,milion deset,spacing only
cs,cardinal,1000010,masculine,genitive,miliondeseti,milionu deseti,separate words; long numbers decline per IJP
cs,cardinal,1000010,masculine,dative,miliondeseti,milionu deseti,separate words; long numbers decline per IJP
cs,cardinal,1000010,masculine,accusative,miliondeset,milion deset,spacing only
cs,cardinal,1000010,masculine,instrumental,miliondeseti,milionem deseti,separate words; long numbers decline per IJP
cs,cardinal,1000010,masculine,locative,miliondeseti,milionu deseti,separate words; long numbers decline per IJP
cs,cardinal,1000010,feminine,nominative,miliondeset,milion deset,spacing only
cs,cardinal,1000010,feminine,genitive,miliondeseti,milionu deseti,separate words; long numbers decline per IJP
cs,cardinal,1000010,feminine,dative,miliondeseti,milionu deseti,separate words; long numbers decline per IJP
cs,cardinal,1000010,feminine,accusative,miliondeset,milion deset,spacing only
cs,cardinal,1000010,feminine,instrumental,miliondeseti,milionem deseti,separate words; long numbers decline per IJP
cs,cardinal,1000010,feminine,locative,miliondeseti,milionu deseti,separate words; long numbers decline per IJP
cs,cardinal,1000010,neuter,nominative,miliondeset,milion deset,spacing only
cs,cardinal,1000010,neuter,genitive,miliondeseti,milionu deseti,separate words; long numbers decline per IJP
cs,cardinal,1000010,neuter,dative,miliondeseti,milionu deseti,separate words; long numbers decline per IJP
cs,cardinal,1000010,neuter,accusative,miliondeset,milion deset,spacing only
cs,cardinal,1000010,neuter,instrumental,miliondeseti,milionem deseti,separate words; long numbers decline per IJP
cs,cardinal,1000010,neuter,locative,miliondeseti,milionu deseti,separate words; long numbers decline per IJP
cs,cardinal,1000100,masculine,nominative,milionsto,milion sto,spacing only
cs,cardinal,1000100,masculine,genitive,milionstého,milionu sta,"sto is a noun: sta, stu, stem; dvě stě, dvou set (stého/stá are ordinals)"
cs,cardinal,1000100,masculine,dative,milionstému,milionu stu,"sto is a noun: sta, stu, stem; dvě stě, dvou set (stého/stá are ordinals)"
cs,cardinal,1000100,masculine,accusative,milionsto,milion sto,spacing only
cs,cardinal,1000100,masculine,instrumental,milionstým,milionem stem,"sto is a noun: sta, stu, stem; dvě stě, dvou set (stého/stá are ordinals)"
cs,cardinal,1000100,masculine,locative,milionstém,milionu stu,"sto is a noun: sta, stu, stem; dvě stě, dvou set (stého/stá are ordinals)"
cs,cardinal,1000100,feminine,nominative,milionstá,milion sto,"sto is a noun: sta, stu, stem; dvě stě, dvou set (stého/stá are ordinals)"
cs,cardinal,1000100,feminine,genitive,milionsté,milionu sta,"sto is a noun: sta, stu, stem; dvě stě, dvou set (stého/stá are ordinals)"
cs,cardinal,1000100,feminine,dative,milionsté,milionu stu,"sto is a noun: sta, stu, stem; dvě stě, dvou set (stého/stá are ordinals)"
cs,cardinal,1000100,feminine,accusative,milionstou,milion sto,"sto is a noun: sta, stu, stem; dvě stě, dvou set (stého/stá are ordinals)"
cs,cardinal,1000100,feminine,instrumental,milionstou,milionem stem,"sto is a noun: sta, stu, stem; dvě stě, dvou set (stého/stá are ordinals)"
cs,cardinal,1000100,feminine,locative,milionsté,milionu stu,"sto is a noun: sta, stu, stem; dvě stě, dvou set (stého/stá are ordinals)"
cs,cardinal,1000100,neuter,nominative,milionsté,milion sto,"sto is a noun: sta, stu, stem; dvě stě, dvou set (stého/stá are ordinals)"
cs,cardinal,1000100,neuter,genitive,milionstého,milionu sta,"sto is a noun: sta, stu, stem; dvě stě, dvou set (stého/stá are ordinals)"
cs,cardinal,1000100,neuter,dative,milionstému,milionu stu,"sto is a noun: sta, stu, stem; dvě stě, dvou set (stého/stá are ordinals)"
cs,cardinal,1000100,neuter,accusative,milionsté,milion sto,"sto is a noun: sta, stu, stem; dvě stě, dvou set (stého/stá are ordinals)"
cs,cardinal,1000100,neuter,instrumental,milionstým,milionem stem,"sto is a noun: sta, stu, stem; dvě stě, dvou set (stého/stá are ordinals)"
cs,cardinal,1000100,neuter,locative,milionstém,milionu stu,"sto is a noun: sta, stu, stem; dvě stě, dvou set (stého/stá are ordinals)"
cs,cardinal,1001000,masculine,nominative,miliontisíc,milion tisíc,spacing only
cs,cardinal,1001000,masculine,genitive,miliontisícího,milionu tisíce,"milion/miliarda are nouns (milionu, dvou milionů), not ordinals"
cs,cardinal,1001000,masculine,dative,miliontisícímu,milionu tisíci,"milion/miliarda are nouns (milionu, dvou milionů), not ordinals"
cs,cardinal,1001000,masculine,accusative,miliontisíc,milion tisíc,spacing only
cs,cardinal,1001000,masculine,instrumental,miliontisícím,milionem tisícem,"milion/miliarda are nouns (milionu, dvou milionů), not ordinals"
cs,cardinal,1001000,masculine,locative,miliontisícím,milionu tisíci,"milion/miliarda are nouns (milionu, dvou milionů), not ordinals"
cs,cardinal,1001000,feminine,nominative,miliontisíc,milion tisíc,spacing only
cs,cardinal,1001000,feminine,genitive,miliontisící,milionu tisíce,"milion/miliarda are nouns (milionu, dvou milionů), not ordinals"
cs,cardinal,1001000,feminine,dative,miliontisící,milionu tisíci,"milion/miliarda are nouns (milionu, dvou milionů), not ordinals"
cs,cardinal,1001000,feminine,accusative,miliontisíc,milion tisíc,spacing only
cs,cardinal,1001000,feminine,instrumental,miliontisící,milionem tisícem,"milion/miliarda are nouns (milionu, dvou milionů), not ordinals"
cs,cardinal,1001000,feminine,locative,miliontisící,milionu tisíci,"milion/miliarda are nouns (milionu, dvou milionů), not ordinals"
cs,cardinal,1001000,neuter,nominative,miliontisíc,milion tisíc,spacing only
cs,cardinal,1001000,neuter,genitive,miliontisícího,milionu tisíce,"milion/miliarda are nouns (milionu, dvou milionů), not ordinals"
cs,cardinal,1001000,neuter,dative,miliontisícímu,milionu tisíci,"milion/miliarda are nouns (milionu, dvou milionů), not ordinals"
cs,cardinal,1001000,neuter,accusative,miliontisíc,milion tisíc,spacing only
cs,cardinal,1001000,neuter,instrumental,miliontisícím,milionem tisícem,"milion/miliarda are nouns (milionu, dvou milionů), not ordinals"
cs,cardinal,1001000,neuter,locative,miliontisícím,milionu tisíci,"milion/miliarda are nouns (milionu, dvou milionů), not ordinals"
cs,cardinal,2000000,masculine,nominative,dvamiliony,dva miliony,spacing only
cs,cardinal,2000000,masculine,genitive,dvamiliontého,dvou milionů,"milion/miliarda are nouns (milionu, dvou milionů), not ordinals"
cs,cardinal,2000000,masculine,dative,dvamiliontému,dvěma milionům,"milion/miliarda are nouns (milionu, dvou milionů), not ordinals"
cs,cardinal,2000000,masculine,accusative,dvamiliony,dva miliony,spacing only
cs,cardinal,2000000,masculine,instrumental,dvamiliontým,dvěma miliony,"milion/miliarda are nouns (milionu, dvou milionů), not ordinals"
cs,cardinal,2000000,masculine,locative,dvamiliontém,dvou milionech,"milion/miliarda are nouns (milionu, dvou milionů), not ordinals"
cs,cardinal,2000000,feminine,nominative,dvamiliony,dva miliony,spacing only
cs,cardinal,2000000,feminine,genitive,dvamilionté,dvou milionů,"milion/miliarda are nouns (milionu, dvou milionů), not ordinals"
cs,cardinal,2000000,feminine,dative,dvamilionté,dvěma milionům,"milion/miliarda are nouns (milionu, dvou milionů), not ordinals"
cs,cardinal,2000000,feminine,accusative,dvamiliony,dva miliony,spacing only
cs,cardinal,2000000,feminine,instrumental,dvamiliontou,dvěma miliony,"milion/miliarda are nouns (milionu, dvou milionů), not ordinals"
cs,cardinal,2000000,feminine,locative,dvamilionté,dvou milionech,"milion/miliarda are nouns (milionu, dvou milionů), not ordinals"
cs,cardinal,2000000,neuter,nominative,dvamiliony,dva miliony,spacing only
cs,cardinal,2000000,neuter,genitive,dvamiliontého,dvou milionů,"milion/miliarda are nouns (milionu, dvou milionů), not ordinals"
cs,cardinal,2000000,neuter,dative,dvamiliontému,dvěma milionům,"milion/miliarda are nouns (milionu, dvou milionů), not ordinals"
cs,cardinal,2000000,neuter,accusative,dvamiliony,dva miliony,spacing only
cs,cardinal,2000000,neuter,instrumental,dvamiliontým,dvěma miliony,"milion/miliarda are nouns (milionu, dvou milionů), not ordinals"
cs,cardinal,2000000,neuter,locative,dvamiliontém,dvou milionech,"milion/miliarda are nouns (milionu, dvou milionů), not ordinals"
cs,cardinal,2500000,masculine,nominative,dvamilionypětsettisíc,dva miliony pět set tisíc,spacing only
cs,cardinal,2500000,masculine,genitive,dvamilionypětsettisícího,dvou milionů pěti set tisíc,"tisíc declines as a noun: tisíce, tisíci, tisícem (tisícího etc. are ordinals)"
cs,cardinal,2500000,masculine,dative,dvamilionypětsettisícímu,dvěma milionům pěti stům tisícům,"tisíc declines as a noun: tisíce, tisíci, tisícem (tisícího etc. are ordinals)"
cs,cardinal,2500000,masculine,accusative,dvamilionypětsettisíc,dva miliony pět set tisíc,spacing only
cs,cardinal,2500000,masculine,instrumental,dvamilionypětsettisícím,dvěma miliony pěti sty tisíci,"tisíc declines as a noun: tisíce, tisíci, tisícem (tisícího etc. are ordinals)"
cs,cardinal,2500000,masculine,locative,dvamilionypětsettisícím,dvou milionech pěti stech tisících,"tisíc declines as a noun: tisíce, tisíci, tisícem (tisícího etc. are ordinals)"
cs,cardinal,2500000,feminine,nominative,dvamilionypětsettisíc,dva miliony pět set tisíc,spacing only
cs,cardinal,2500000,feminine,genitive,dvamilionypětsettisící,dvou milionů pěti set tisíc,"tisíc declines as a noun: tisíce, tisíci, tisícem (tisícího etc. are ordinals)"
cs,cardinal,2500000,feminine,dative,dvamilionypětsettisící,dvěma milionům pěti stům tisícům,"tisíc declines as a noun: tisíce, tisíci, tisícem (tisícího etc. are ordinals)"
cs,cardinal,2500000,feminine,accusative,dvamilionypětsettisíc,dva miliony pět set tisíc,spacing only
cs,cardinal,2500000,feminine,instrumental,dvamilionypětsettisící,dvěma miliony pěti sty tisíci,"tisíc declines as a noun: tisíce, tisíci, tisícem (tisícího etc. are ordinals)"
cs,cardinal,2500000,feminine,locative,dvamilionypětsettisící,dvou milionech pěti stech tisících,"tisíc declines as a noun: tisíce, tisíci, tisícem (tisícího etc. are ordinals)"
cs,cardinal,2500000,neuter,nominative,dvamilionypětsettisíc,dva miliony pět set tisíc,spacing only
cs,cardinal,2500000,neuter,genitive,dvamilionypětsettisícího,dvou milionů pěti set tisíc,"tisíc declines as a noun: tisíce, tisíci, tisícem (tisícího etc. are ordinals)"
cs,cardinal,2500000,neuter,dative,dvamilionypětsettisícímu,dvěma milionům pěti stům tisícům,"tisíc declines as a noun: tisíce, tisíci, tisícem (tisícího etc. are ordinals)"
cs,cardinal,2500000,neuter,accusative,dvamilionypětsettisíc,dva miliony pět set tisíc,spacing only
cs,cardinal,2500000,neuter,instrumental,dvamilionypětsettisícím,dvěma miliony pěti sty tisíci,"tisíc declines as a noun: tisíce, tisíci, tisícem (tisícího etc. are ordinals)"
cs,cardinal,2500000,neuter,locative,dvamilionypětsettisícím,dvou milionech pěti stech tisících,"tisíc declines as a noun: tisíce, tisíci, tisícem (tisícího etc. are ordinals)"
cs,cardinal,2999999,masculine,nominative,dvamilionydevětsetdevadesátdevěttisícdevětsetdevadesátdevět,dva miliony devět set devadesát devět tisíc devět set devadesát devět,spacing only
cs,cardinal,2999999,masculine,genitive,dvamilionydevětsetdevadesátdevěttisícíhodevětsetdevadesátéhodevátého,dva miliony devět set devadesát devět tisíc devět set devadesáti devíti,"tisíc declines as a noun: tisíce, tisíci, tisícem (tisícího etc. are ordinals)"
cs,cardinal,2999999,masculine,dative,dvamilionydevětsetdevadesátdevěttisícímudevětsetdevadesátémudevátému,dva miliony devět set devadesát devět tisíc devět set devadesáti devíti,"tisíc declines as a noun: tisíce, tisíci, tisícem (tisícího etc. are ordinals)"
cs,cardinal,2999999,masculine,accusative,dvamilionydevětsetdevadesátdevěttisícdevětsetdevadesátdevět,dva miliony devět set devadesát devět tisíc devět set devadesát devět,spacing only
cs,cardinal,2999999,masculine,instrumental,dvamilionydevětsetdevadesátdevěttisícímdevětsetdevadesátýmdevátým,dva miliony devět set devadesát devět tisíc devět set devadesáti devíti,"tisíc declines as a noun: tisíce, tisíci, tisícem (tisícího etc. are ordinals)"
cs,cardinal,2999999,masculine,locative,dvamilionydevětsetdevadesátdevěttisícímdevětsetdevadesátémdevátém,dva miliony devět set devadesát devět tisíc devět set devadesáti devíti,"tisíc declines as a noun: tisíce, tisíci, tisícem (tisícího etc. are ordinals)"
cs,cardinal,2999999,feminine,nominative,dvamilionydevětsetdevadesátdevěttisícdevětsetdevadesátdevět,dva miliony devět set devadesát devět tisíc devět set devadesát devět,spacing only
cs,cardinal,2999999,feminine,genitive,dvamilionydevětsetdevadesátdevěttisícídevětsetdevadesátéhodeváté,dva miliony devět set devadesát devět tisíc devět set devadesáti devíti,compounds decline as cardinals (v1 used ordinal forms)
cs,cardinal,2999999,feminine,dative,dvamilionydevětsetdevadesátdevěttisícídevětsetdevadesátémudeváté,dva miliony devět set devadesát devět tisíc devět set devadesáti devíti,compounds decline as cardinals (v1 used ordinal forms)
cs,cardinal,2999999,feminine,accusative,dvamilionydevětsetdevadesátdevěttisícdevětsetdevadesátdevět,dva miliony devět set devadesát devět tisíc devět set devadesát devět,spacing only
cs,cardinal,2999999,feminine,instrumental,dvamilionydevětsetdevadesátdevěttisícídevětsetdevadesátýmdevátou,dva miliony devět set devadesát devět tisíc devět set devadesáti devíti,compounds decline as cardinals (v1 used ordinal forms)
cs,cardinal,2999999,feminine,locative,dvamilionydevětsetdevadesátdevěttisícídevětsetdevadesátémdeváté,dva miliony devět set devadesát devět tisíc devět set devadesáti devíti,compounds decline as cardinals (v1 used ordinal forms)
cs,cardinal,2999999,neuter,nominative,dvamilionydevětsetdevadesátdevěttisícdevětsetdevadesátdevět,dva miliony devět set devadesát devět tisíc devět set devadesát devět,spacing only
cs,cardinal,2999999,neuter,genitive,dvamilionydevětsetdevadesátdevěttisícíhodevětsetdevadesátéhodevátého,dva miliony devět set devadesát devět tisíc devět set devadesáti devíti,"tisíc declines as a noun: tisíce, tisíci, tisícem (tisícího etc. are ordinals)"
cs,cardinal,2999999,neuter,dative,dvamilionydevětsetdevadesátdevěttisícímudevětsetdevadesátémudevátému,dva miliony devět set devadesát devět tisíc devět set devadesáti devíti,"tisíc declines as a noun: tisíce, tisíci, tisícem (tisícího etc. are ordinals)"
cs,cardinal,2999999,neuter,accusative,dvamilionydevětsetdevadesátdevěttisícdevětsetdevadesátdevět,dva miliony devět set devadesát devět tisíc devět set devadesát devět,spacing only
cs,cardinal,2999999,neuter,instrumental,dvamilionydevětsetdevadesátdevěttisícímdevětsetdevadesátýmdevátým,dva miliony devět set devadesát devět tisíc devět set devadesáti devíti,"tisíc declines as a noun: tisíce, tisíci, tisícem (tisícího etc. are ordinals)"
cs,cardinal,2999999,neuter,locative,dvamilionydevětsetdevadesátdevěttisícímdevětsetdevadesátémdevátém,dva miliony devět set devadesát devět tisíc devět set devadesáti devíti,"tisíc declines as a noun: tisíce, tisíci, tisícem (tisícího etc. are ordinals)"
cs,cardinal,10000000,masculine,nominative,desetmilionů,deset milionů,spacing only
cs,cardinal,10000000,masculine,genitive,desetmiliontého,deseti milionů,"milion/miliarda are nouns (milionu, dvou milionů), not ordinals"
cs,cardinal,10000000,masculine,dative,desetmiliontému,deseti milionům,"milion/miliarda are nouns (milionu, dvou milionů), not ordinals"
cs,cardinal,10000000,masculine,accusative,desetmilionů,deset milionů,spacing only
cs,cardinal,10000000,masculine,instrumental,desetmiliontým,deseti miliony,"milion/miliarda are nouns (milionu, dvou milionů), not ordinals"
cs,cardinal,10000000,masculine,locative,desetmiliontém,deseti milionech,"milion/miliarda are nouns (milionu, dvou milionů), not ordinals"
cs,cardinal,10000000,feminine,nominative,desetmilionů,deset milionů,spacing only
cs,cardinal,10000000,feminine,genitive,desetmilionté,deseti milionů,"milion/miliarda are nouns (milionu, dvou milionů), not ordinals"
cs,cardinal,10000000,feminine,dative,desetmilionté,deseti milionům,"milion/miliarda are nouns (milionu, dvou milionů), not ordinals"
cs,cardinal,10000000,feminine,accusative,desetmilionů,deset milionů,spacing only
cs,cardinal,10000000,feminine,instrumental,desetmiliontou,deseti miliony,"milion/miliarda are nouns (milionu, dvou milionů), not ordinals"
cs,cardinal,10000000,feminine,locative,desetmilionté,deseti milionech,"milion/miliarda are nouns (milionu, dvou milionů), not ordinals"
cs,cardinal,10000000,neuter,nominative,desetmilionů,deset milionů,spacing only
cs,cardinal,10000000,neuter,genitive,desetmiliontého,deseti milionů,"milion/miliarda are nouns (milionu, dvou milionů), not ordinals"
cs,cardinal,10000000,neuter,dative,desetmiliontému,deseti milionům,"milion/miliarda are nouns (milionu, dvou milionů), not ordinals"
cs,cardinal,10000000,neuter,accusative,desetmilionů,deset milionů,spacing only
cs,cardinal,10000000,neuter,instrumental,desetmiliontým,deseti miliony,"milion/miliarda are nouns (milionu, dvou milionů), not ordinals"
cs,cardinal,10000000,neuter,locative,desetmiliontém,deseti milionech,"milion/miliarda are nouns (milionu, dvou milionů), not ordinals"
cs,cardinal,15000000,masculine,nominative,patnáctmilionů,patnáct milionů,spacing only
cs,cardinal,15000000,masculine,genitive,patnáctmiliontého,patnácti milionů,"milion/miliarda are nouns (milionu, dvou milionů), not ordinals"
cs,cardinal,15000000,masculine,dative,patnáctmiliontému,patnácti milionům,"milion/miliarda are nouns (milionu, dvou milionů), not ordinals"
cs,cardinal,15000000,masculine,accusative,patnáctmilionů,patnáct milionů,spacing only
cs,cardinal,15000000,masculine,instrumental,patnáctmiliontým,patnácti miliony,"milion/miliarda are nouns (milionu, dvou milionů), not ordinals"
cs,cardinal,15000000,masculine,locative,patnáctmiliontém,patnácti milionech,"milion/miliarda are nouns (milionu, dvou milionů), not ordinals"
cs,cardinal,15000000,feminine,nominative,patnáctmilionů,patnáct milionů,spacing only
cs,cardinal,15000000,feminine,genitive,patnáctmilionté,patnácti milionů,"milion/miliarda are nouns (milionu, dvou milionů), not ordinals"
cs,cardinal,15000000,feminine,dative,patnáctmilionté,patnácti milionům,"milion/miliarda are nouns (milionu, dvou milionů), not ordinals"
cs,cardinal,15000000,feminine,accusative,patnáctmilionů,patnáct milionů,spacing only
cs,cardinal,15000000,feminine,instrumental,patnáctmiliontou,patnácti miliony,"milion/miliarda are nouns (milionu, dvou milionů), not ordinals"
cs,cardinal,15000000,feminine,locative,patnáctmilionté,patnácti milionech,"milion/miliarda are nouns (milionu, dvou milionů), not ordinals"
cs,cardinal,15000000,neuter,nominative,patnáctmilionů,patnáct milionů,spacing only
cs,cardinal,15000000,neuter,genitive,patnáctmiliontého,patnácti milionů,"milion/miliarda are nouns (milionu, dvou milionů), not ordinals"
cs,cardinal,15000000,neuter,dative,patnáctmiliontému,patnácti milionům,"milion/miliarda are nouns (milionu, dvou milionů), not ordinals"
cs,cardinal,15000000,neuter,accusative,patnáctmilionů,patnáct milionů,spacing only
cs,cardinal,15000000,neuter,instrumental,patnáctmiliontým,patnácti miliony,"milion/miliarda are nouns (milionu, dvou milionů), not ordinals"
cs,cardinal,15000000,neuter,locative,patnáctmiliontém,patnácti milionech,"milion/miliarda are nouns (milionu, dvou milionů), not ordinals"
cs,cardinal,19999999,masculine,nominative,devatenáctmilionůdevětsetdevadesátdevěttisícdevětsetdevadesátdevět,devatenáct milionů devět set devadesát devět tisíc devět set devadesát devět,spacing only
cs,cardinal,19999999,masculine,genitive,devatenáctmilionůdevětsetdevadesátdevěttisícíhodevětsetdevadesátéhodevátého,devatenáct milionů devět set devadesát devět tisíc devět set devadesáti devíti,"tisíc declines as a noun: tisíce, tisíci, tisícem (tisícího etc. are ordinals)"
cs,cardinal,19999999,masculine,dative,devatenáctmilionůdevětsetdevadesátdevěttisícímudevětsetdevadesátémudevátému,devatenáct milionů devět set devadesát devět tisíc devět set devadesáti devíti,"tisíc declines as a noun: tisíce, tisíci, tisícem (tisícího etc. are ordinals)"
cs,cardinal,19999999,masculine,accusative,devatenáctmilionůdevětsetdevadesátdevěttisícdevětsetdevadesátdevět,devatenáct milionů devět set devadesát devět tisíc devět set devadesát devět,spacing only
cs,cardinal,19999999,masculine,instrumental,devatenáctmilionůdevětsetdevadesátdevěttisícímdevětsetdevadesátýmdevátým,devatenáct milionů devět set devadesát devět tisíc devět set devadesáti devíti,"tisíc declines as a noun: tisíce, tisíci, tisícem (tisícího etc. are ordinals)"
cs,cardinal,19999999,masculine,locative,devatenáctmilionůdevětsetdevadesátdevěttisícímdevětsetdevadesátémdevátém,devatenáct milionů devět set devadesát devět tisíc devět set devadesáti devíti,"tisíc declines as a noun: tisíce, tisíci, tisícem (tisícího etc. are ordinals)"
cs,cardinal,19999999,feminine,nominative,devatenáctmilionůdevětsetdevadesátdevěttisícdevětsetdevadesátdevět,devatenáct milionů devět set devadesát devět tisíc devět set devadesát devět,spacing only
cs,cardinal,19999999,feminine,genitive,devatenáctmilionůdevětsetdevadesátdevěttisícídevětsetdevadesátéhodeváté,devatenáct milionů devět set devadesát devět tisíc devět set devadesáti devíti,compounds decline as cardinals (v1 used ordinal forms)
cs,cardinal,19999999,feminine,dative,devatenáctmilionůdevětsetdevadesátdevěttisícídevětsetdevadesátémudeváté,devatenáct milionů devět set devadesát devět tisíc devět set devadesáti devíti,compounds decline as cardinals (v1 used ordinal forms)
cs,cardinal,19999999,feminine,accusative,devatenáctmilionůdevětsetdevadesátdevěttisícdevětsetdevadesátdevět,devatenáct milionů devět set devadesát devět tisíc devět set devadesát devět,spacing only
cs,cardinal,19999999,feminine,instrumental,devatenáctmilionůdevětsetdevadesátdevěttisícídevětsetdevadesátýmdevátou,devatenáct milionů devět set devadesát devět tisíc devět set devadesáti devíti,compounds decline as cardinals (v1 used ordinal forms)
cs,cardinal,19999999,feminine,locative,devatenáctmilionůdevětsetdevadesátdevěttisícídevětsetdevadesátémdeváté,devatenáct milionů devět set devadesát devět tisíc devět set devadesáti devíti,compounds decline as cardinals (v1 used ordinal forms)
cs,cardinal,19999999,neuter,nominative,devatenáctmilionůdevětsetdevadesátdevěttisícdevětsetdevadesátdevět,devatenáct milionů devět set devadesát devět tisíc devět set devadesát devět,spacing only
cs,cardinal,19999999,neuter,genitive,devatenáctmilionůdevětsetdevadesátdevěttisícíhodevětsetdevadesátéhodevátého,devatenáct milionů devět set devadesát devět tisíc devět set devadesáti devíti,"tisíc declines as a noun: tisíce, tisíci, tisícem (tisícího etc. are ordinals)"
cs,cardinal,19999999,neuter,dative,devatenáctmilionůdevětsetdevadesátdevěttisícímudevětsetdevadesátémudevátému,devatenáct milionů devět set devadesát devět tisíc devět set devadesáti devíti,"tisíc declines as a noun: tisíce, tisíci, tisícem (tisícího etc. are ordinals)"
cs,cardinal,19999999,neuter,accusative,devatenáctmilionůdevětsetdevadesátdevěttisícdevětsetdevadesátdevět,devatenáct milionů devět set devadesát devět tisíc devět set devadesát devět,spacing only
cs,cardinal,19999999,neuter,instrumental,devatenáctmilionůdevětsetdevadesátdevěttisícímdevětsetdevadesátýmdevátým,devatenáct milionů devět set devadesát devět tisíc devět set devadesáti devíti,"tisíc declines as a noun: tisíce, tisíci, tisícem (tisícího etc. are ordinals)"
cs,cardinal,19999999,neuter,locative,devatenáctmilionůdevětsetdevadesátdevěttisícímdevětsetdevadesátémdevátém,devatenáct milionů devět set devadesát devět tisíc devět set devadesáti devíti,"tisíc declines as a noun: tisíce, tisíci, tisícem (tisícího etc. are ordinals)"
cs,cardinal,100000000,masculine,nominative,stomilionů,sto milionů,spacing only
cs,cardinal,100000000,masculine,genitive,stomiliontého,sta milionů,"milion/miliarda are nouns (milionu, dvou milionů), not ordinals"
cs,cardinal,100000000,masculine,dative,stomiliontému,stu milionům,"milion/miliarda are nouns (milionu, dvou milionů), not ordinals"
cs,cardinal,100000000,masculine,accusative,stomilionů,sto milionů,spacing only
cs,cardinal,100000000,masculine,instrumental,stomiliontým,stem miliony,"milion/miliarda are nouns (milionu, dvou milionů), not ordinals"
cs,cardinal,100000000,masculine,locative,stomiliontém,stu milionech,"milion/miliarda are nouns (milionu, dvou milionů), not ordinals"
cs,cardinal,100000000,feminine,nominative,stomilionů,sto milionů,spacing only
cs,cardinal,100000000,feminine,genitive,stomilionté,sta milionů,"milion/miliarda are nouns (milionu, dvou milionů), not ordinals"
cs,cardinal,100000000,feminine,dative,stomilionté,stu milionům,"milion/miliarda are nouns (milionu, dvou milionů), not ordinals"
cs,cardinal,100000000,feminine,accusative,stomilionů,sto milionů,spacing only
cs,cardinal,100000000,feminine,instrumental,stomiliontou,stem miliony,"milion/miliarda are nouns (milionu, dvou milionů), not ordinals"
cs,cardinal,100000000,feminine,locative,stomilionté,stu milionech,"milion/miliarda are nouns (milionu, dvou milionů), not ordinals"
cs,cardinal,100000000,neuter,nominative,stomilionů,sto milionů,spacing only
cs,cardinal,100000000,neuter,genitive,stomiliontého,sta milionů,"milion/miliarda are nouns (milionu, dvou milionů), not ordinals"
cs,cardinal,100000000,neuter,dative,stomiliontému,stu milionům,"milion/miliarda are nouns (milionu, dvou milionů), not ordinals"
cs,cardinal,100000000,neuter,accusative,stomilionů,sto milionů,spacing only
cs,cardinal,100000000,neuter,instrumental,stomiliontým,stem miliony,"milion/miliarda are nouns (milionu, dvou milionů), not ordinals"
cs,cardinal,100000000,neuter,locative,stomiliontém,stu milionech,"milion/miliarda are nouns (milionu, dvou milionů), not ordinals"
cs,cardinal,150000000,masculine,nominative,stopadesátmilionů,sto padesát milionů,spacing only
cs,cardinal,150000000,masculine,genitive,stopadesátmiliontého,sto padesáti milionů,"milion/miliarda are nouns (milionu, dvou milionů), not ordinals"
cs,cardinal,150000000,masculine,dative,stopadesátmiliontému,sto padesáti milionům,"milion/miliarda are nouns (milionu, dvou milionů), not ordinals"
cs,cardinal,150000000,masculine,accusative,stopadesátmilionů,sto padesát milionů,spacing only
cs,cardinal,150000000,masculine,instrumental,stopadesátmiliontým,sto padesáti miliony,"milion/miliarda are nouns (milionu, dvou milionů), not ordinals"
cs,cardinal,150000000,masculine,locative,stopadesátmiliontém,sto padesáti milionech,"milion/miliarda are nouns (milionu, dvou milionů), not ordinals"
cs,cardinal,150000000,feminine,nominative,stopadesátmilionů,sto padesát milionů,spacing only
cs,cardinal,150000000,feminine,genitive,stopadesátmilionté,sto padesáti milionů,"milion/miliarda are nouns (milionu, dvou milionů), not ordinals"
cs,cardinal,150000000,feminine,dative,stopadesátmilionté,sto padesáti milionům,"milion/miliarda are nouns (milionu, dvou milionů), not ordinals"
cs,cardinal,150000000,feminine,accusative,stopadesátmilionů,sto padesát milionů,spacing only
cs,cardinal,150000000,feminine,instrumental,stopadesátmiliontou,sto padesáti miliony,"milion/miliarda are nouns (milionu, dvou milionů), not ordinals"
cs,cardinal,150000000,feminine,locative,stopadesátmilionté,sto padesáti milionech,"milion/miliarda are nouns (milionu, dvou milionů), not ordinals"
cs,cardinal,150000000,neuter,nominative,stopadesátmilionů,sto padesát milionů,spacing only
cs,cardinal,150000000,neuter,genitive,stopadesátmiliontého,sto padesáti milionů,"milion/miliarda are nouns (milionu, dvou milionů), not ordinals"
cs,cardinal,150000000,neuter,dative,stopadesátmiliontému,sto padesáti milionům,"milion/miliarda are nouns (milionu, dvou milionů), not ordinals"
cs,cardinal,150000000,neuter,accusative,stopadesátmilionů,sto padesát milionů,spacing only
cs,cardinal,150000000,neuter,instrumental,stopadesátmiliontým,sto padesáti miliony,"milion/miliarda are nouns (milionu, dvou milionů), not ordinals"
cs,cardinal,150000000,neuter,locative,stopadesátmiliontém,sto padesáti milionech,"milion/miliarda are nouns (milionu, dvou milionů), not ordinals"
cs,cardinal,199999999,masculine,nominative,stodevadesátdevětmilionůdevětsetdevadesátdevěttisícdevětsetdevadesátdevět,sto devadesát devět milionů devět set devadesát devět tisíc devět set devadesát devět,spacing only
cs,cardinal,199999999,masculine,genitive,stodevadesátdevětmilionůdevětsetdevadesátdevěttisícíhodevětsetdevadesátéhodevátého,sto devadesát devět milionů devět set devadesát devět tisíc devět set devadesáti devíti,"tisíc declines as a noun: tisíce, tisíci, tisícem (tisícího etc. are ordinals)"
cs,cardinal,199999999,masculine,dative,stodevadesátdevětmilionůdevětsetdevadesátdevěttisícímudevětsetdevadesátémudevátému,sto devadesát devět milionů devět set devadesát devět tisíc devět set devadesáti devíti,"tisíc declines as a noun: tisíce, tisíci, tisícem (tisícího etc. are ordinals)"
cs,cardinal,199999999,masculine,accusative,stodevadesátdevětmilionůdevětsetdevadesátdevěttisícdevětsetdevadesátdevět,sto devadesát devět milionů devět set devadesát devět tisíc devět set devadesát devět,spacing only
cs,cardinal,199999999,masculine,instrumental,stodevadesátdevětmilionůdevětsetdevadesátdevěttisícímdevětsetdevadesátýmdevátým,sto devadesát devět milionů devět set devadesát devět tisíc devět set devadesáti devíti,"tisíc declines as a noun: tisíce, tisíci, tisícem (tisícího etc. are ordinals)"
cs,cardinal,199999999,masculine,locative,stodevadesátdevětmilionůdevětsetdevadesátdevěttisícímdevětsetdevadesátémdevátém,sto devadesát devět milionů devět set devadesát devět tisíc devět set devadesáti devíti,"tisíc declines as a noun: tisíce, tisíci, tisícem (tisícího etc. are ordinals)"
cs,cardinal,199999999,feminine,nominative,stodevadesátdevětmilionůdevětsetdevadesátdevěttisícdevětsetdevadesátdevět,sto devadesát devět milionů devět set devadesát devět tisíc devět set devadesát devět,spacing only
cs,cardinal,199999999,feminine,genitive,stodevadesátdevětmilionůdevětsetdevadesátdevěttisícídevětsetdevadesátéhodeváté,sto devadesát devět milionů devět set devadesát devět tisíc devět set devadesáti devíti,compounds decline as cardinals (v1 used ordinal forms)
cs,cardinal,199999999,feminine,dative,stodevadesátdevětmilionůdevětsetdevadesátdevěttisícídevětsetdevadesátémudeváté,sto devadesát devět milionů devět set devadesát devět tisíc devět set devadesáti devíti,compounds decline as cardinals (v1 used ordinal forms)
cs,cardinal,199999999,feminine,accusative,stodevadesátdevětmilionůdevětsetdevadesátdevěttisícdevětsetdevadesátdevět,sto devadesát devět milionů devět set devadesát devět tisíc devět set devadesát devět,spacing only
cs,cardinal,199999999,feminine,instrumental,stodevadesátdevětmilionůdevětsetdevadesátdevěttisícídevětsetdevadesátýmdevátou,sto devadesát devět milionů devět set devadesát devět tisíc devět set devadesáti devíti,compounds decline as cardinals (v1 used ordinal forms)
cs,cardinal,199999999,feminine,locative,stodevadesátdevětmilionůdevětsetdevadesátdevěttisícídevětsetdevadesátémdeváté,sto devadesát devět milionů devět set devadesát devět tisíc devět set devadesáti devíti,compounds decline as cardinals (v1 used ordinal forms)
cs,cardinal,199999999,neuter,nominative,stodevadesátdevětmilionůdevětsetdevadesátdevěttisícdevětsetdevadesátdevět,sto devadesát devět milionů devět set devadesát devět tisíc devět set devadesát devět,spacing only
cs,cardinal,199999999,neuter,genitive,stodevadesátdevětmilionůdevětsetdevadesátdevěttisícíhodevětsetdevadesátéhodevátého,sto devadesát devět milionů devět set devadesát devět tisíc devět set devadesáti devíti,"tisíc declines as a noun: tisíce, tisíci, tisícem (tisícího etc. are ordinals)"
cs,cardinal,199999999,neuter,dative,stodevadesátdevětmilionůdevětsetdevadesátdevěttisícímudevětsetdevadesátémudevátému,sto devadesát devět milionů devět set devadesát devět tisíc devět set devadesáti devíti,"tisíc declines as a noun: tisíce, tisíci, tisícem (tisícího etc. are ordinals)"
cs,cardinal,199999999,neuter,accusative,stodevadesátdevětmilionůdevětsetdevadesátdevěttisícdevětsetdevadesátdevět,sto devadesát devět milionů devět set devadesát devět tisíc devět set devadesát devět,spacing only
cs,cardinal,199999999,neuter,instrumental,stodevadesátdevětmilionůdevětsetdevadesátdevěttisícímdevětsetdevadesátýmdevátým,sto devadesát devět milionů devět set devadesát devět tisíc devět set devadesáti devíti,"tisíc declines as a noun: tisíce, tisíci, tisícem (tisícího etc. are ordinals)"
cs,cardinal,199999999,neuter,locative,stodevadesátdevětmilionůdevětsetdevadesátdevěttisícímdevětsetdevadesátémdevátém,sto devadesát devět milionů devět set devadesát devět tisíc devět set devadesáti devíti,"tisíc declines as a noun: tisíce, tisíci, tisícem (tisícího etc. are ordinals)"
cs,cardinal,1000000000,masculine,genitive,miliardtého,miliardy,"milion/miliarda are nouns (milionu, dvou milionů), not ordinals"
cs,cardinal,1000000000,masculine,dative,miliardtému,miliardě,"milion/miliarda are nouns (milionu, dvou milionů), not ordinals"
cs,cardinal,1000000000,masculine,accusative,miliarda,miliardu,miliarda: accusative miliardu
cs,cardinal,1000000000,masculine,instrumental,miliardtým,miliardou,"milion/miliarda are nouns (milionu, dvou milionů), not ordinals"
cs,cardinal,1000000000,masculine,locative,miliardtém,miliardě,"milion/miliarda are nouns (milionu, dvou milionů), not ordinals"
cs,cardinal,1000000000,feminine,genitive,miliardté,miliardy,"milion/miliarda are nouns (milionu, dvou milionů), not ordinals"
cs,cardinal,1000000000,feminine,dative,miliardté,miliardě,"milion/miliarda are nouns (milionu, dvou milionů), not ordinals"
cs,cardinal,1000000000,feminine,accusative,miliarda,miliardu,miliarda: accusative miliardu
cs,cardinal,1000000000,feminine,instrumental,miliardtou,miliardou,"milion/miliarda are nouns (milionu, dvou milionů), not ordinals"
cs,cardinal,1000000000,feminine,locative,miliardté,miliardě,"milion/miliarda are nouns (milionu, dvou milionů), not ordinals"
cs,cardinal,1000000000,neuter,genitive,miliardtého,miliardy,"milion/miliarda are nouns (milionu, dvou milionů), not ordinals"
cs,cardinal,1000000000,neuter,dative,miliardtému,miliardě,"milion/miliarda are nouns (milionu, dvou milionů), not ordinals"
cs,cardinal,1000000000,neuter,accusative,miliarda,miliardu,miliarda: accusative miliardu
cs,cardinal,1000000000,neuter,instrumental,miliardtým,miliardou,"milion/miliarda are nouns (milionu, dvou milionů), not ordinals"
cs,cardinal,1000000000,neuter,locative,miliardtém,miliardě,"milion/miliarda are nouns (milionu, dvou milionů), not ordinals"
cs,cardinal,1500000000,masculine,nominative,miliardapětsetmilionů,miliarda pět set milionů,spacing only
cs,cardinal,1500000000,masculine,genitive,miliardapětsetmiliontého,miliardy pěti set milionů,"milion/miliarda are nouns (milionu, dvou milionů), not ordinals"
cs,cardinal,1500000000,masculine,dative,miliardapětsetmiliontému,miliardě pěti stům milionům,"milion/miliarda are nouns (milionu, dvou milionů), not ordinals"
cs,cardinal,1500000000,masculine,accusative,miliardapětsetmilionů,miliardu pět set milionů,miliarda: accusative miliardu
cs,cardinal,1500000000,masculine,instrumental,miliardapětsetmiliontým,miliardou pěti sty miliony,"milion/miliarda are nouns (milionu, dvou milionů), not ordinals"
cs,cardinal,1500000000,masculine,locative,miliardapětsetmiliontém,miliardě pěti stech milionech,"milion/miliarda are nouns (milionu, dvou milionů), not ordinals"
cs,cardinal,1500000000,feminine,nominative,miliardapětsetmilionů,miliarda pět set milionů,spacing only
cs,cardinal,1500000000,feminine,genitive,miliardapětsetmilionté,miliardy pěti set milionů,"milion/miliarda are nouns (milionu, dvou milionů), not ordinals"
cs,cardinal,1500000000,feminine,dative,miliardapětsetmilionté,miliardě pěti stům milionům,"milion/miliarda are nouns (milionu, dvou milionů), not ordinals"
cs,cardinal,1500000000,feminine,accusative,miliardapětsetmilionů,miliardu pět set milionů,miliarda: accusative miliardu
cs,cardinal,1500000000,feminine,instrumental,miliardapětsetmiliontou,miliardou pěti sty miliony,"milion/miliarda are nouns (milionu, dvou milionů), not ordinals"
cs,cardinal,1500000000,feminine,locative,miliardapětsetmilionté,miliardě pěti stech milionech,"milion/miliarda are nouns (milionu, dvou milionů), not ordinals"
cs,cardinal,1500000000,neuter,nominative,miliardapětsetmilionů,miliarda pět set milionů,spacing only
cs,cardinal,1500000000,neuter,genitive,miliardapětsetmiliontého,miliardy pěti set milionů,"milion/miliarda are nouns (milionu, dvou milionů), not ordinals"
cs,cardinal,1500000000,neuter,dative,miliardapětsetmiliontému,miliardě pěti stům milionům,"milion/miliarda are nouns (milionu, dvou milionů), not ordinals"
cs,cardinal,1500000000,neuter,accusative,miliardapětsetmilionů,miliardu pět set milionů,miliarda: accusative miliardu
cs,cardinal,1500000000,neuter,instrumental,miliardapětsetmiliontým,miliardou pěti sty miliony,"milion/miliarda are nouns (milionu, dvou milionů), not ordinals"
cs,cardinal,1500000000,neuter,locative,miliardapětsetmiliontém,miliardě pěti stech milionech,"milion/miliarda are nouns (milionu, dvou milionů), not ordinals"
cs,cardinal,1999999999,masculine,nominative,miliardadevětsetdevadesátdevětmilionůdevětsetdevadesátdevěttisícdevětsetdevadesátdevět,miliarda devět set devadesát devět milionů devět set devadesát devět tisíc devět set devadesát devět,spacing only
cs,cardinal,1999999999,masculine,genitive,miliardadevětsetdevadesátdevětmilionůdevětsetdevadesátdevěttisícíhodevětsetdevadesátéhodevátého,miliarda devět set devadesát devět milionů devět set devadesát devět tisíc devět set devadesáti devíti,"tisíc declines as a noun: tisíce, tisíci, tisícem (tisícího etc. are ordinals)"
cs,cardinal,1999999999,masculine,dative,miliardadevětsetdevadesátdevětmilionůdevětsetdevadesátdevěttisícímudevětsetdevadesátémudevátému,miliarda devět set devadesát devět milionů devět set devadesát devět tisíc devět set devadesáti devíti,"tisíc declines as a noun: tisíce, tisíci, tisícem (tisícího etc. are ordinals)"
cs,cardinal,1999999999,masculine,accusative,miliardadevětsetdevadesátdevětmilionůdevětsetdevadesátdevěttisícdevětsetdevadesátdevět,miliardu devět set devadesát devět milionů devět set devadesát devět tisíc devět set devadesát devět,miliarda: accusative miliardu
cs,cardinal,1999999999,masculine,instrumental,miliardadevětsetdevadesátdevětmilionůdevětsetdevadesátdevěttisícímdevětsetdevadesátýmdevátým,miliarda devět set devadesát devět milionů devět set devadesát devět tisíc devět set devadesáti devíti,"tisíc declines as a noun: tisíce, tisíci, tisícem (tisícího etc. are ordinals)"
cs,cardinal,1999999999,masculine,locative,miliardadevětsetdevadesátdevětmilionůdevětsetdevadesátdevěttisícímdevětsetdevadesátémdevátém,miliarda devět set devadesát devět milionů devět set devadesát devět tisíc devět set devadesáti devíti,"tisíc declines as a noun: tisíce, tisíci, tisícem (tisícího etc. are ordinals)"
cs,cardinal,1999999999,feminine,nominative,miliardadevětsetdevadesátdevětmilionůdevětsetdevadesátdevěttisícdevětsetdevadesátdevět,miliarda devět set devadesát devět milionů devět set devadesát devět tisíc devět set devadesát devět,spacing only
cs,cardinal,1999999999,feminine,genitive,miliardadevětsetdevadesátdevětmilionůdevětsetdevadesátdevěttisícídevětsetdevadesátéhodeváté,miliarda devět set devadesát devět milionů devět set devadesát devět tisíc devět set devadesáti devíti,compounds decline as cardinals (v1 used ordinal forms)
cs,cardinal,1999999999,feminine,dative,miliardadevětsetdevadesátdevětmilionůdevětsetdevadesátdevěttisícídevětsetdevadesátémudeváté,miliarda devět set devadesát devět milionů devět set devadesát devět tisíc devět set devadesáti devíti,compounds decline as cardinals (v1 used ordinal forms)
cs,cardinal,1999999999,feminine,accusative,miliardadevětsetdevadesátdevětmilionůdevětsetdevadesátdevěttisícdevětsetdevadesátdevět,miliardu devět set devadesát devět milionů devět set devadesát devět tisíc devět set devadesát devět,miliarda: accusative miliardu
cs,cardinal,1999999999,feminine,instrumental,miliardadevětsetdevadesátdevětmilionůdevětsetdevadesátdevěttisícídevětsetdevadesátýmdevátou,miliarda devět set devadesát devět milionů devět set devadesát devět tisíc devět set devadesáti devíti,compounds decline as cardinals (v1 used ordinal forms)
cs,cardinal,1999999999,feminine,locative,miliardadevětsetdevadesátdevětmilionůdevětsetdevadesátdevěttisícídevětsetdevadesátémdeváté,miliarda devět set devadesát devět milionů devět set devadesát devět tisíc devět set devadesáti devíti,compounds decline as cardinals (v1 used ordinal forms)
cs,cardinal,1999999999,neuter,nominative,miliardadevětsetdevadesátdevětmilionůdevětsetdevadesátdevěttisícdevětsetdevadesátdevět,miliarda devět set devadesát devět milionů devět set devadesát devět tisíc devět set devadesát devět,spacing only
cs,cardinal,1999999999,neuter,genitive,miliardadevětsetdevadesátdevětmilionůdevětsetdevadesátdevěttisícíhodevětsetdevadesátéhodevátého,miliarda devět set devadesát devět milionů devět set devadesát devět tisíc devět set devadesáti devíti,"tisíc declines as a noun: tisíce, tisíci, tisícem (tisícího etc. are ordinals)"
cs,cardinal,1999999999,neuter,dative,miliardadevětsetdevadesátdevětmilionůdevětsetdevadesátdevěttisícímudevětsetdevadesátémudevátému,miliarda devět set devadesát devět milionů devět set devadesát devět tisíc devět set devadesáti devíti,"tisíc declines as a noun: tisíce, tisíci, tisícem (tisícího etc. are ordinals)"
cs,cardinal,1999999999,neuter,accusative,miliardadevětsetdevadesátdevětmilionůdevětsetdevadesátdevěttisícdevětsetdevadesátdevět,miliardu devět set devadesát devět milionů devět set devadesát devět tisíc devět set devadesát devět,miliarda: accusative miliardu
cs,cardinal,1999999999,neuter,instrumental,miliardadevětsetdevadesátdevětmilionůdevětsetdevadesátdevěttisícímdevětsetdevadesátýmdevátým,miliarda devět set devadesát devět milionů devět set devadesát devět tisíc devět set devadesáti devíti,"tisíc declines as a noun: tisíce, tisíci, tisícem (tisícího etc. are ordinals)"
cs,cardinal,1999999999,neuter,locative,miliardadevětsetdevadesátdevětmilionůdevětsetdevadesátdevěttisícímdevětsetdevadesátémdevátém,miliarda devět set devadesát devět milionů devět set devadesát devět tisíc devět set devadesáti devíti,"tisíc declines as a noun: tisíce, tisíci, tisícem (tisícího etc. are ordinals)"
cs,cardinal,2000000000,masculine,nominative,dvěmiliardy,dvě miliardy,spacing only
cs,cardinal,2000000000,masculine,genitive,dvěmiliardtého,dvou miliard,"milion/miliarda are nouns (milionu, dvou milionů), not ordinals"
cs,cardinal,2000000000,masculine,dative,dvěmiliardtému,dvěma miliardám,"milion/miliarda are nouns (milionu, dvou milionů), not ordinals"
cs,cardinal,2000000000,masculine,accusative,dvěmiliardy,dvě miliardy,spacing only
cs,cardinal,2000000000,masculine,instrumental,dvěmiliardtým,dvěma miliardami,"milion/miliarda are nouns (milionu, dvou milionů), not ordinals"
cs,cardinal,2000000000,masculine,locative,dvěmiliardtém,dvou miliardách,"milion/miliarda are nouns (milionu, dvou milionů), not ordinals"
cs,cardinal,2000000000,feminine,nominative,dvěmiliardy,dvě miliardy,spacing only
cs,cardinal,2000000000,feminine,genitive,dvěmiliardté,dvou miliard,"milion/miliarda are nouns (milionu, dvou milionů), not ordinals"
cs,cardinal,2000000000,feminine,dative,dvěmiliardté,dvěma miliardám,"milion/miliarda are nouns (milionu, dvou milionů), not ordinals"
cs,cardinal,2000000000,feminine,accusative,dvěmiliardy,dvě miliardy,spacing only
cs,cardinal,2000000000,feminine,instrumental,dvěmiliardtou,dvěma miliardami,"milion/miliarda are nouns (milionu, dvou milionů), not ordinals"
cs,cardinal,2000000000,feminine,locative,dvěmiliardté,dvou miliardách,"milion/miliarda are nouns (milionu, dvou milionů), not ordinals"
cs,cardinal,2000000000,neuter,nominative,dvěmiliardy,dvě miliardy,spacing only
cs,cardinal,2000000000,neuter,genitive,dvěmiliardtého,dvou miliard,"milion/miliarda are nouns (milionu, dvou milionů), not ordinals"
cs,cardinal,2000000000,neuter,dative,dvěmiliardtému,dvěma miliardám,"milion/miliarda are nouns (milionu, dvou milionů), not ordinals"
cs,cardinal,2000000000,neuter,accusative,dvěmiliardy,dvě miliardy,spacing only
cs,cardinal,2000000000,neuter,instrumental,dvěmiliardtým,dvěma miliardami,"milion/miliarda are nouns (milionu, dvou milionů), not ordinals"
cs,cardinal,2000000000,neuter,locative,dvěmiliardtém,dvou miliardách,"milion/miliarda are nouns (milionu, dvou milionů), not ordinals"
cs,cardinal,2500000000,masculine,nominative,dvěmiliardypětsetmilionů,dvě miliardy pět set milionů,spacing only
cs,cardinal,2500000000,masculine,genitive,dvěmiliardypětsetmiliontého,dvou miliard pěti set milionů,"milion/miliarda are nouns (milionu, dvou milionů), not ordinals"
cs,cardinal,2500000000,masculine,dative,dvěmiliardypětsetmiliontému,dvěma miliardám pěti stům milionům,"milion/miliarda are nouns (milionu, dvou milionů), not ordinals"
cs,cardinal,2500000000,masculine,accusative,dvěmiliardypětsetmilionů,dvě miliardy pět set milionů,spacing only
cs,cardinal,2500000000,masculine,instrumental,dvěmiliardypětsetmiliontým,dvěma miliardami pěti sty miliony,"milion/miliarda are nouns (milionu, dvou milionů), not ordinals"
cs,cardinal,2500000000,masculine,locative,dvěmiliardypětsetmiliontém,dvou miliardách pěti stech milionech,"milion/miliarda are nouns (milionu, dvou milionů), not ordinals"
cs,cardinal,2500000000,feminine,nominative,dvěmiliardypětsetmilionů,dvě miliardy pět set milionů,spacing only
cs,cardinal,2500000000,feminine,genitive,dvěmiliardypětsetmilionté,dvou miliard pěti set milionů,"milion/miliarda are nouns (milionu, dvou milionů), not ordinals"
cs,cardinal,2500000000,feminine,dative,dvěmiliardypětsetmilionté,dvěma miliardám pěti stům milionům,"milion/miliarda are nouns (milionu, dvou milionů), not ordinals"
cs,cardinal,2500000000,feminine,accusative,dvěmiliardypětsetmilionů,dvě miliardy pět set milionů,spacing only
cs,cardinal,2500000000,feminine,instrumental,dvěmiliardypětsetmiliontou,dvěma miliardami pěti sty miliony,"milion/miliarda are nouns (milionu, dvou milionů), not ordinals"
cs,cardinal,2500000000,feminine,locative,dvěmiliardypětsetmilionté,dvou miliardách pěti stech milionech,"milion/miliarda are nouns (milionu, dvou milionů), not ordinals"
cs,cardinal,2500000000,neuter,nominative,dvěmiliardypětsetmilionů,dvě miliardy pět set milionů,spacing only
cs,cardinal,2500000000,neuter,genitive,dvěmiliardypětsetmiliontého,dvou miliard pěti set milionů,"milion/miliarda are nouns (milionu, dvou milionů), not ordinals"
cs,cardinal,2500000000,neuter,dative,dvěmiliardypětsetmiliontému,dvěma miliardám pěti stům milionům,"milion/miliarda are nouns (milionu, dvou milionů), not ordinals"
cs,cardinal,2500000000,neuter,accusative,dvěmiliardypětsetmilionů,dvě miliardy pět set milionů,spacing only
cs,cardinal,2500000000,neuter,instrumental,dvěmiliardypětsetmiliontým,dvěma miliardami pěti sty miliony,"milion/miliarda are nouns (milionu, dvou milionů), not ordinals"
cs,cardinal,2500000000,neuter,locative,dvěmiliardypětsetmiliontém,dvou miliardách pěti stech milionech,"milion/miliarda are nouns (milionu, dvou milionů), not ordinals"
cs,cardinal,2999999999,masculine,nominative,dvěmiliardydevětsetdevadesátdevětmilionůdevětsetdevadesátdevěttisícdevětsetdevadesátdevět,dvě miliardy devět set devadesát devět milionů devět set devadesát devět tisíc devět set devadesát devět,spacing only
cs,cardinal,2999999999,masculine,genitive,dvěmiliardydevětsetdevadesátdevětmilionůdevětsetdevadesátdevěttisícíhodevětsetdevadesátéhodevátého,dvě miliardy devět set devadesát devět milionů devět set devadesát devět tisíc devět set devadesáti devíti,"tisíc declines as a noun: tisíce, tisíci, tisícem (tisícího etc. are ordinals)"
cs,cardinal,2999999999,masculine,dative,dvěmiliardydevětsetdevadesátdevětmilionůdevětsetdevadesátdevěttisícímudevětsetdevadesátémudevátému,dvě miliardy devět set devadesát devět milionů devět set devadesát devět tisíc devět set devadesáti devíti,"tisíc declines as a noun: tisíce, tisíci, tisícem (tisícího etc. are ordinals)"
cs,cardinal,2999999999,masculine,accusative,dvěmiliardydevětsetdevadesátdevětmilionůdevětsetdevadesátdevěttisícdevětsetdevadesátdevět,dvě miliardy devět set devadesát devět milionů devět set devadesát devět tisíc devět set devadesát devět,spacing only
cs,cardinal,2999999999,masculine,instrumental,dvěmiliardydevětsetdevadesátdevětmilionůdevětsetdevadesátdevěttisícímdevětsetdevadesátýmdevátým,dvě miliardy devět set devadesát devět milionů devět set devadesát devět tisíc devět set devadesáti devíti,"tisíc declines as a noun: tisíce, tisíci, tisícem (tisícího etc. are ordinals)"
cs,cardinal,2999999999,masculine,locative,dvěmiliardydevětsetdevadesátdevětmilionůdevětsetdevadesátdevěttisícímdevětsetdevadesátémdevátém,dvě miliardy devět set devadesát devět milionů devět set devadesát devět tisíc devět set devadesáti devíti,"tisíc declines as a noun: tisíce, tisíci, tisícem (tisícího etc. are ordinals)"
cs,cardinal,2999999999,feminine,nominative,dvěmiliardydevětsetdevadesátdevětmilionůdevětsetdevadesátdevěttisícdevětsetdevadesátdevět,dvě miliardy devět set devadesát devět milionů devět set devadesát devět tisíc devět set devadesát devět,spacing only
cs,cardinal,2999999999,feminine,genitive,dvěmiliardydevětsetdevadesátdevětmilionůdevětsetdevadesátdevěttisícídevětsetdevadesátéhodeváté,dvě miliardy devět set devadesát devět milionů devět set devadesát devět tisíc devět set devadesáti devíti,compounds decline as cardinals (v1 used ordinal forms)
cs,cardinal,2999999999,feminine,dative,dvěmiliardydevětsetdevadesátdevětmilionůdevětsetdevadesátdevěttisícídevětsetdevadesátémudeváté,dvě miliardy devět set devadesát devět milionů devět set devadesát devět tisíc devět set devadesáti devíti,compounds decline as cardinals (v1 used ordinal forms)
cs,cardinal,2999999999,feminine,accusative,dvěmiliardydevětsetdevadesátdevětmilionůdevětsetdevadesátdevěttisícdevětsetdevadesátdevět,dvě miliardy devět set devadesát devět milionů devět set devadesát devět tisíc devět set devadesát devět,spacing only
cs,cardinal,2999999999,feminine,instrumental,dvěmiliardydevětsetdevadesátdevětmilionůdevětsetdevadesátdevěttisícídevětsetdevadesátýmdevátou,dvě miliardy devět set devadesát devět milionů devět set devadesát devět tisíc devět set devadesáti devíti,compounds decline as cardinals (v1 used ordinal forms)
cs,cardinal,2999999999,feminine,locative,dvěmiliardydevětsetdevadesátdevětmilionůdevětsetdevadesátdevěttisícídevětsetdevadesátémdeváté,dvě miliardy devět set devadesát devět milionů devět set devadesát devět tisíc devět set devadesáti devíti,compounds decline as cardinals (v1 used ordinal forms)
cs,cardinal,2999999999,neuter,nominative,dvěmiliardydevětsetdevadesátdevětmilionůdevětsetdevadesátdevěttisícdevětsetdevadesátdevět,dvě miliardy devět set devadesát devět milionů devět set devadesát devět tisíc devět set devadesát devět,spacing only
cs,cardinal,2999999999,neuter,genitive,dvěmiliardydevětsetdevadesátdevětmilionůdevětsetdevadesátdevěttisícíhodevětsetdevadesátéhodevátého,dvě miliardy devět set devadesát devět milionů devět set devadesát devět tisíc devět set devadesáti devíti,"tisíc declines as a noun: tisíce, tisíci, tisícem (tisícího etc. are ordinals)"
cs,cardinal,2999999999,neuter,dative,dvěmiliardydevětsetdevadesátdevětmilionůdevětsetdevadesátdevěttisícímudevětsetdevadesátémudevátému,dvě miliardy devět set devadesát devět milionů devět set devadesát devět tisíc devět set devadesáti devíti,"tisíc declines as a noun: tisíce, tisíci, tisícem (tisícího etc. are ordinals)"
cs,cardinal,2999999999,neuter,accusative,dvěmiliardydevětsetdevadesátdevětmilionůdevětsetdevadesátdevěttisícdevětsetdevadesátdevět,dvě miliardy devět set devadesát devět milionů devět set devadesát devět tisíc devět set devadesát devět,spacing only
cs,cardinal,2999999999,neuter,instrumental,dvěmiliardydevětsetdevadesátdevětmilionůdevětsetdevadesátdevěttisícímdevětsetdevadesátýmdevátým,dvě miliardy devět set devadesát devět milionů devět set devadesát devět tisíc devět set devadesáti devíti,"tisíc declines as a noun: tisíce, tisíci, tisícem (tisícího etc. are ordinals)"
cs,cardinal,2999999999,neuter,locative,dvěmiliardydevětsetdevadesátdevětmilionůdevětsetdevadesátdevěttisícímdevětsetdevadesátémdevátém,dvě miliardy devět set devadesát devět milionů devět set devadesát devět tisíc devět set devadesáti devíti,"tisíc declines as a noun: tisíce, tisíci, tisícem (tisícího etc. are ordinals)"
cs,ordinal,1,masculine,accusative,prvního,první,masc. accusative: inanimate by default (animacy= gives the old form)
cs,ordinal,2,masculine,accusative,druhého,druhý,masc. accusative: inanimate by default (animacy= gives the old form)
cs,ordinal,3,masculine,accusative,třetího,třetí,masc. accusative: inanimate by default (animacy= gives the old form)
cs,ordinal,4,masculine,accusative,čtvrtého,čtvrtý,masc. accusative: inanimate by default (animacy= gives the old form)
cs,ordinal,5,masculine,accusative,pátého,pátý,masc. accusative: inanimate by default (animacy= gives the old form)
cs,ordinal,6,masculine,accusative,šestého,šestý,masc. accusative: inanimate by default (animacy= gives the old form)
cs,ordinal,7,masculine,accusative,sedmého,sedmý,masc. accusative: inanimate by default (animacy= gives the old form)
cs,ordinal,8,masculine,accusative,osmého,osmý,masc. accusative: inanimate by default (animacy= gives the old form)
cs,ordinal,9,masculine,accusative,devátého,devátý,masc. accusative: inanimate by default (animacy= gives the old form)
cs,ordinal,10,masculine,accusative,desátého,desátý,masc. accusative: inanimate by default (animacy= gives the old form)
cs,ordinal,11,masculine,accusative,jedenáctého,jedenáctý,masc. accusative: inanimate by default (animacy= gives the old form)
cs,ordinal,12,masculine,accusative,dvanáctého,dvanáctý,masc. accusative: inanimate by default (animacy= gives the old form)
cs,ordinal,13,masculine,accusative,třináctého,třináctý,masc. accusative: inanimate by default (animacy= gives the old form)
cs,ordinal,14,masculine,accusative,čtrnáctého,čtrnáctý,masc. accusative: inanimate by default (animacy= gives the old form)
cs,ordinal,15,masculine,accusative,patnáctého,patnáctý,masc. accusative: inanimate by default (animacy= gives the old form)
cs,ordinal,16,masculine,accusative,šestnáctého,šestnáctý,masc. accusative: inanimate by default (animacy= gives the old form)
cs,ordinal,17,masculine,accusative,sedmnáctého,sedmnáctý,masc. accusative: inanimate by default (animacy= gives the old form)
cs,ordinal,18,masculine,accusative,osmnáctého,osmnáctý,masc. accusative: inanimate by default (animacy= gives the old form)
cs,ordinal,19,masculine,accusative,devatenáctého,devatenáctý,masc. accusative: inanimate by default (animacy= gives the old form)
cs,ordinal,20,masculine,accusative,dvacátého,dvacátý,masc. accusative: inanimate by default (animacy= gives the old form)
cs,ordinal,21,masculine,nominative,dvacátýprvní,dvacátý první,spacing only
cs,ordinal,21,masculine,genitive,dvacátéhoprvního,dvacátého prvního,spacing only
cs,ordinal,21,masculine,dative,dvacátémuprvnímu,dvacátému prvnímu,spacing only
cs,ordinal,21,masculine,accusative,dvacátéhoprvního,dvacátý první,masc. accusative: inanimate by default (animacy= gives the old form)
cs,ordinal,21,masculine,instrumental,dvacátýmprvním,dvacátým prvním,spacing only
cs,ordinal,21,masculine,locative,dvacátémprvním,dvacátém prvním,spacing only
cs,ordinal,21,feminine,nominative,dvacátáprvní,dvacátá první,spacing only
cs,ordinal,21,feminine,genitive,dvacátéprvní,dvacáté první,spacing only
cs,ordinal,21,feminine,dative,dvacátéprvní,dvacáté první,spacing only
cs,ordinal,21,feminine,accusative,dvacátouprvní,dvacátou první,spacing only
cs,ordinal,21,feminine,instrumental,dvacátouprvní,dvacátou první,spacing only
cs,ordinal,21,feminine,locative,dvacátéprvní,dvacáté první,spacing only
cs,ordinal,21,neuter,nominative,dvacátéprvní,dvacáté první,spacing only
cs,ordinal,21,neuter,genitive,dvacátéhoprvního,dvacátého prvního,spacing only
cs,ordinal,21,neuter,dative,dvacátémuprvnímu,dvacátému prvnímu,spacing only
cs,ordinal,21,neuter,accusative,dvacátéprvní,dvacáté první,spacing only
cs,ordinal,21,neuter,instrumental,dvacátýmprvním,dvacátým prvním,spacing only
cs,ordinal,21,neuter,locative,dvacátémprvním,dvacátém prvním,spacing only
cs,ordinal,22,masculine,nominative,dvacátýdruhý,dvacátý druhý,spacing only
cs,ordinal,22,masculine,genitive,dvacátéhodruhého,dvacátého druhého,spacing only
cs,ordinal,22,masculine,dative,dvacátémudruhému,dvacátému druhému,spacing only
cs,ordinal,22,masculine,accusative,dvacátéhodruhého,dvacátý druhý,masc. accusative: inanimate by default (animacy= gives the old form)
cs,ordinal,22,masculine,instrumental,dvacátýmdruhým,dvacátým druhým,spacing only
cs,ordinal,22,masculine,locative,dvacátémdruhém,dvacátém druhém,spacing only
cs,ordinal,22,feminine,nominative,dvacátádruhá,dvacátá druhá,spacing only
cs,ordinal,22,feminine,genitive,dvacátédruhé,dvacáté druhé,spacing only
cs,ordinal,22,feminine,dative,dvacátédruhé,dvacáté druhé,spacing only
cs,ordinal,22,feminine,accusative,dvacátoudruhou,dvacátou druhou,spacing only
cs,ordinal,22,feminine,instrumental,dvacátoudruhou,dvacátou druhou,spacing only
cs,ordinal,22,feminine,locative,dvacátédruhé,dvacáté druhé,spacing only
cs,ordinal,22,neuter,nominative,dvacátédruhé,dvacáté druhé,spacing only
cs,ordinal,22,neuter,genitive,dvacátéhodruhého,dvacátého druhého,spacing only
cs,ordinal,22,neuter,dative,dvacátémudruhému,dvacátému druhému,spacing only
cs,ordinal,22,neuter,accusative,dvacátédruhé,dvacáté druhé,spacing only
cs,ordinal,22,neuter,instrumental,dvacátýmdruhým,dvacátým druhým,spacing only
cs,ordinal,22,neuter,locative,dvacátémdruhém,dvacátém druhém,spacing only
cs,ordinal,30,masculine,accusative,třicátého,třicátý,masc. accusative: inanimate by default (animacy= gives the old form)
cs,ordinal,33,masculine,nominative,třicátýtřetí,třicátý třetí,spacing only
cs,ordinal,33,masculine,genitive,třicátéhotřetího,třicátého třetího,spacing only
cs,ordinal,33,masculine,dative,třicátémutřetímu,třicátému třetímu,spacing only
cs,ordinal,33,masculine,accusative,třicátéhotřetího,třicátý třetí,masc. accusative: inanimate by default (animacy= gives the old form)
cs,ordinal,33,masculine,instrumental,třicátýmtřetím,třicátým třetím,spacing only
cs,ordinal,33,masculine,locative,třicátémtřetím,třicátém třetím,spacing only
cs,ordinal,33,feminine,nominative,třicátátřetí,třicátá třetí,spacing only
cs,ordinal,33,feminine,genitive,třicátétřetí,třicáté třetí,spacing only
cs,ordinal,33,feminine,dative,třicátétřetí,třicáté třetí,spacing only
cs,ordinal,33,feminine,accusative,třicátoutřetí,třicátou třetí,spacing only
cs,ordinal,33,feminine,instrumental,třicátoutřetí,třicátou třetí,spacing only
cs,ordinal,33,feminine,locative,třicátétřetí,třicáté třetí,spacing only
cs,ordinal,33,neuter,nominative,třicátétřetí,třicáté třetí,spacing only
cs,ordinal,33,neuter,genitive,třicátéhotřetího,třicátého třetího,spacing only
cs,ordinal,33,neuter,dative,třicátémutřetímu,třicátému třetímu,spacing only
cs,ordinal,33,neuter,accusative,třicátétřetí,třicáté třetí,spacing only
cs,ordinal,33,neuter,instrumental,třicátýmtřetím,třicátým třetím,spacing only
cs,ordinal,33,neuter,locative,třicátémtřetím,třicátém třetím,spacing only
cs,ordinal,40,masculine,accusative,čtyřicátého,čtyřicátý,masc. accusative: inanimate by default (animacy= gives the old form)
cs,ordinal,44,masculine,nominative,čtyřicátýčtvrtý,čtyřicátý čtvrtý,spacing only
cs,ordinal,44,masculine,genitive,čtyřicátéhočtvrtého,čtyřicátého čtvrtého,spacing only
cs,ordinal,44,masculine,dative,čtyřicátémučtvrtému,čtyřicátému čtvrtému,spacing only
cs,ordinal,44,masculine,accusative,čtyřicátéhočtvrtého,čtyřicátý čtvrtý,masc. accusative: inanimate by default (animacy= gives the old form)
cs,ordinal,44,masculine,instrumental,čtyřicátýmčtvrtým,čtyřicátým čtvrtým,spacing only
cs,ordinal,44,masculine,locative,čtyřicátémčtvrtém,čtyřicátém čtvrtém,spacing only
cs,ordinal,44,feminine,nominative,čtyřicátáčtvrtá,čtyřicátá čtvrtá,spacing only
cs,ordinal,44,feminine,genitive,čtyřicátéčtvrté,čtyřicáté čtvrté,spacing only
cs,ordinal,44,feminine,dative,čtyřicátéčtvrté,čtyřicáté čtvrté,spacing only
cs,ordinal,44,feminine,accusative,čtyřicátoučtvrtou,čtyřicátou čtvrtou,spacing only
cs,ordinal,44,feminine,instrumental,čtyřicátoučtvrtou,čtyřicátou čtvrtou,spacing only
cs,ordinal,44,feminine,locative,čtyřicátéčtvrté,čtyřicáté čtvrté,spacing only
cs,ordinal,44,neuter,nominative,čtyřicátéčtvrté,čtyřicáté čtvrté,spacing only
cs,ordinal,44,neuter,genitive,čtyřicátéhočtvrtého,čtyřicátého čtvrtého,spacing only
cs,ordinal,44,neuter,dative,čtyřicátémučtvrtému,čtyřicátému čtvrtému,spacing only
cs,ordinal,44,neuter,accusative,čtyřicátéčtvrté,čtyřicáté čtvrté,spacing only
cs,ordinal,44,neuter,instrumental,čtyřicátýmčtvrtým,čtyřicátým čtvrtým,spacing only
cs,ordinal,44,neuter,locative,čtyřicátémčtvrtém,čtyřicátém čtvrtém,spacing only
cs,ordinal,50,masculine,accusative,padesátého,padesátý,masc. accusative: inanimate by default (animacy= gives the old form)
cs,ordinal,55,masculine,nominative,padesátýpátý,padesátý pátý,spacing only
cs,ordinal,55,masculine,genitive,padesátéhopátého,padesátého pátého,spacing only
cs,ordinal,55,masculine,dative,padesátémupátému,padesátému pátému,spacing only
cs,ordinal,55,masculine,accusative,padesátéhopátého,padesátý pátý,masc. accusative: inanimate by default (animacy= gives the old form)
cs,ordinal,55,masculine,instrumental,padesátýmpátým,padesátým pátým,spacing only
cs,ordinal,55,masculine,locative,padesátémpátém,padesátém pátém,spacing only
cs,ordinal,55,feminine,nominative,padesátápátá,padesátá pátá,spacing only
cs,ordinal,55,feminine,genitive,padesátépáté,padesáté páté,spacing only
cs,ordinal,55,feminine,dative,padesátépáté,padesáté páté,spacing only
cs,ordinal,55,feminine,accusative,padesátoupátou,padesátou pátou,spacing only
cs,ordinal,55,feminine,instrumental,padesátoupátou,padesátou pátou,spacing only
cs,ordinal,55,feminine,locative,padesátépáté,padesáté páté,spacing only
cs,ordinal,55,neuter,nominative,padesátépáté,padesáté páté,spacing only
cs,ordinal,55,neuter,genitive,padesátéhopátého,padesátého pátého,spacing only
cs,ordinal,55,neuter,dative,padesátémupátému,padesátému pátému,spacing only
cs,ordinal,55,neuter,accusative,padesátépáté,padesáté páté,spacing only
cs,ordinal,55,neuter,instrumental,padesátýmpátým,padesátým pátým,spacing only
cs,ordinal,55,neuter,locative,padesátémpátém,padesátém pátém,spacing only
cs,ordinal,60,masculine,accusative,šedesátého,šedesátý,masc. accusative: inanimate by default (animacy= gives the old form)
cs,ordinal,70,masculine,accusative,sedmdesátého,sedmdesátý,masc. accusative: inanimate by default (animacy= gives the old form)
cs,ordinal,80,masculine,accusative,osmdesátého,osmdesátý,masc. accusative: inanimate by default (animacy= gives the old form)
cs,ordinal,90,masculine,accusative,devadesátého,devadesátý,masc. accusative: inanimate by default (animacy= gives the old form)
cs,ordinal,99,masculine,nominative,devadesátýdevátý,devadesátý devátý,spacing only
cs,ordinal,99,masculine,genitive,devadesátéhodevátého,devadesátého devátého,spacing only
cs,ordinal,99,masculine,dative,devadesátémudevátému,devadesátému devátému,spacing only
cs,ordinal,99,masculine,accusative,devadesátéhodevátého,devadesátý devátý,masc. accusative: inanimate by default (animacy= gives the old form)
cs,ordinal,99,masculine,instrumental,devadesátýmdevátým,devadesátým devátým,spacing only
cs,ordinal,99,masculine,locative,devadesátémdevátém,devadesátém devátém,spacing only
cs,ordinal,99,feminine,nominative,devadesátádevátá,devadesátá devátá,spacing only
cs,ordinal,99,feminine,genitive,devadesátédeváté,devadesáté deváté,spacing only
cs,ordinal,99,feminine,dative,devadesátédeváté,devadesáté deváté,spacing only
cs,ordinal,99,feminine,accusative,devadesátoudevátou,devadesátou devátou,spacing only
cs,ordinal,99,feminine,instrumental,devadesátoudevátou,devadesátou devátou,spacing only
cs,ordinal,99,feminine,locative,devadesátédeváté,devadesáté deváté,spacing only
cs,ordinal,99,neuter,nominative,devadesátédeváté,devadesáté deváté,spacing only
cs,ordinal,99,neuter,genitive,devadesátéhodevátého,devadesátého devátého,spacing only
cs,ordinal,99,neuter,dative,devadesátémudevátému,devadesátému devátému,spacing only
cs,ordinal,99,neuter,accusative,devadesátédeváté,devadesáté deváté,spacing only
cs,ordinal,99,neuter,instrumental,devadesátýmdevátým,devadesátým devátým,spacing only
cs,ordinal,99,neuter,locative,devadesátémdevátém,devadesátém devátém,spacing only
cs,ordinal,100,masculine,accusative,stého,stý,masc. accusative: inanimate by default (animacy= gives the old form)
cs,ordinal,101,masculine,nominative,stýprvní,sto první,"compound ordinals: cardinal prefix + declined ordinal ending, separate words (sto první)"
cs,ordinal,101,masculine,genitive,stýprvního,sto prvního,"compound ordinals: cardinal prefix + declined ordinal ending, separate words (sto první)"
cs,ordinal,101,masculine,dative,stýprvnímu,sto prvnímu,"compound ordinals: cardinal prefix + declined ordinal ending, separate words (sto první)"
cs,ordinal,101,masculine,accusative,stýprvního,sto první,"compound ordinals: cardinal prefix + declined ordinal ending, separate words (sto první)"
cs,ordinal,101,masculine,instrumental,stýprvním,sto prvním,"compound ordinals: cardinal prefix + declined ordinal ending, separate words (sto první)"
cs,ordinal,101,masculine,locative,stýprvním,sto prvním,"compound ordinals: cardinal prefix + declined ordinal ending, separate words (sto první)"
cs,ordinal,101,feminine,nominative,stáprvní,sto první,"compound ordinals: cardinal prefix + declined ordinal ending, separate words (sto první)"
cs,ordinal,101,feminine,genitive,stáprvní,sto první,"compound ordinals: cardinal prefix + declined ordinal ending, separate words (sto první)"
cs,ordinal,101,feminine,dative,stáprvní,sto první,"compound ordinals: cardinal prefix + declined ordinal ending, separate words (sto první)"
cs,ordinal,101,feminine,accusative,stáprvní,sto první,"compound ordinals: cardinal prefix + declined ordinal ending, separate words (sto první)"
cs,ordinal,101,feminine,instrumental,stáprvní,sto první,"compound ordinals: cardinal prefix + declined ordinal ending, separate words (sto první)"
cs,ordinal,101,feminine,locative,stáprvní,sto první,"compound ordinals: cardinal prefix + declined ordinal ending, separate words (sto první)"
cs,ordinal,101,neuter,nominative,stéprvní,sto první,"compound ordinals: cardinal prefix + declined ordinal ending, separate words (sto první)"
cs,ordinal,101,neuter,genitive,stéprvního,sto prvního,"compound ordinals: cardinal prefix + declined ordinal ending, separate words (sto první)"
cs,ordinal,101,neuter,dative,stéprvnímu,sto prvnímu,"compound ordinals: cardinal prefix + declined ordinal ending, separate words (sto první)"
cs,ordinal,101,neuter,accusative,stéprvní,sto první,"compound ordinals: cardinal prefix + declined ordinal ending, separate words (sto první)"
cs,ordinal,101,neuter,instrumental,stéprvním,sto prvním,"compound ordinals: cardinal prefix + declined ordinal ending, separate words (sto první)"
cs,ordinal,101,neuter,locative,stéprvním,sto prvním,"compound ordinals: cardinal prefix + declined ordinal ending, separate words (sto první)"
cs,ordinal,111,masculine,nominative,stýjedenáctý,sto jedenáctý,"compound ordinals: cardinal prefix + declined ordinal ending, separate words (sto první)"
cs,ordinal,111,masculine,genitive,stýjedenáctého,sto jedenáctého,"compound ordinals: cardinal prefix + declined ordinal ending, separate words (sto první)"
cs,ordinal,111,masculine,dative,stýjedenáctému,sto jedenáctému,"compound ordinals: cardinal prefix + declined ordinal ending, separate words (sto první)"
cs,ordinal,111,masculine,accusative,stýjedenáctého,sto jedenáctý,"compound ordinals: cardinal prefix + declined ordinal ending, separate words (sto první)"
cs,ordinal,111,masculine,instrumental,stýjedenáctým,sto jedenáctým,"compound ordinals: cardinal prefix + declined ordinal ending, separate words (sto první)"
cs,ordinal,111,masculine,locative,stýjedenáctém,sto jedenáctém,"compound ordinals: cardinal prefix + declined ordinal ending, separate words (sto první)"
cs,ordinal,111,feminine,nominative,stájedenáctá,sto jedenáctá,"compound ordinals: cardinal prefix + declined ordinal ending, separate words (sto první)"
cs,ordinal,111,feminine,genitive,stájedenácté,sto jedenácté,"compound ordinals: cardinal prefix + declined ordinal ending, separate words (sto první)"
cs,ordinal,111,feminine,dative,stájedenácté,sto jedenácté,"compound ordinals: cardinal prefix + declined ordinal ending, separate words (sto první)"
cs,ordinal,111,feminine,accusative,stájedenáctou,sto jedenáctou,"compound ordinals: cardinal prefix + declined ordinal ending, separate words (sto první)"
cs,ordinal,111,feminine,instrumental,stájedenáctou,sto jedenáctou,"compound ordinals: cardinal prefix + declined ordinal ending, separate words (sto první)"
cs,ordinal,111,feminine,locative,stájedenácté,sto jedenácté,"compound ordinals: cardinal prefix + declined ordinal ending, separate words (sto první)"
cs,ordinal,111,neuter,nominative,stéjedenácté,sto jedenácté,"compound ordinals: cardinal prefix + declined ordinal ending, separate words (sto první)"
cs,ordinal,111,neuter,genitive,stéjedenáctého,sto jedenáctého,"compound ordinals: cardinal prefix + declined ordinal ending, separate words (sto první)"
cs,ordinal,111,neuter,dative,stéjedenáctému,sto jedenáctému,"compound ordinals: cardinal prefix + declined ordinal ending, separate words (sto první)"
cs,ordinal,111,neuter,accusative,stéjedenácté,sto jedenácté,"compound ordinals: cardinal prefix + declined ordinal ending, separate words (sto první)"
cs,ordinal,111,neuter,instrumental,stéjedenáctým,sto jedenáctým,"compound ordinals: cardinal prefix + declined ordinal ending, separate words (sto první)"
cs,ordinal,111,neuter,locative,stéjedenáctém,sto jedenáctém,"compound ordinals: cardinal prefix + declined ordinal ending, separate words (sto první)"
cs,ordinal,121,masculine,nominative,stýdvacátýprvní,sto dvacátý první,"compound ordinals: cardinal prefix + declined ordinal ending, separate words (sto první)"
cs,ordinal,121,masculine,genitive,stýdvacátéhoprvního,sto dvacátého prvního,"compound ordinals: cardinal prefix + declined ordinal ending, separate words (sto první)"
cs,ordinal,121,masculine,dative,stýdvacátémuprvnímu,sto dvacátému prvnímu,"compound ordinals: cardinal prefix + declined ordinal ending, separate words (sto první)"
cs,ordinal,121,masculine,accusative,stýdvacátéhoprvního,sto dvacátý první,"compound ordinals: cardinal prefix + declined ordinal ending, separate words (sto první)"
cs,ordinal,121,masculine,instrumental,stýdvacátýmprvním,sto dvacátým prvním,"compound ordinals: cardinal prefix + declined ordinal ending, separate words (sto první)"
cs,ordinal,121,masculine,locative,stýdvacátémprvním,sto dvacátém prvním,"compound ordinals: cardinal prefix + declined ordinal ending, separate words (sto první)"
cs,ordinal,121,feminine,nominative,stádvacátáprvní,sto dvacátá první,"compound ordinals: cardinal prefix + declined ordinal ending, separate words (sto první)"
cs,ordinal,121,feminine,genitive,stádvacátéprvní,sto dvacáté první,"compound ordinals: cardinal prefix + declined ordinal ending, separate words (sto první)"
cs,ordinal,121,feminine,dative,stádvacátéprvní,sto dvacáté první,"compound ordinals: cardinal prefix + declined ordinal ending, separate words (sto první)"
cs,ordinal,121,feminine,accusative,stádvacátouprvní,sto dvacátou první,"compound ordinals: cardinal prefix + declined ordinal ending, separate words (sto první)"
cs,ordinal,121,feminine,instrumental,stádvacátouprvní,sto dvacátou první,"compound ordinals: cardinal prefix + declined ordinal ending, separate words (sto první)"
cs,ordinal,121,feminine,locative,stádvacátéprvní,sto dvacáté první,"compound ordinals: cardinal prefix + declined ordinal ending, separate words (sto první)"
cs,ordinal,121,neuter,nominative,stédvacátéprvní,sto dvacáté první,"compound ordinals: cardinal prefix + declined ordinal ending, separate words (sto první)"
cs,ordinal,121,neuter,genitive,stédvacátéhoprvního,sto dvacátého prvního,"compound ordinals: cardinal prefix + declined ordinal ending, separate words (sto první)"
cs,ordinal,121,neuter,dative,stédvacátémuprvnímu,sto dvacátému prvnímu,"compound ordinals: cardinal prefix + declined ordinal ending, separate words (sto první)"
cs,ordinal,121,neuter,accusative,stédvacátéprvní,sto dvacáté první,"compound ordinals: cardinal prefix + declined ordinal ending, separate words (sto první)"
cs,ordinal,121,neuter,instrumental,stédvacátýmprvním,sto dvacátým prvním,"compound ordinals: cardinal prefix + declined ordinal ending, separate words (sto první)"
cs,ordinal,121,neuter,locative,stédvacátémprvním,sto dvacátém prvním,"compound ordinals: cardinal prefix + declined ordinal ending, separate words (sto první)"
cs,ordinal,200,masculine,accusative,dvoustého,dvoustý,masc. accusative: inanimate by default (animacy= gives the old form)
cs,ordinal,222,masculine,nominative,dvoustýdvacátýdruhý,dvě stě dvacátý druhý,"compound ordinals: cardinal prefix + declined ordinal ending, separate words (sto první)"
cs,ordinal,222,masculine,genitive,dvoustýdvacátéhodruhého,dvě stě dvacátého druhého,"compound ordinals: cardinal prefix + declined ordinal ending, separate words (sto první)"
cs,ordinal,222,masculine,dative,dvoustýdvacátémudruhému,dvě stě dvacátému druhému,"compound ordinals: cardinal prefix + declined ordinal ending, separate words (sto první)"
cs,ordinal,222,masculine,accusative,dvoustýdvacátéhodruhého,dvě stě dvacátý druhý,"compound ordinals: cardinal prefix + declined ordinal ending, separate words (sto první)"
cs,ordinal,222,masculine,instrumental,dvoustýdvacátýmdruhým,dvě stě dvacátým druhým,"compound ordinals: cardinal prefix + declined ordinal ending, separate words (sto první)"
cs,ordinal,222,masculine,locative,dvoustýdvacátémdruhém,dvě stě dvacátém druhém,"compound ordinals: cardinal prefix + declined ordinal ending, separate words (sto první)"
cs,ordinal,222,feminine,nominative,dvoustádvacátádruhá,dvě stě dvacátá druhá,"compound ordinals: cardinal prefix + declined ordinal ending, separate words (sto první)"
cs,ordinal,222,feminine,genitive,dvoustádvacátédruhé,dvě stě dvacáté druhé,"compound ordinals: cardinal prefix + declined ordinal ending, separate words (sto první)"
cs,ordinal,222,feminine,dative,dvoustádvacátédruhé,dvě stě dvacáté druhé,"compound ordinals: cardinal prefix + declined ordinal ending, separate words (sto první)"
cs,ordinal,222,feminine,accusative,dvoustádvacátoudruhou,dvě stě dvacátou druhou,"compound ordinals: cardinal prefix + declined ordinal ending, separate words (sto první)"
cs,ordinal,222,feminine,instrumental,dvoustádvacátoudruhou,dvě stě dvacátou druhou,"compound ordinals: cardinal prefix + declined ordinal ending, separate words (sto první)"
cs,ordinal,222,feminine,locative,dvoustádvacátédruhé,dvě stě dvacáté druhé,"compound ordinals: cardinal prefix + declined ordinal ending, separate words (sto první)"
cs,ordinal,222,neuter,nominative,dvoustédvacátédruhé,dvě stě dvacáté druhé,"compound ordinals: cardinal prefix + declined ordinal ending, separate words (sto první)"
cs,ordinal,222,neuter,genitive,dvoustédvacátéhodruhého,dvě stě dvacátého druhého,"compound ordinals: cardinal prefix + declined ordinal ending, separate words (sto první)"
cs,ordinal,222,neuter,dative,dvoustédvacátémudruhému,dvě stě dvacátému druhému,"compound ordinals: cardinal prefix + declined ordinal ending, separate words (sto první)"
cs,ordinal,222,neuter,accusative,dvoustédvacátédruhé,dvě stě dvacáté druhé,"compound ordinals: cardinal prefix + declined ordinal ending, separate words (sto první)"
cs,ordinal,222,neuter,instrumental,dvoustédvacátýmdruhým,dvě stě dvacátým druhým,"compound ordinals: cardinal prefix + declined ordinal ending, separate words (sto první)"
cs,ordinal,222,neuter,locative,dvoustédvacátémdruhém,dvě stě dvacátém druhém,"compound ordinals: cardinal prefix + declined ordinal ending, separate words (sto první)"
cs,ordinal,300,masculine,accusative,třístého,třístý,masc. accusative: inanimate by default (animacy= gives the old form)
cs,ordinal,333,masculine,nominative,třístýtřicátýtřetí,tři sta třicátý třetí,"compound ordinals: cardinal prefix + declined ordinal ending, separate words (sto první)"
cs,ordinal,333,masculine,genitive,třístýtřicátéhotřetího,tři sta třicátého třetího,"compound ordinals: cardinal prefix + declined ordinal ending, separate words (sto první)"
cs,ordinal,333,masculine,dative,třístýtřicátémutřetímu,tři sta třicátému třetímu,"compound ordinals: cardinal prefix + declined ordinal ending, separate words (sto první)"
cs,ordinal,333,masculine,accusative,třístýtřicátéhotřetího,tři sta třicátý třetí,"compound ordinals: cardinal prefix + declined ordinal ending, separate words (sto první)"
cs,ordinal,333,masculine,instrumental,třístýtřicátýmtřetím,tři sta třicátým třetím,"compound ordinals: cardinal prefix + declined ordinal ending, separate words (sto první)"
cs,ordinal,333,masculine,locative,třístýtřicátémtřetím,tři sta třicátém třetím,"compound ordinals: cardinal prefix + declined ordinal ending, separate words (sto první)"
cs,ordinal,333,feminine,nominative,třístátřicátátřetí,tři sta třicátá třetí,"compound ordinals: cardinal prefix + declined ordinal ending, separate words (sto první)"
cs,ordinal,333,feminine,genitive,třístátřicátétřetí,tři sta třicáté třetí,"compound ordinals: cardinal prefix + declined ordinal ending, separate words (sto první)"
cs,ordinal,333,feminine,dative,třístátřicátétřetí,tři sta třicáté třetí,"compound ordinals: cardinal prefix + declined ordinal ending, separate words (sto první)"
cs,ordinal,333,feminine,accusative,třístátřicátoutřetí,tři sta třicátou třetí,"compound ordinals: cardinal prefix + declined ordinal ending, separate words (sto první)"
cs,ordinal,333,feminine,instrumental,třístátřicátoutřetí,tři sta třicátou třetí,"compound ordinals: cardinal prefix + declined ordinal ending, separate words (sto první)"
cs,ordinal,333,feminine,locative,třístátřicátétřetí,tři sta třicáté třetí,"compound ordinals: cardinal prefix + declined ordinal ending, separate words (sto první)"
cs,ordinal,333,neuter,nominative,třístétřicátétřetí,tři sta třicáté třetí,"compound ordinals: cardinal prefix + declined ordinal ending, separate words (sto první)"
cs,ordinal,333,neuter,genitive,třístétřicátéhotřetího,tři sta třicátého třetího,"compound ordinals: cardinal prefix + declined ordinal ending, separate words (sto první)"
cs,ordinal,333,neuter,dative,třístétřicátémutřetímu,tři sta třicátému třetímu,"compound ordinals: cardinal prefix + declined ordinal ending, separate words (sto první)"
cs,ordinal,333,neuter,accusative,třístétřicátétřetí,tři sta třicáté třetí,"compound ordinals: cardinal prefix + declined ordinal ending, separate words (sto první)"
cs,ordinal,333,neuter,instrumental,třístétřicátýmtřetím,tři sta třicátým třetím,"compound ordinals: cardinal prefix + declined ordinal ending, separate words (sto první)"
cs,ordinal,333,neuter,locative,třístétřicátémtřetím,tři sta třicátém třetím,"compound ordinals: cardinal prefix + declined ordinal ending, separate words (sto první)"
cs,ordinal,400,masculine,accusative,čtyřstého,čtyřstý,masc. accusative: inanimate by default (animacy= gives the old form)
cs,ordinal,444,masculine,nominative,čtyřstýčtyřicátýčtvrtý,čtyři sta čtyřicátý čtvrtý,"compound ordinals: cardinal prefix + declined ordinal ending, separate words (sto první)"
cs,ordinal,444,masculine,genitive,čtyřstýčtyřicátéhočtvrtého,čtyři sta čtyřicátého čtvrtého,"compound ordinals: cardinal prefix + declined ordinal ending, separate words (sto první)"
cs,ordinal,444,masculine,dative,čtyřstýčtyřicátémučtvrtému,čtyři sta čtyřicátému čtvrtému,"compound ordinals: cardinal prefix + declined ordinal ending, separate words (sto první)"
cs,ordinal,444,masculine,accusative,čtyřstýčtyřicátéhočtvrtého,čtyři sta čtyřicátý čtvrtý,"compound ordinals: cardinal prefix + declined ordinal ending, separate words (sto první)"
cs,ordinal,444,masculine,instrumental,čtyřstýčtyřicátýmčtvrtým,čtyři sta čtyřicátým čtvrtým,"compound ordinals: cardinal prefix + declined ordinal ending, separate words (sto první)"
cs,ordinal,444,masculine,locative,čtyřstýčtyřicátémčtvrtém,čtyři sta čtyřicátém čtvrtém,"compound ordinals: cardinal prefix + declined ordinal ending, separate words (sto první)"
cs,ordinal,444,feminine,nominative,čtyřstáčtyřicátáčtvrtá,čtyři sta čtyřicátá čtvrtá,"compound ordinals: cardinal prefix + declined ordinal ending, separate words (sto první)"
cs,ordinal,444,feminine,genitive,čtyřstáčtyřicátéčtvrté,čtyři sta čtyřicáté čtvrté,"compound ordinals: cardinal prefix + declined ordinal ending, separate words (sto první)"
cs,ordinal,444,feminine,dative,čtyřstáčtyřicátéčtvrté,čtyři sta čtyřicáté čtvrté,"compound ordinals: cardinal prefix + declined ordinal ending, separate words (sto první)"
cs,ordinal,444,feminine,accusative,čtyřstáčtyřicátoučtvrtou,čtyři sta čtyřicátou čtvrtou,"compound ordinals: cardinal prefix + declined ordinal ending, separate words (sto první)"
cs,ordinal,444,feminine,instrumental,čtyřstáčtyřicátoučtvrtou,čtyři sta čtyřicátou čtvrtou,"compound ordinals: cardinal prefix + declined ordinal ending, separate words (sto první)"
cs,ordinal,444,feminine,locative,čtyřstáčtyřicátéčtvrté,čtyři sta čtyřicáté čtvrté,"compound ordinals: cardinal prefix + declined ordinal ending, separate words (sto první)"
cs,ordinal,444,neuter,nominative,čtyřstéčtyřicátéčtvrté,čtyři sta čtyřicáté čtvrté,"compound ordinals: cardinal prefix + declined ordinal ending, separate words (sto první)"
cs,ordinal,444,neuter,genitive,čtyřstéčtyřicátéhočtvrtého,čtyři sta čtyřicátého čtvrtého,"compound ordinals: cardinal prefix + declined ordinal ending, separate words (sto první)"
cs,ordinal,444,neuter,dative,čtyřstéčtyřicátémučtvrtému,čtyři sta čtyřicátému čtvrtému,"compound ordinals: cardinal prefix + declined ordinal ending, separate words (sto první)"
cs,ordinal,444,neuter,accusative,čtyřstéčtyřicátéčtvrté,čtyři sta čtyřicáté čtvrté,"compound ordinals: cardinal prefix + declined ordinal ending, separate words (sto první)"
cs,ordinal,444,neuter,instrumental,čtyřstéčtyřicátýmčtvrtým,čtyři sta čtyřicátým čtvrtým,"compound ordinals: cardinal prefix + declined ordinal ending, separate words (sto první)"
cs,ordinal,444,neuter,locative,čtyřstéčtyřicátémčtvrtém,čtyři sta čtyřicátém čtvrtém,"compound ordinals: cardinal prefix + declined ordinal ending, separate words (sto první)"
cs,ordinal,500,masculine,accusative,pětistého,pětistý,masc. accusative: inanimate by default (animacy= gives the old form)
cs,ordinal,600,masculine,accusative,šestistého,šestistý,masc. accusative: inanimate by default (animacy= gives the old form)
cs,ordinal,700,masculine,accusative,sedmistého,sedmistý,masc. accusative: inanimate by default (animacy= gives the old form)
cs,ordinal,800,masculine,accusative,osmistého,osmistý,masc. accusative: inanimate by default (animacy= gives the old form)
cs,ordinal,900,masculine,accusative,devítistého,devítistý,masc. accusative: inanimate by default (animacy= gives the old form)
cs,ordinal,1000,masculine,accusative,tisícího,tisící,masc. accusative: inanimate by default (animacy= gives the old form)
cs,ordinal,1001,masculine,nominative,tisícíprvní,tisíc první,"compound ordinals: cardinal prefix + declined ordinal ending, separate words (sto první)"
cs,ordinal,1001,masculine,genitive,tisícíprvního,tisíc prvního,"compound ordinals: cardinal prefix + declined ordinal ending, separate words (sto první)"
cs,ordinal,1001,masculine,dative,tisícíprvnímu,tisíc prvnímu,"compound ordinals: cardinal prefix + declined ordinal ending, separate words (sto první)"
cs,ordinal,1001,masculine,accusative,tisícíprvního,tisíc první,"compound ordinals: cardinal prefix + declined ordinal ending, separate words (sto první)"
cs,ordinal,1001,masculine,instrumental,tisícíprvním,tisíc prvním,"compound ordinals: cardinal prefix + declined ordinal ending, separate words (sto první)"
cs,ordinal,1001,masculine,locative,tisícíprvním,tisíc prvním,"compound ordinals: cardinal prefix + declined ordinal ending, separate words (sto první)"
cs,ordinal,1001,feminine,nominative,tisícíprvní,tisíc první,"compound ordinals: cardinal prefix + declined ordinal ending, separate words (sto první)"
cs,ordinal,1001,feminine,genitive,tisícíprvní,tisíc první,"compound ordinals: cardinal prefix + declined ordinal ending, separate words (sto první)"
cs,ordinal,1001,feminine,dative,tisícíprvní,tisíc první,"compound ordinals: cardinal prefix + declined ordinal ending, separate words (sto první)"
cs,ordinal,1001,feminine,accusative,tisícíprvní,tisíc první,"compound ordinals: cardinal prefix + declined ordinal ending, separate words (sto první)"
cs,ordinal,1001,feminine,instrumental,tisícíprvní,tisíc první,"compound ordinals: cardinal prefix + declined ordinal ending, separate words (sto první)"
cs,ordinal,1001,feminine,locative,tisícíprvní,tisíc první,"compound ordinals: cardinal prefix + declined ordinal ending, separate words (sto první)"
cs,ordinal,1001,neuter,nominative,tisícíprvní,tisíc první,"compound ordinals: cardinal prefix + declined ordinal ending, separate words (sto první)"
cs,ordinal,1001,neuter,genitive,tisícíprvního,tisíc prvního,"compound ordinals: cardinal prefix + declined ordinal ending, separate words (sto první)"
cs,ordinal,1001,neuter,dative,tisícíprvnímu,tisíc prvnímu,"compound ordinals: cardinal prefix + declined ordinal ending, separate words (sto první)"
cs,ordinal,1001,neuter,accusative,tisícíprvní,tisíc první,"compound ordinals: cardinal prefix + declined ordinal ending, separate words (sto první)"
cs,ordinal,1001,neuter,instrumental,tisícíprvním,tisíc prvním,"compound ordinals: cardinal prefix + declined ordinal ending, separate words (sto první)"
cs,ordinal,1001,neuter,locative,tisícíprvním,tisíc prvním,"compound ordinals: cardinal prefix + declined ordinal ending, separate words (sto první)"
cs,ordinal,1111,masculine,nominative,tisícístýjedenáctý,tisíc sto jedenáctý,"compound ordinals: cardinal prefix + declined ordinal ending, separate words (sto první)"
cs,ordinal,1111,masculine,genitive,tisícístýjedenáctého,tisíc sto jedenáctého,"compound ordinals: cardinal prefix + declined ordinal ending, separate words (sto první)"
cs,ordinal,1111,masculine,dative,tisícístýjedenáctému,tisíc sto jedenáctému,"compound ordinals: cardinal prefix + declined ordinal ending, separate words (sto první)"
cs,ordinal,1111,masculine,accusative,tisícístýjedenáctého,tisíc sto jedenáctý,"compound ordinals: cardinal prefix + declined ordinal ending, separate words (sto první)"
cs,ordinal,1111,masculine,instrumental,tisícístýjedenáctým,tisíc sto jedenáctým,"compound ordinals: cardinal prefix + declined ordinal ending, separate words (sto první)"
cs,ordinal,1111,masculine,locative,tisícístýjedenáctém,tisíc sto jedenáctém,"compound ordinals: cardinal prefix + declined ordinal ending, separate words (sto první)"
cs,ordinal,1111,feminine,nominative,tisícístájedenáctá,tisíc sto jedenáctá,"compound ordinals: cardinal prefix + declined ordinal ending, separate words (sto první)"
cs,ordinal,1111,feminine,genitive,tisícístájedenácté,tisíc sto jedenácté,"compound ordinals: cardinal prefix + declined ordinal ending, separate words (sto první)"
cs,ordinal,1111,feminine,dative,tisícístájedenácté,tisíc sto jedenácté,"compound ordinals: cardinal prefix + declined ordinal ending, separate words (sto první)"
cs,ordinal,1111,feminine,accusative,tisícístájedenáctou,tisíc sto jedenáctou,"compound ordinals: cardinal prefix + declined ordinal ending, separate words (sto první)"
cs,ordinal,1111,feminine,instrumental,tisícístájedenáctou,tisíc sto jedenáctou,"compound ordinals: cardinal prefix + declined ordinal ending, separate words (sto první)"
cs,ordinal,1111,feminine,locative,tisícístájedenácté,tisíc sto jedenácté,"compound ordinals: cardinal prefix + declined ordinal ending, separate words (sto první)"
cs,ordinal,1111,neuter,nominative,tisícístéjedenácté,tisíc sto jedenácté,"compound ordinals: cardinal prefix + declined ordinal ending, separate words (sto první)"
cs,ordinal,1111,neuter,genitive,tisícístéjedenáctého,tisíc sto jedenáctého,"compound ordinals: cardinal prefix + declined ordinal ending, separate words (sto první)"
cs,ordinal,1111,neuter,dative,tisícístéjedenáctému,tisíc sto jedenáctému,"compound ordinals: cardinal prefix + declined ordinal ending, separate words (sto první)"
cs,ordinal,1111,neuter,accusative,tisícístéjedenácté,tisíc sto jedenácté,"compound ordinals: cardinal prefix + declined ordinal ending, separate words (sto první)"
cs,ordinal,1111,neuter,instrumental,tisícístéjedenáctým,tisíc sto jedenáctým,"compound ordinals: cardinal prefix + declined ordinal ending, separate words (sto první)"
cs,ordinal,1111,neuter,locative,tisícístéjedenáctém,tisíc sto jedenáctém,"compound ordinals: cardinal prefix + declined ordinal ending, separate words (sto první)"
cs,ordinal,2000,masculine,accusative,dvoutisícího,dvoutisící,masc. accusative: inanimate by default (animacy= gives the old form)
cs,ordinal,2222,masculine,nominative,dvoutisícídvoustýdvacátýdruhý,dva tisíce dvě stě dvacátý druhý,"compound ordinals: cardinal prefix + declined ordinal ending, separate words (sto první)"
cs,ordinal,2222,masculine,genitive,dvoutisícídvoustýdvacátéhodruhého,dva tisíce dvě stě dvacátého druhého,"compound ordinals: cardinal prefix + declined ordinal ending, separate words (sto první)"
cs,ordinal,2222,masculine,dative,dvoutisícídvoustýdvacátémudruhému,dva tisíce dvě stě dvacátému druhému,"compound ordinals: cardinal prefix + declined ordinal ending, separate words (sto první)"
cs,ordinal,2222,masculine,accusative,dvoutisícídvoustýdvacátéhodruhého,dva tisíce dvě stě dvacátý druhý,"compound ordinals: cardinal prefix + declined ordinal ending, separate words (sto první)"
cs,ordinal,2222,masculine,instrumental,dvoutisícídvoustýdvacátýmdruhým,dva tisíce dvě stě dvacátým druhým,"compound ordinals: cardinal prefix + declined ordinal ending, separate words (sto první)"
cs,ordinal,2222,masculine,locative,dvoutisícídvoustýdvacátémdruhém,dva tisíce dvě stě dvacátém druhém,"compound ordinals: cardinal prefix + declined ordinal ending, separate words (sto první)"
cs,ordinal,2222,feminine,nominative,dvoutisícídvoustádvacátádruhá,dva tisíce dvě stě dvacátá druhá,"compound ordinals: cardinal prefix + declined ordinal ending, separate words (sto první)"
cs,ordinal,2222,feminine,genitive,dvoutisícídvoustádvacátédruhé,dva tisíce dvě stě dvacáté druhé,"compound ordinals: cardinal prefix + declined ordinal ending, separate words (sto první)"
cs,ordinal,2222,feminine,dative,dvoutisícídvoustádvacátédruhé,dva tisíce dvě stě dvacáté druhé,"compound ordinals: cardinal prefix + declined ordinal ending, separate words (sto první)"
cs,ordinal,2222,feminine,accusative,dvoutisícídvoustádvacátoudruhou,dva tisíce dvě stě dvacátou druhou,"compound ordinals: cardinal prefix + declined ordinal ending, separate words (sto první)"
cs,ordinal,2222,feminine,instrumental,dvoutisícídvoustádvacátoudruhou,dva tisíce dvě stě dvacátou druhou,"compound ordinals: cardinal prefix + declined ordinal ending, separate words (sto první)"
cs,ordinal,2222,feminine,locative,dvoutisícídvoustádvacátédruhé,dva tisíce dvě stě dvacáté druhé,"compound ordinals: cardinal prefix + declined ordinal ending, separate words (sto první)"
cs,ordinal,2222,neuter,nominative,dvoutisícídvoustédvacátédruhé,dva tisíce dvě stě dvacáté druhé,"compound ordinals: cardinal prefix + declined ordinal ending, separate words (sto první)"
cs,ordinal,2222,neuter,genitive,dvoutisícídvoustédvacátéhodruhého,dva tisíce dvě stě dvacátého druhého,"compound ordinals: cardinal prefix + declined ordinal ending, separate words (sto první)"
cs,ordinal,2222,neuter,dative,dvoutisícídvoustédvacátémudruhému,dva tisíce dvě stě dvacátému druhému,"compound ordinals: cardinal prefix + declined ordinal ending, separate words (sto první)"
cs,ordinal,2222,neuter,accusative,dvoutisícídvoustédvacátédruhé,dva tisíce dvě stě dvacáté druhé,"compound ordinals: cardinal prefix + declined ordinal ending, separate words (sto první)"
cs,ordinal,2222,neuter,instrumental,dvoutisícídvoustédvacátýmdruhým,dva tisíce dvě stě dvacátým druhým,"compound ordinals: cardinal prefix + declined ordinal ending, separate words (sto první)"
cs,ordinal,2222,neuter,locative,dvoutisícídvoustédvacátémdruhém,dva tisíce dvě stě dvacátém druhém,"compound ordinals: cardinal prefix + declined ordinal ending, separate words (sto první)"
cs,ordinal,3000,masculine,accusative,třítisícího,třítisící,masc. accusative: inanimate by default (animacy= gives the old form)
cs,ordinal,5000,masculine,accusative,pětitisícího,pětitisící,masc. accusative: inanimate by default (animacy= gives the old form)
cs,ordinal,10000,masculine,nominative,desettisící,desetitisící,multiplied ordinals use the combining form (desetitisící)
cs,ordinal,10000,masculine,genitive,desettisícího,desetitisícího,multiplied ordinals use the combining form (desetitisící)
cs,ordinal,10000,masculine,dative,desettisícímu,desetitisícímu,multiplied ordinals use the combining form (desetitisící)
cs,ordinal,10000,masculine,accusative,desettisícího,desetitisící,multiplied ordinals use the combining form (desetitisící)
cs,ordinal,10000,masculine,instrumental,desettisícím,desetitisícím,multiplied ordinals use the combining form (desetitisící)
cs,ordinal,10000,masculine,locative,desettisícím,desetitisícím,multiplied ordinals use the combining form (desetitisící)
cs,ordinal,10000,feminine,nominative,desettisící,desetitisící,multiplied ordinals use the combining form (desetitisící)
cs,ordinal,10000,feminine,genitive,desettisící,desetitisící,multiplied ordinals use the combining form (desetitisící)
cs,ordinal,10000,feminine,dative,desettisící,desetitisící,multiplied ordinals use the combining form (desetitisící)
cs,ordinal,10000,feminine,accusative,desettisící,desetitisící,multiplied ordinals use the combining form (desetitisící)
cs,ordinal,10000,feminine,instrumental,desettisící,desetitisící,multiplied ordinals use the combining form (desetitisící)
cs,ordinal,10000,feminine,locative,desettisící,desetitisící,multiplied ordinals use the combining form (desetitisící)
cs,ordinal,10000,neuter,nominative,desettisící,desetitisící,multiplied ordinals use the combining form (desetitisící)
cs,ordinal,10000,neuter,genitive,desettisícího,desetitisícího,multiplied ordinals use the combining form (desetitisící)
cs,ordinal,10000,neuter,dative,desettisícímu,desetitisícímu,multiplied ordinals use the combining form (desetitisící)
cs,ordinal,10000,neuter,accusative,desettisící,desetitisící,multiplied ordinals use the combining form (desetitisící)
cs,ordinal,10000,neuter,instrumental,desettisícím,desetitisícím,multiplied ordinals use the combining form (desetitisící)
cs,ordinal,10000,neuter,locative,desettisícím,desetitisícím,multiplied ordinals use the combining form (desetitisící)
cs,ordinal,100000,masculine,accusative,stotisícího,stotisící,masc. accusative: inanimate by default (animacy= gives the old form)
cs,ordinal,1000000,masculine,accusative,miliontého,miliontý,masc. accusative: inanimate by default (animacy= gives the old form)
cs,ordinal,1000001,masculine,nominative,miliontýprvní,milion první,"compound ordinals: cardinal prefix + declined ordinal ending, separate words (sto první)"
cs,ordinal,1000001,masculine,genitive,miliontýprvního,milion prvního,"compound ordinals: cardinal prefix + declined ordinal ending, separate words (sto první)"
cs,ordinal,1000001,masculine,dative,miliontýprvnímu,milion prvnímu,"compound ordinals: cardinal prefix + declined ordinal ending, separate words (sto první)"
cs,ordinal,1000001,masculine,accusative,miliontýprvního,milion první,"compound ordinals: cardinal prefix + declined ordinal ending, separate words (sto první)"
cs,ordinal,1000001,masculine,instrumental,miliontýprvním,milion prvním,"compound ordinals: cardinal prefix + declined ordinal ending, separate words (sto první)"
cs,ordinal,1000001,masculine,locative,miliontýprvním,milion prvním,"compound ordinals: cardinal prefix + declined ordinal ending, separate words (sto první)"
cs,ordinal,1000001,feminine,nominative,miliontáprvní,milion první,"compound ordinals: cardinal prefix + declined ordinal ending, separate words (sto první)"
cs,ordinal,1000001,feminine,genitive,miliontáprvní,milion první,"compound ordinals: cardinal prefix + declined ordinal ending, separate words (sto první)"
cs,ordinal,1000001,feminine,dative,miliontáprvní,milion první,"compound ordinals: cardinal prefix + declined ordinal ending, separate words (sto první)"
cs,ordinal,1000001,feminine,accusative,miliontáprvní,milion první,"compound ordinals: cardinal prefix + declined ordinal ending, separate words (sto první)"
cs,ordinal,1000001,feminine,instrumental,miliontáprvní,milion první,"compound ordinals: cardinal prefix + declined ordinal ending, separate words (sto první)"
cs,ordinal,1000001,feminine,locative,miliontáprvní,milion první,"compound ordinals: cardinal prefix + declined ordinal ending, separate words (sto první)"
cs,ordinal,1000001,neuter,nominative,miliontéprvní,milion první,"compound ordinals: cardinal prefix + declined ordinal ending, separate words (sto první)"
cs,ordinal,1000001,neuter,genitive,miliontéprvního,milion prvního,"compound ordinals: cardinal prefix + declined ordinal ending, separate words (sto první)"
cs,ordinal,1000001,neuter,dative,miliontéprvnímu,milion prvnímu,"compound ordinals: cardinal prefix + declined ordinal ending, separate words (sto první)"
cs,ordinal,1000001,neuter,accusative,miliontéprvní,milion první,"compound ordinals: cardinal prefix + declined ordinal ending, separate words (sto první)"
cs,ordinal,1000001,neuter,instrumental,miliontéprvním,milion prvním,"compound ordinals: cardinal prefix + declined ordinal ending, separate words (sto první)"
cs,ordinal,1000001,neuter,locative,miliontéprvním,milion prvním,"compound ordinals: cardinal prefix + declined ordinal ending, separate words (sto první)"
cs,ordinal,2000000,masculine,accusative,dvoumiliontého,dvoumiliontý,masc. accusative: inanimate by default (animacy= gives the old form)
cs,ordinal,1000000000,masculine,accusative,miliardtého,miliardtý,masc. accusative: inanimate by default (animacy= gives the old form)
cs,ordinal,2000000000,masculine,accusative,dvoumiliardtého,dvoumiliardtý,masc. accusative: inanimate by default (animacy= gives the old form)
